"time","device_id","air_temperature","air_humidity","light","soil_temperature","soil_moisture","soil_ph","soil_ec","soil_nitrogen","soil_phosphorus","soil_potassium"
"2026-04-20 21:50:54.694088","collector_001",25.3,25.4,3192.0,23.1,17.7,7.2,175.0,7.0,12.0,28.0
"2026-04-20 21:51:14.699595","collector_001",25.3,25.5,3297.0,23.1,17.7,7.2,175.0,7.0,12.0,28.0
"2026-04-20 21:51:57.713562","collector_001",25.3,25.4,3235.0,23.1,17.7,7.2,175.0,7.0,12.0,28.0
"2026-04-20 21:54:49.211244","collector_001",25.8,25.3,2893.0,23.1,17.8,7.2,176.0,7.0,12.0,28.0
"2026-04-20 22:01:26.235737","collector_001",21.0,26.1,93.0,23.1,17.6,7.3,175.0,7.0,12.0,28.0
"2026-04-20 22:06:28.913244","collector_001",21.5,21.8,1.0,22.7,17.9,7.3,180.0,8.0,12.0,29.0
"2026-04-20 22:11:30.454232","collector_001",21.5,24.3,1.0,21.9,18.1,7.3,185.0,8.0,13.0,30.0
"2026-04-20 22:16:32.202229","collector_001",21.1,22.1,1.0,21.3,18.3,7.3,192.0,8.0,13.0,31.0
"2026-04-20 22:21:33.65975","collector_001",21.3,22.8,1.0,20.7,18.5,7.3,198.0,9.0,13.0,32.0
"2026-04-20 22:26:34.962747","collector_001",20.8,23.7,1.0,20.3,18.7,7.2,210.0,9.0,14.0,34.0
"2026-04-20 22:31:36.183245","collector_001",20.9,23.1,1.0,19.9,18.8,7.2,222.0,10.0,15.0,36.0
"2026-04-20 22:36:37.796267","collector_001",20.7,21.8,1.0,19.5,18.9,7.1,231.0,10.0,16.0,37.0
"2026-04-20 22:41:39.265258","collector_001",20.7,24.2,1.0,19.2,19.0,7.1,237.0,11.0,16.0,38.0
"2026-04-20 22:46:41.250226","collector_001",20.4,21.6,1.0,19.0,19.0,7.1,242.0,11.0,17.0,39.0
"2026-04-20 22:51:42.799261","collector_001",19.5,22.7,1.0,18.8,19.1,7.1,245.0,11.0,17.0,39.0
"2026-04-20 22:56:43.968257","collector_001",19.1,24.7,1.0,18.6,19.1,7.1,247.0,11.0,17.0,40.0
"2026-04-20 23:01:45.483234","collector_001",19.4,25.7,1.0,18.4,19.2,7.1,248.0,11.0,17.0,40.0
"2026-04-20 23:06:46.608229","collector_001",19.3,25.7,0.0,18.3,19.2,7.1,248.0,11.0,17.0,40.0
"2026-04-20 23:11:47.766253","collector_001",20.0,25.4,0.0,18.1,19.2,7.1,248.0,11.0,17.0,40.0
"2026-04-20 23:16:48.830233","collector_001",20.1,25.5,0.0,17.9,19.2,7.1,248.0,11.0,17.0,40.0
"2026-04-20 23:21:49.992233","collector_001",20.3,25.6,0.0,17.8,19.2,7.1,248.0,11.0,17.0,40.0
"2026-04-20 23:26:51.464227","collector_001",20.4,28.7,0.0,17.7,19.3,7.1,248.0,11.0,17.0,40.0
"2026-04-20 23:31:52.635255","collector_001",19.8,27.3,0.0,17.7,19.3,7.0,248.0,11.0,17.0,40.0
"2026-04-20 23:36:53.678234","collector_001",19.7,28.5,0.0,17.6,19.3,7.0,248.0,11.0,17.0,40.0
"2026-04-20 23:41:54.913225","collector_001",19.8,27.7,0.0,17.6,19.3,7.0,247.0,11.0,17.0,40.0
"2026-04-20 23:46:56.270229","collector_001",19.9,28.0,0.0,17.5,19.3,7.0,247.0,11.0,17.0,40.0
"2026-04-20 23:51:57.671226","collector_001",20.3,27.5,0.0,17.5,19.3,7.0,246.0,11.0,17.0,40.0
"2026-04-20 23:56:59.101238","collector_001",20.3,28.4,0.0,17.4,19.3,7.0,246.0,11.0,17.0,40.0
"2026-04-21 00:02:00.428329","collector_001",20.5,27.5,0.0,17.4,19.3,7.0,246.0,11.0,17.0,40.0
"2026-04-21 00:07:01.90724","collector_001",20.7,27.7,0.0,17.4,19.4,7.0,245.0,11.0,17.0,39.0
"2026-04-21 00:12:03.090251","collector_001",20.6,27.7,0.0,17.4,19.4,7.0,245.0,11.0,17.0,39.0
"2026-04-21 00:17:04.364233","collector_001",20.5,28.2,0.0,17.4,19.4,7.0,245.0,11.0,17.0,39.0
"2026-04-21 00:22:05.797411","collector_001",20.1,28.7,0.0,17.3,19.4,7.0,245.0,11.0,17.0,39.0
"2026-04-21 00:27:07.245226","collector_001",19.9,29.2,0.0,17.3,19.4,7.0,244.0,11.0,17.0,39.0
"2026-04-21 00:32:08.925263","collector_001",20.0,29.2,0.0,17.3,19.4,7.0,244.0,11.0,17.0,39.0
"2026-04-21 00:37:10.130233","collector_001",20.5,28.6,0.0,17.2,19.4,7.0,244.0,11.0,17.0,39.0
"2026-04-21 00:42:11.465258","collector_001",20.4,30.3,0.0,17.2,19.4,7.0,243.0,11.0,17.0,39.0
"2026-04-21 00:47:12.957232","collector_001",20.5,28.5,0.0,17.2,19.4,7.0,243.0,11.0,17.0,39.0
"2026-04-21 00:52:14.477226","collector_001",20.6,28.5,0.0,17.2,19.4,7.0,243.0,11.0,17.0,39.0
"2026-04-21 00:57:15.915256","collector_001",20.6,28.8,0.0,17.2,19.4,7.0,243.0,11.0,17.0,39.0
"2026-04-21 01:02:17.257918","collector_001",20.7,28.9,0.0,17.2,19.4,7.0,243.0,11.0,17.0,39.0
"2026-04-21 01:07:18.602929","collector_001",20.8,29.2,0.0,17.2,19.4,7.0,243.0,11.0,17.0,39.0
"2026-04-21 01:12:20.262929","collector_001",20.7,28.7,0.0,17.2,19.4,7.0,243.0,11.0,17.0,39.0
"2026-04-21 01:17:21.656925","collector_001",20.4,30.1,0.0,17.2,19.4,7.0,243.0,11.0,17.0,39.0
"2026-04-21 01:22:22.961946","collector_001",20.6,29.2,0.0,17.2,19.4,7.0,243.0,11.0,17.0,39.0
"2026-04-21 01:27:24.461931","collector_001",20.7,29.3,0.0,17.2,19.4,7.0,243.0,11.0,17.0,39.0
"2026-04-21 01:32:25.947936","collector_001",20.8,28.9,0.0,17.2,19.4,7.0,243.0,11.0,17.0,39.0
"2026-04-21 01:37:27.44392","collector_001",20.7,28.6,0.0,17.2,19.4,7.0,243.0,11.0,17.0,39.0
"2026-04-21 01:42:28.865924","collector_001",20.7,34.5,0.0,17.2,19.5,7.0,243.0,11.0,17.0,39.0
"2026-04-21 01:47:30.340935","collector_001",20.2,28.8,0.0,17.2,19.5,7.0,242.0,11.0,17.0,39.0
"2026-04-21 01:52:31.681924","collector_001",20.3,28.4,0.0,17.2,19.5,7.0,242.0,11.0,17.0,39.0
"2026-04-21 01:57:33.21492","collector_001",20.3,28.4,0.0,17.2,19.4,7.0,242.0,11.0,17.0,39.0
"2026-04-21 02:02:34.614927","collector_001",20.3,28.6,0.0,17.2,19.4,7.0,242.0,11.0,17.0,39.0
"2026-04-21 02:07:35.858926","collector_001",19.6,30.8,0.0,17.1,19.5,7.0,242.0,11.0,17.0,39.0
"2026-04-21 02:12:37.208951","collector_001",19.3,29.0,0.0,17.1,19.5,7.0,241.0,11.0,16.0,39.0
"2026-04-21 02:17:38.542918","collector_001",19.3,29.6,0.0,17.1,19.4,7.0,241.0,11.0,16.0,39.0
"2026-04-21 02:22:39.816916","collector_001",19.3,29.0,0.0,17.0,19.4,7.0,240.0,11.0,16.0,39.0
"2026-04-21 02:27:41.305442","collector_001",19.7,28.5,0.0,16.9,19.4,7.0,240.0,11.0,16.0,39.0
"2026-04-21 02:32:42.79145","collector_001",19.6,28.4,0.0,16.9,19.4,7.0,240.0,11.0,16.0,39.0
"2026-04-21 02:37:44.068924","collector_001",19.7,28.4,0.0,16.9,19.4,7.0,239.0,11.0,16.0,38.0
"2026-04-21 02:42:45.528931","collector_001",19.7,28.4,0.0,16.8,19.4,7.0,239.0,11.0,16.0,38.0
"2026-04-21 02:47:46.943924","collector_001",20.0,28.0,0.0,16.8,19.5,7.0,239.0,11.0,16.0,38.0
"2026-04-21 02:52:48.318924","collector_001",20.1,28.2,0.0,16.8,19.5,7.0,239.0,11.0,16.0,38.0
"2026-04-21 02:57:49.756446","collector_001",20.2,28.1,0.0,16.8,19.4,7.0,239.0,11.0,16.0,38.0
"2026-04-21 03:02:50.957925","collector_001",20.2,28.2,0.0,16.8,19.5,7.0,238.0,11.0,16.0,38.0
"2026-04-21 03:07:52.321929","collector_001",20.3,28.4,0.0,16.8,19.4,7.0,239.0,11.0,16.0,38.0
"2026-04-21 03:12:53.767943","collector_001",20.3,28.5,0.0,16.8,19.5,7.0,239.0,11.0,16.0,38.0
"2026-04-21 03:17:55.530936","collector_001",20.3,28.3,0.0,16.7,19.5,7.0,239.0,11.0,16.0,38.0
"2026-04-21 03:22:56.592925","collector_001",20.4,29.1,0.0,16.8,19.5,7.0,239.0,11.0,16.0,38.0
"2026-04-21 03:27:57.917496","collector_001",20.4,29.2,0.0,16.8,19.5,7.0,240.0,11.0,16.0,39.0
"2026-04-21 03:32:59.362918","collector_001",20.5,29.3,0.0,16.8,19.5,7.0,239.0,11.0,16.0,38.0
"2026-04-21 03:38:00.766434","collector_001",20.5,29.3,0.0,16.8,19.5,7.0,239.0,11.0,16.0,38.0
"2026-04-21 03:43:02.172956","collector_001",20.5,29.4,0.0,16.8,19.5,7.0,240.0,11.0,16.0,39.0
"2026-04-21 03:48:03.45295","collector_001",20.6,29.3,0.0,16.8,19.5,7.0,240.0,11.0,16.0,39.0
"2026-04-21 03:53:04.785927","collector_001",20.6,29.4,0.0,16.8,19.5,7.0,240.0,11.0,16.0,39.0
"2026-04-21 03:58:06.08592","collector_001",20.5,29.7,0.0,16.8,19.5,7.0,240.0,11.0,16.0,39.0
"2026-04-21 04:03:07.212085","collector_001",20.6,30.0,0.0,16.8,19.5,7.0,240.0,11.0,16.0,39.0
"2026-04-21 04:08:08.373071","collector_001",20.7,30.1,0.0,16.8,19.5,7.0,240.0,11.0,16.0,39.0
"2026-04-21 04:13:09.549071","collector_001",20.6,29.8,0.0,16.8,19.6,7.0,240.0,11.0,16.0,39.0
"2026-04-21 04:18:10.712076","collector_001",20.6,30.1,0.0,16.9,19.6,7.0,241.0,11.0,16.0,39.0
"2026-04-21 04:23:11.934574","collector_001",20.6,30.1,0.0,16.9,19.6,7.0,241.0,11.0,16.0,39.0
"2026-04-21 04:28:13.164078","collector_001",20.6,30.5,0.0,16.9,19.6,7.0,241.0,11.0,16.0,39.0
"2026-04-21 04:33:14.386078","collector_001",20.6,30.7,0.0,16.9,19.6,7.0,241.0,11.0,16.0,39.0
"2026-04-21 04:38:15.628127","collector_001",20.6,30.5,0.0,16.9,19.5,7.0,240.0,11.0,16.0,39.0
"2026-04-21 04:43:16.785069","collector_001",20.5,30.6,0.0,16.9,19.6,7.0,240.0,11.0,16.0,39.0
"2026-04-21 04:48:18.067107","collector_001",20.5,30.7,1.0,16.8,19.5,7.0,240.0,11.0,16.0,39.0
"2026-04-21 04:53:19.449075","collector_001",20.5,30.9,1.0,16.9,19.6,7.0,240.0,11.0,16.0,39.0
"2026-04-21 04:58:20.926086","collector_001",20.6,31.1,1.0,16.8,19.6,7.0,241.0,11.0,16.0,39.0
"2026-04-21 05:03:22.301103","collector_001",20.6,30.9,1.0,16.8,19.6,7.0,241.0,11.0,16.0,39.0
"2026-04-21 05:08:23.783069","collector_001",20.6,30.9,1.0,16.9,19.6,7.0,241.0,11.0,16.0,39.0
"2026-04-21 05:13:25.202607","collector_001",20.6,31.0,1.0,16.9,19.6,7.0,241.0,11.0,16.0,39.0
"2026-04-21 05:18:26.528093","collector_001",20.5,31.3,1.0,16.9,19.6,7.0,241.0,11.0,16.0,39.0
"2026-04-21 05:23:27.880104","collector_001",20.5,31.4,1.0,16.9,19.6,7.0,241.0,11.0,16.0,39.0
"2026-04-21 05:28:29.090071","collector_001",20.5,31.6,2.0,16.9,19.6,7.0,241.0,11.0,16.0,39.0
"2026-04-21 05:33:30.564084","collector_001",20.6,31.5,4.0,16.9,19.6,7.0,241.0,11.0,16.0,39.0
"2026-04-21 05:38:32.060073","collector_001",20.5,33.3,12.0,16.8,19.6,7.0,241.0,11.0,16.0,39.0
"2026-04-21 05:43:33.5231","collector_001",20.6,31.7,25.0,16.9,19.6,7.0,241.0,11.0,16.0,39.0
"2026-04-21 05:48:35.507123","collector_001",20.6,32.0,48.0,16.9,19.6,7.0,242.0,11.0,17.0,39.0
"2026-04-21 05:53:37.210075","collector_001",20.6,32.1,86.0,16.9,19.6,7.0,241.0,11.0,16.0,39.0
"2026-04-21 05:58:38.775137","collector_001",20.5,32.2,139.0,16.9,19.6,7.0,241.0,11.0,16.0,39.0
"2026-04-21 06:03:40.532076","collector_001",20.5,32.5,200.0,16.9,19.6,7.0,241.0,11.0,16.0,39.0
"2026-04-21 06:08:42.367076","collector_001",20.6,32.4,288.0,16.9,19.6,7.0,242.0,11.0,17.0,39.0
"2026-04-21 06:13:44.034133","collector_001",20.6,32.1,380.0,16.9,19.6,7.0,242.0,11.0,17.0,39.0
"2026-04-21 06:18:45.903074","collector_001",20.5,32.7,482.0,16.9,19.6,7.0,242.0,11.0,17.0,39.0
"2026-04-21 06:23:47.525643","collector_001",20.6,32.3,578.0,16.9,19.6,7.0,242.0,11.0,17.0,39.0
"2026-04-21 06:28:49.180076","collector_001",20.6,32.3,674.0,16.9,19.6,7.0,242.0,11.0,17.0,39.0
"2026-04-21 06:33:50.90108","collector_001",20.6,32.3,778.0,16.9,19.6,7.0,242.0,11.0,17.0,39.0
"2026-04-21 06:38:52.605075","collector_001",20.6,32.1,878.0,16.9,19.6,7.0,242.0,11.0,17.0,39.0
"2026-04-21 06:43:54.312078","collector_001",20.6,32.1,968.0,16.9,19.6,7.0,242.0,11.0,17.0,39.0
"2026-04-21 06:48:55.893598","collector_001",20.6,32.3,1058.0,16.9,19.6,7.0,242.0,11.0,17.0,39.0
"2026-04-21 06:53:57.33108","collector_001",20.5,32.2,1156.0,16.9,19.6,7.0,242.0,11.0,17.0,39.0
"2026-04-21 06:58:59.321093","collector_001",20.6,33.2,1242.0,16.9,19.6,7.0,242.0,11.0,17.0,39.0
"2026-04-21 07:04:00.86226","collector_001",20.5,32.2,1313.0,16.9,19.6,7.0,242.0,11.0,17.0,39.0
"2026-04-21 07:09:02.579256","collector_001",20.5,32.2,1382.0,16.9,19.6,7.0,243.0,11.0,17.0,39.0
"2026-04-21 07:14:04.326256","collector_001",20.5,32.2,1455.0,16.9,19.6,7.0,243.0,11.0,17.0,39.0
"2026-04-21 07:19:05.826271","collector_001",20.4,33.3,1527.0,17.0,19.6,7.0,243.0,11.0,17.0,39.0
"2026-04-21 07:24:07.288279","collector_001",20.5,32.2,1571.0,17.0,19.6,7.0,243.0,11.0,17.0,39.0
"2026-04-21 07:29:08.608264","collector_001",20.6,32.3,1612.0,17.0,19.6,7.0,243.0,11.0,17.0,39.0
"2026-04-21 07:34:09.960284","collector_001",20.6,35.6,1665.0,17.0,19.6,7.0,243.0,11.0,17.0,39.0
"2026-04-21 07:39:11.43526","collector_001",20.6,32.3,1739.0,17.0,19.6,7.0,244.0,11.0,17.0,39.0
"2026-04-21 07:44:13.039273","collector_001",20.5,32.4,1788.0,17.0,19.6,7.0,244.0,11.0,17.0,39.0
"2026-04-21 07:49:14.510271","collector_001",20.5,33.6,1861.0,17.0,19.6,7.0,244.0,11.0,17.0,39.0
"2026-04-21 07:54:15.911261","collector_001",20.5,32.4,2023.0,17.0,19.6,7.0,244.0,11.0,17.0,39.0
"2026-04-21 07:59:17.310256","collector_001",20.5,32.4,2072.0,17.0,19.6,7.0,244.0,11.0,17.0,39.0
"2026-04-21 08:04:18.765267","collector_001",20.6,35.3,2143.0,17.0,19.6,7.0,245.0,11.0,17.0,39.0
"2026-04-21 08:09:20.399292","collector_001",20.5,35.1,2146.0,17.1,19.6,7.0,245.0,11.0,17.0,39.0
"2026-04-21 08:14:21.879256","collector_001",20.7,32.2,2166.0,17.1,19.6,7.0,245.0,11.0,17.0,39.0
"2026-04-21 08:19:23.357277","collector_001",20.7,33.5,2201.0,17.1,19.6,7.0,245.0,11.0,17.0,39.0
"2026-04-21 08:24:24.94128","collector_001",20.7,32.4,2149.0,17.1,19.6,7.0,246.0,11.0,17.0,40.0
"2026-04-21 08:29:26.378273","collector_001",20.8,32.4,2045.0,17.1,19.6,7.0,246.0,11.0,17.0,40.0
"2026-04-21 08:34:27.918269","collector_001",20.8,32.4,1982.0,17.2,19.6,7.0,246.0,11.0,17.0,40.0
"2026-04-21 08:39:29.369276","collector_001",20.8,32.4,1921.0,17.2,19.6,7.0,246.0,11.0,17.0,40.0
"2026-04-21 08:44:30.91428","collector_001",20.8,32.6,1900.0,17.2,19.6,7.0,247.0,11.0,17.0,40.0
"2026-04-21 08:49:32.582285","collector_001",20.9,32.0,1904.0,17.2,19.6,7.0,247.0,11.0,17.0,40.0
"2026-04-21 08:54:34.144265","collector_001",20.9,32.1,1928.0,17.3,19.6,7.0,248.0,11.0,17.0,40.0
"2026-04-21 08:59:35.889282","collector_001",21.0,31.4,1907.0,17.3,19.6,7.0,248.0,11.0,17.0,40.0
"2026-04-21 09:04:37.324282","collector_001",21.0,31.1,1933.0,17.4,19.6,7.0,248.0,11.0,17.0,40.0
"2026-04-21 09:09:38.839268","collector_001",21.0,31.6,1977.0,17.4,19.6,7.0,248.0,11.0,17.0,40.0
"2026-04-21 09:14:40.662327","collector_001",21.2,31.2,2086.0,17.4,19.6,7.0,249.0,11.0,17.0,40.0
"2026-04-21 09:19:42.534261","collector_001",21.3,31.5,2118.0,17.5,19.6,7.0,250.0,11.0,17.0,40.0
"2026-04-21 09:24:44.328256","collector_001",21.4,33.3,2158.0,17.5,19.6,7.0,250.0,11.0,17.0,40.0
"2026-04-21 09:29:46.864256","collector_001",21.5,30.6,2212.0,17.6,19.6,7.0,250.0,11.0,17.0,40.0
"2026-04-21 09:34:48.983297","collector_001",21.5,30.2,2208.0,17.6,19.7,7.0,251.0,11.0,17.0,40.0
"2026-04-21 09:39:50.593268","collector_001",21.4,29.8,2338.0,17.7,19.7,7.0,251.0,11.0,17.0,40.0
"2026-04-21 09:44:52.294297","collector_001",21.5,30.0,2361.0,17.7,19.7,7.0,252.0,11.0,17.0,41.0
"2026-04-21 09:49:54.269256","collector_001",21.7,29.3,2451.0,17.8,19.7,7.0,253.0,11.0,17.0,41.0
"2026-04-21 09:54:56.028271","collector_001",21.8,28.9,2584.0,17.8,19.7,7.0,253.0,11.0,17.0,41.0
"2026-04-21 09:59:58.122278","collector_001",21.8,28.3,2711.0,17.9,19.7,7.0,254.0,11.0,17.0,41.0
"2026-04-21 10:05:09.357817","collector_001",21.8,30.9,2591.0,17.9,19.7,7.1,254.0,11.0,17.0,41.0
"2026-04-21 10:10:10.980335","collector_001",21.7,28.0,2521.0,18.0,19.7,7.0,255.0,11.0,17.0,41.0
"2026-04-21 10:15:12.815878","collector_001",21.9,27.9,2380.0,18.1,19.7,7.1,255.0,11.0,17.0,41.0
"2026-04-21 10:20:14.16089","collector_001",21.8,27.8,2285.0,18.1,19.7,7.1,255.0,11.0,17.0,41.0
"2026-04-21 10:25:15.765863","collector_001",21.8,27.9,2300.0,18.2,19.7,7.1,256.0,11.0,18.0,41.0
"2026-04-21 10:30:17.674884","collector_001",21.8,28.2,2317.0,18.2,19.7,7.1,256.0,11.0,18.0,41.0
"2026-04-21 10:35:19.322852","collector_001",21.9,27.7,2340.0,18.3,19.7,7.1,257.0,12.0,18.0,41.0
"2026-04-21 10:40:20.882819","collector_001",21.9,29.0,2320.0,18.3,19.7,7.1,257.0,12.0,18.0,41.0
"2026-04-21 10:45:22.827822","collector_001",21.9,27.6,2319.0,18.3,19.7,7.1,257.0,12.0,18.0,41.0
"2026-04-21 10:50:25.08382","collector_001",22.0,28.2,2322.0,18.4,19.7,7.1,258.0,12.0,18.0,42.0
"2026-04-21 10:56:21.672821","collector_001",22.0,27.7,2246.0,18.4,19.7,7.1,258.0,12.0,18.0,42.0
"2026-04-21 11:01:27.514822","collector_001",22.1,27.8,2351.0,18.5,19.7,7.1,258.0,12.0,18.0,42.0
"2026-04-21 11:06:37.34786","collector_001",22.0,28.3,2402.0,18.5,19.7,7.1,259.0,12.0,18.0,42.0
"2026-04-21 11:11:42.792817","collector_001",21.9,27.6,2307.0,18.5,19.7,7.1,259.0,12.0,18.0,42.0
"2026-04-21 11:16:44.671821","collector_001",22.0,28.0,2341.0,18.6,19.7,7.1,260.0,12.0,18.0,42.0
"2026-04-21 11:21:48.210814","collector_001",22.1,28.0,2466.0,18.6,19.7,7.1,260.0,12.0,18.0,42.0
"2026-04-21 11:26:50.196327","collector_001",22.2,27.8,2450.0,18.7,19.7,7.1,260.0,12.0,18.0,42.0
"2026-04-21 11:31:51.704824","collector_001",22.3,29.2,2935.0,18.7,19.7,7.1,261.0,12.0,18.0,42.0
"2026-04-21 11:36:53.667844","collector_001",22.3,28.1,2847.0,18.8,19.7,7.1,261.0,12.0,18.0,42.0
"2026-04-21 11:41:55.392327","collector_001",22.4,28.7,2947.0,18.8,19.7,7.1,261.0,12.0,18.0,42.0
"2026-04-21 11:46:57.251821","collector_001",22.4,28.1,2978.0,18.9,19.8,7.1,261.0,12.0,18.0,42.0
"2026-04-21 11:51:59.094831","collector_001",22.6,28.3,3865.0,18.9,19.7,7.1,262.0,12.0,18.0,42.0
"2026-04-21 11:57:01.209861","collector_001",22.6,28.7,3819.0,18.9,19.7,7.1,263.0,12.0,18.0,42.0
"2026-04-21 12:02:03.170858","collector_001",22.7,28.1,3229.0,19.0,19.8,7.1,263.0,12.0,18.0,42.0
"2026-04-21 12:07:05.412814","collector_001",22.8,29.0,3684.0,19.1,19.8,7.1,264.0,12.0,18.0,42.0
"2026-04-21 12:12:08.262817","collector_001",22.7,28.1,3384.0,19.1,19.8,7.1,264.0,12.0,18.0,42.0
"2026-04-21 12:17:10.745828","collector_001",22.7,28.1,3648.0,19.2,19.8,7.1,265.0,12.0,18.0,43.0
"2026-04-21 12:22:13.149841","collector_001",22.8,27.6,3716.0,19.2,19.8,7.1,265.0,12.0,18.0,43.0
"2026-04-21 12:27:15.691815","collector_001",22.7,27.2,3327.0,19.3,19.8,7.1,265.0,12.0,18.0,43.0
"2026-04-21 12:32:17.898846","collector_001",22.7,27.3,3704.0,19.3,19.7,7.1,265.0,12.0,18.0,43.0
"2026-04-21 12:37:20.602821","collector_001",22.8,26.4,4283.0,19.3,19.8,7.1,265.0,12.0,18.0,43.0
"2026-04-21 12:42:22.480856","collector_001",22.9,26.7,4452.0,19.4,19.8,7.1,265.0,12.0,18.0,43.0
"2026-04-21 12:47:24.526885","collector_001",22.9,26.5,4168.0,19.5,19.8,7.1,266.0,12.0,18.0,43.0
"2026-04-21 12:52:27.230846","collector_001",22.8,26.5,3831.0,19.5,19.8,7.1,266.0,12.0,18.0,43.0
"2026-04-21 12:57:29.33282","collector_001",22.9,27.5,3988.0,19.6,19.8,7.1,267.0,12.0,18.0,43.0
"2026-04-21 13:02:30.971404","collector_001",22.9,26.1,3612.0,19.6,19.8,7.1,267.0,12.0,18.0,43.0
"2026-04-21 13:07:32.855395","collector_001",23.0,26.3,3847.0,19.6,19.8,7.1,267.0,12.0,18.0,43.0
"2026-04-21 13:12:35.636375","collector_001",23.1,26.9,4276.0,19.7,19.8,7.1,267.0,12.0,18.0,43.0
"2026-04-21 13:17:37.760406","collector_001",22.9,26.7,3628.0,19.7,19.8,7.1,267.0,12.0,18.0,43.0
"2026-04-21 13:22:39.842367","collector_001",23.1,26.6,4081.0,19.8,19.9,7.1,268.0,12.0,18.0,43.0
"2026-04-21 13:27:42.781362","collector_001",23.0,26.2,4503.0,19.8,19.8,7.1,268.0,12.0,18.0,43.0
"2026-04-21 13:32:44.475899","collector_001",22.9,26.3,4523.0,19.8,19.8,7.1,268.0,12.0,18.0,43.0
"2026-04-21 13:37:46.422398","collector_001",23.1,25.3,4590.0,19.8,19.8,7.1,269.0,12.0,18.0,43.0
"2026-04-21 13:42:48.647377","collector_001",23.1,26.0,4653.0,19.9,19.8,7.1,269.0,12.0,18.0,43.0
"2026-04-21 13:47:52.367364","collector_001",23.1,26.0,4700.0,19.9,19.9,7.1,269.0,12.0,18.0,43.0
"2026-04-21 13:52:57.315367","collector_001",23.0,25.2,4638.0,20.0,19.8,7.1,269.0,12.0,18.0,43.0
"2026-04-21 13:58:02.883497","collector_001",22.8,25.5,4488.0,20.0,19.8,7.1,269.0,12.0,18.0,43.0
"2026-04-21 14:03:06.580367","collector_001",22.9,24.6,4584.0,20.0,19.9,7.1,269.0,12.0,18.0,43.0
"2026-04-21 14:08:08.828368","collector_001",23.0,24.4,4468.0,20.0,19.8,7.1,270.0,12.0,19.0,43.0
"2026-04-21 14:13:11.50836","collector_001",23.1,25.9,4423.0,20.1,19.8,7.1,269.0,12.0,18.0,43.0
"2026-04-21 14:18:14.152395","collector_001",23.3,26.7,4504.0,20.1,19.9,7.1,270.0,12.0,19.0,43.0
"2026-04-21 14:23:16.829381","collector_001",23.3,27.1,4388.0,20.2,19.9,7.1,270.0,12.0,19.0,43.0
"2026-04-21 14:28:20.697371","collector_001",23.2,24.4,4248.0,20.2,19.9,7.1,271.0,12.0,19.0,44.0
"2026-04-21 14:33:23.617368","collector_001",23.3,25.2,4398.0,20.2,19.8,7.1,271.0,12.0,19.0,44.0
"2026-04-21 14:38:26.009368","collector_001",23.3,25.2,4323.0,20.2,19.9,7.1,271.0,12.0,19.0,44.0
"2026-04-21 14:43:29.152401","collector_001",23.0,25.1,4324.0,20.3,19.8,7.1,271.0,12.0,19.0,44.0
"2026-04-21 14:48:34.420409","collector_001",23.3,26.3,4291.0,20.3,19.9,7.1,271.0,12.0,19.0,44.0
"2026-04-21 14:53:44.605372","collector_001",23.2,25.3,4153.0,20.3,19.9,7.1,271.0,12.0,19.0,44.0
"2026-04-21 14:58:59.684367","collector_001",23.1,23.8,4076.0,20.4,19.9,7.1,271.0,12.0,19.0,44.0
"2026-04-21 15:04:02.902367","collector_001",23.0,24.0,3961.0,20.4,19.9,7.1,271.0,12.0,19.0,44.0
"2026-04-21 15:09:06.415362","collector_001",23.0,23.8,3924.0,20.4,19.8,7.1,271.0,12.0,19.0,44.0
"2026-04-21 15:14:09.52037","collector_001",23.1,24.1,3891.0,20.4,19.8,7.1,271.0,12.0,19.0,44.0
"2026-04-21 15:19:12.067364","collector_001",23.1,24.2,3791.0,20.4,19.8,7.1,271.0,12.0,19.0,44.0
"2026-04-21 15:24:14.549443","collector_001",23.0,25.9,3735.0,20.4,19.8,7.1,271.0,12.0,19.0,44.0
"2026-04-21 15:29:18.078422","collector_001",23.1,25.1,3706.0,20.5,19.8,7.1,271.0,12.0,19.0,44.0
"2026-04-21 15:34:21.649431","collector_001",23.3,26.1,3770.0,20.5,19.8,7.1,271.0,12.0,19.0,44.0
"2026-04-21 15:39:25.198381","collector_001",23.3,25.5,3695.0,20.5,19.8,7.1,271.0,12.0,19.0,44.0
"2026-04-21 15:44:31.386379","collector_001",23.2,25.0,3521.0,20.5,19.8,7.1,271.0,12.0,19.0,44.0
"2026-04-21 15:49:34.462407","collector_001",23.1,25.4,3472.0,20.5,19.8,7.1,271.0,12.0,19.0,44.0
"2026-04-21 15:54:41.367381","collector_001",23.1,25.3,3444.0,20.5,19.8,7.1,271.0,12.0,19.0,44.0
"2026-04-21 15:59:49.036373","collector_001",23.1,25.0,3436.0,20.6,19.8,7.1,271.0,12.0,19.0,44.0
"2026-04-21 16:04:51.858839","collector_001",23.2,24.8,3270.0,20.6,19.8,7.1,271.0,12.0,19.0,44.0
"2026-04-21 16:09:54.103848","collector_001",23.0,25.7,3187.0,20.6,19.8,7.1,271.0,12.0,19.0,44.0
"2026-04-21 16:14:56.932859","collector_001",23.0,25.0,3087.0,20.6,19.8,7.1,271.0,12.0,19.0,44.0
"2026-04-21 16:20:00.424842","collector_001",23.1,25.6,2894.0,20.6,19.8,7.1,271.0,12.0,19.0,44.0
"2026-04-21 16:25:05.647854","collector_001",23.0,25.5,2816.0,20.6,19.8,7.1,271.0,12.0,19.0,44.0
"2026-04-21 16:30:08.652835","collector_001",23.0,25.4,2863.0,20.6,19.8,7.1,271.0,12.0,19.0,44.0
"2026-04-21 16:35:11.013852","collector_001",23.0,25.9,2777.0,20.6,19.7,7.1,270.0,12.0,19.0,43.0
"2026-04-21 16:40:15.128853","collector_001",22.8,25.4,2659.0,20.6,19.7,7.1,270.0,12.0,19.0,43.0
"2026-04-21 16:45:18.585851","collector_001",23.0,26.0,2498.0,20.6,19.7,7.1,270.0,12.0,19.0,43.0
"2026-04-21 16:50:22.620354","collector_001",22.8,25.9,2378.0,20.6,19.7,7.1,269.0,12.0,18.0,43.0
"2026-04-21 16:55:25.346889","collector_001",22.4,25.7,2355.0,20.5,19.7,7.1,269.0,12.0,18.0,43.0
"2026-04-21 17:00:27.81288","collector_001",22.7,26.3,2218.0,20.5,19.7,7.1,269.0,12.0,18.0,43.0
"2026-04-21 17:05:31.456855","collector_001",22.2,27.4,2116.0,20.5,19.7,7.1,269.0,12.0,18.0,43.0
"2026-04-21 17:10:35.214844","collector_001",22.4,26.0,2065.0,20.5,19.7,7.2,268.0,12.0,18.0,43.0
"2026-04-21 17:15:38.553833","collector_001",22.4,26.2,1960.0,20.4,19.7,7.2,267.0,12.0,18.0,43.0
"2026-04-21 17:20:41.722353","collector_001",22.4,26.8,1901.0,20.4,19.7,7.2,267.0,12.0,18.0,43.0
"2026-04-21 17:25:44.86384","collector_001",22.3,26.1,1835.0,20.3,19.7,7.1,266.0,12.0,18.0,43.0
"2026-04-21 17:30:47.783858","collector_001",22.5,26.6,1742.0,20.3,19.7,7.1,266.0,12.0,18.0,43.0
"2026-04-21 17:35:53.540835","collector_001",22.4,28.6,1625.0,20.3,19.7,7.1,265.0,12.0,18.0,43.0
"2026-04-21 17:40:56.568842","collector_001",22.3,27.3,1512.0,20.2,19.7,7.1,265.0,12.0,18.0,43.0
"2026-04-21 17:46:01.582842","collector_001",22.6,27.3,1447.0,20.2,19.7,7.1,264.0,12.0,18.0,42.0
"2026-04-21 17:51:06.017848","collector_001",22.6,27.2,1329.0,20.2,19.7,7.1,264.0,12.0,18.0,42.0
"2026-04-21 17:57:32.189846","collector_001",22.3,30.0,1133.0,20.2,19.7,7.1,264.0,12.0,18.0,42.0
"2026-04-21 18:04:50.822838","collector_001",22.5,28.2,1001.0,20.1,19.6,7.1,263.0,12.0,18.0,42.0
"2026-04-21 18:10:10.311893","collector_001",22.5,28.5,886.0,20.1,19.6,7.1,263.0,12.0,18.0,42.0
"2026-04-21 18:15:22.062848","collector_001",22.6,29.2,797.0,20.1,19.6,7.1,263.0,12.0,18.0,42.0
"2026-04-21 18:20:43.073846","collector_001",22.6,29.0,726.0,20.1,19.6,7.1,263.0,12.0,18.0,42.0
"2026-04-21 18:25:52.730841","collector_001",22.4,29.9,633.0,20.0,19.6,7.1,262.0,12.0,18.0,42.0
"2026-04-21 18:31:12.831835","collector_001",22.5,28.9,543.0,20.0,19.6,7.1,262.0,12.0,18.0,42.0
"2026-04-21 18:36:28.608841","collector_001",22.3,28.8,460.0,20.0,19.6,7.1,261.0,12.0,18.0,42.0
"2026-04-21 18:41:35.839841","collector_001",22.2,28.7,394.0,20.0,19.6,7.1,261.0,12.0,18.0,42.0
"2026-04-21 18:46:42.70785","collector_001",22.3,29.8,329.0,19.9,19.6,7.1,261.0,12.0,18.0,42.0
"2026-04-21 18:51:49.060869","collector_001",22.3,28.2,260.0,19.9,19.6,7.1,260.0,12.0,18.0,42.0
"2026-04-21 18:56:53.764841","collector_001",21.9,28.4,207.0,19.9,19.6,7.1,260.0,12.0,18.0,42.0
"2026-04-21 19:01:57.150492","collector_001",21.9,28.1,173.0,19.8,19.6,7.1,259.0,12.0,18.0,42.0
"2026-04-21 19:06:59.34949","collector_001",22.0,28.1,138.0,19.8,19.6,7.1,258.0,12.0,18.0,42.0
"2026-04-21 19:12:01.5175","collector_001",21.9,28.1,121.0,19.8,19.6,7.1,258.0,12.0,18.0,42.0
"2026-04-21 19:17:03.216484","collector_001",21.9,27.9,110.0,19.7,19.6,7.1,257.0,12.0,18.0,41.0
"2026-04-21 19:22:05.063502","collector_001",21.7,29.1,102.0,19.7,19.6,7.1,257.0,12.0,18.0,41.0
"2026-04-21 19:27:07.026522","collector_001",21.6,28.9,96.0,19.6,19.6,7.1,256.0,11.0,18.0,41.0
"2026-04-21 19:32:08.729491","collector_001",21.6,28.5,96.0,19.6,19.6,7.1,256.0,11.0,18.0,41.0
"2026-04-21 19:37:10.478498","collector_001",21.8,28.4,93.0,19.5,19.6,7.1,255.0,11.0,17.0,41.0
"2026-04-21 19:42:12.065502","collector_001",21.9,29.3,95.0,19.5,19.6,7.1,255.0,11.0,17.0,41.0
"2026-04-21 19:47:14.11849","collector_001",21.8,28.7,95.0,19.5,19.6,7.1,254.0,11.0,17.0,41.0
"2026-04-21 19:52:15.849487","collector_001",21.9,29.5,95.0,19.4,19.6,7.1,254.0,11.0,17.0,41.0
"2026-04-21 19:57:17.344523","collector_001",21.9,30.5,93.0,19.4,19.6,7.1,254.0,11.0,17.0,41.0
"2026-04-21 20:02:19.023534","collector_001",22.0,29.1,93.0,19.3,19.6,7.1,253.0,11.0,17.0,41.0
"2026-04-21 20:07:20.78856","collector_001",21.9,29.4,93.0,19.3,19.6,7.1,252.0,11.0,17.0,41.0
"2026-04-21 20:12:22.84549","collector_001",21.9,29.7,93.0,19.3,19.6,7.1,252.0,11.0,17.0,41.0
"2026-04-21 20:17:24.507566","collector_001",21.7,29.1,94.0,19.3,19.6,7.1,252.0,11.0,17.0,41.0
"2026-04-21 20:22:26.556496","collector_001",21.9,29.4,93.0,19.3,19.6,7.1,251.0,11.0,17.0,40.0
"2026-04-21 20:27:28.171034","collector_001",21.9,29.0,93.0,19.2,19.6,7.1,251.0,11.0,17.0,40.0
"2026-04-21 20:32:29.84549","collector_001",21.8,30.6,95.0,19.2,19.5,7.1,250.0,11.0,17.0,40.0
"2026-04-21 20:37:31.882492","collector_001",21.7,29.9,95.0,19.2,19.5,7.1,250.0,11.0,17.0,40.0
"2026-04-21 20:42:33.850526","collector_001",21.8,29.7,94.0,19.2,19.5,7.1,250.0,11.0,17.0,40.0
"2026-04-21 20:47:35.60351","collector_001",21.6,30.0,93.0,19.1,19.5,7.1,250.0,11.0,17.0,40.0
"2026-04-21 20:52:37.499547","collector_001",21.8,29.8,95.0,19.1,19.5,7.1,249.0,11.0,17.0,40.0
"2026-04-21 20:57:39.262533","collector_001",21.6,30.3,93.0,19.1,19.5,7.1,249.0,11.0,17.0,40.0
"2026-04-21 21:02:41.247491","collector_001",21.7,30.2,94.0,19.1,19.5,7.1,248.0,11.0,17.0,40.0
"2026-04-21 21:07:42.919889","collector_001",21.7,30.3,94.0,19.1,19.5,7.1,248.0,11.0,17.0,40.0
"2026-04-21 21:12:44.693493","collector_001",21.7,30.4,95.0,19.0,19.5,7.1,248.0,11.0,17.0,40.0
"2026-04-21 21:17:46.351494","collector_001",21.8,30.7,93.0,19.0,19.5,7.1,248.0,11.0,17.0,40.0
"2026-04-21 21:22:47.984492","collector_001",21.7,31.1,94.0,19.0,19.5,7.1,248.0,11.0,17.0,40.0
"2026-04-21 21:27:49.856521","collector_001",21.7,30.8,95.0,18.9,19.5,7.1,247.0,11.0,17.0,40.0
"2026-04-21 21:32:51.380576","collector_001",21.7,33.2,93.0,18.9,19.5,7.1,246.0,11.0,17.0,40.0
"2026-04-21 21:37:52.908542","collector_001",21.8,31.0,95.0,18.9,19.5,7.0,246.0,11.0,17.0,40.0
"2026-04-21 21:42:55.213498","collector_001",21.7,31.3,93.0,18.9,19.5,7.1,246.0,11.0,17.0,40.0
"2026-04-21 21:47:57.2655","collector_001",21.7,31.3,93.0,18.9,19.4,7.1,246.0,11.0,17.0,40.0
"2026-04-21 21:52:59.185485","collector_001",21.7,31.5,93.0,18.9,19.4,7.1,246.0,11.0,17.0,40.0
"2026-04-21 21:58:00.763485","collector_001",21.6,31.6,93.0,18.8,19.4,7.1,245.0,11.0,17.0,39.0
"2026-04-21 22:03:02.538885","collector_001",21.7,33.2,93.0,18.8,19.4,7.0,245.0,11.0,17.0,39.0
"2026-04-21 22:08:04.190915","collector_001",21.7,31.9,93.0,18.8,19.4,7.0,244.0,11.0,17.0,39.0
"2026-04-21 22:13:05.764453","collector_001",21.7,31.9,93.0,18.8,19.4,7.0,244.0,11.0,17.0,39.0
"2026-04-21 22:18:07.64991","collector_001",21.6,32.3,93.0,18.8,19.4,7.0,244.0,11.0,17.0,39.0
"2026-04-21 22:23:09.352892","collector_001",21.7,32.1,95.0,18.8,19.4,7.0,244.0,11.0,17.0,39.0
"2026-04-21 22:28:11.382887","collector_001",21.7,34.4,93.0,18.7,19.4,7.0,243.0,11.0,17.0,39.0
"2026-04-21 22:33:13.289402","collector_001",21.6,32.5,93.0,18.7,19.4,7.0,243.0,11.0,17.0,39.0
"2026-04-21 22:38:15.018903","collector_001",21.6,32.8,93.0,18.7,19.4,7.0,243.0,11.0,17.0,39.0
"2026-04-21 22:43:16.99143","collector_001",21.6,33.2,95.0,18.7,19.4,7.0,242.0,11.0,17.0,39.0
"2026-04-21 22:48:19.14491","collector_001",21.7,32.7,93.0,18.7,19.4,7.0,242.0,11.0,17.0,39.0
"2026-04-21 22:53:21.423398","collector_001",21.7,32.7,95.0,18.7,19.4,7.0,242.0,11.0,17.0,39.0
"2026-04-21 22:58:23.422889","collector_001",21.7,34.1,93.0,18.6,19.4,7.0,242.0,11.0,17.0,39.0
"2026-04-21 23:03:25.318888","collector_001",21.6,32.9,93.0,18.6,19.4,7.0,242.0,11.0,17.0,39.0
"2026-04-21 23:08:26.929914","collector_001",21.6,33.2,95.0,18.6,19.4,7.0,242.0,11.0,17.0,39.0
"2026-04-21 23:13:28.674878","collector_001",21.7,33.3,92.0,18.6,19.4,7.0,241.0,11.0,16.0,39.0
"2026-04-21 23:18:30.956879","collector_001",21.5,34.2,1.0,18.6,19.4,7.0,241.0,11.0,16.0,39.0
"2026-04-21 23:23:32.190899","collector_001",21.4,33.6,1.0,18.6,19.4,7.0,241.0,11.0,16.0,39.0
"2026-04-21 23:28:33.569888","collector_001",21.4,34.1,1.0,18.6,19.4,7.0,240.0,11.0,16.0,39.0
"2026-04-21 23:33:34.935886","collector_001",21.4,34.5,1.0,18.6,19.3,7.0,241.0,11.0,16.0,39.0
"2026-04-21 23:38:36.22832","collector_001",21.4,33.8,1.0,18.5,19.3,7.0,240.0,11.0,16.0,39.0
"2026-04-21 23:43:37.805981","collector_001",21.3,34.0,1.0,18.5,19.3,7.0,240.0,11.0,16.0,39.0
"2026-04-21 23:48:39.180894","collector_001",21.3,34.4,1.0,18.5,19.3,7.0,239.0,11.0,16.0,38.0
"2026-04-21 23:53:40.506878","collector_001",21.2,34.4,1.0,18.5,19.3,7.0,239.0,11.0,16.0,38.0
"2026-04-21 23:58:41.910886","collector_001",21.3,34.1,1.0,18.5,19.3,7.0,238.0,11.0,16.0,38.0
"2026-04-22 00:03:43.098886","collector_001",21.3,34.3,1.0,18.5,19.3,7.0,238.0,11.0,16.0,38.0
"2026-04-22 00:08:44.544907","collector_001",21.2,34.3,1.0,18.4,19.3,7.0,238.0,11.0,16.0,38.0
"2026-04-22 00:13:46.011886","collector_001",21.2,34.4,1.0,18.4,19.3,7.0,238.0,11.0,16.0,38.0
"2026-04-22 00:18:47.372884","collector_001",21.1,34.4,1.0,18.4,19.3,7.0,238.0,11.0,16.0,38.0
"2026-04-22 00:23:48.875886","collector_001",21.2,34.3,1.0,18.4,19.3,7.0,237.0,11.0,16.0,38.0
"2026-04-22 00:28:50.134886","collector_001",21.2,34.7,1.0,18.3,19.3,7.0,236.0,10.0,16.0,38.0
"2026-04-22 00:33:51.666885","collector_001",21.2,34.7,1.0,18.3,19.2,7.0,236.0,10.0,16.0,38.0
"2026-04-22 00:38:53.063881","collector_001",21.1,34.4,1.0,18.3,19.3,7.0,236.0,10.0,16.0,38.0
"2026-04-22 00:43:54.58988","collector_001",21.1,34.6,1.0,18.3,19.2,7.0,236.0,10.0,16.0,38.0
"2026-04-22 00:48:56.242879","collector_001",21.2,34.5,1.0,18.3,19.3,7.0,236.0,10.0,16.0,38.0
"2026-04-22 00:53:57.489884","collector_001",21.1,34.5,1.0,18.3,19.2,7.0,236.0,10.0,16.0,38.0
"2026-04-22 00:58:58.992879","collector_001",21.1,34.7,1.0,18.3,19.2,7.0,235.0,10.0,16.0,38.0
"2026-04-22 01:04:00.332996","collector_001",21.1,35.3,1.0,18.2,19.2,7.0,235.0,10.0,16.0,38.0
"2026-04-22 01:09:01.639967","collector_001",21.1,34.8,1.0,18.2,19.2,7.0,235.0,10.0,16.0,38.0
"2026-04-22 01:14:03.157993","collector_001",21.1,34.7,1.0,18.2,19.2,7.0,234.0,10.0,16.0,38.0
"2026-04-22 01:19:04.26996","collector_001",21.0,34.7,0.0,18.2,19.2,7.0,234.0,10.0,16.0,38.0
"2026-04-22 01:24:05.48096","collector_001",21.1,34.7,0.0,18.2,19.2,7.0,234.0,10.0,16.0,38.0
"2026-04-22 01:29:06.698982","collector_001",21.0,35.7,0.0,18.1,19.2,7.0,234.0,10.0,16.0,38.0
"2026-04-22 01:34:07.900969","collector_001",21.0,34.9,0.0,18.1,19.2,7.0,234.0,10.0,16.0,38.0
"2026-04-22 01:39:09.17303","collector_001",21.0,34.9,0.0,18.1,19.2,7.0,234.0,10.0,16.0,38.0
"2026-04-22 01:44:10.399995","collector_001",21.0,35.0,0.0,18.1,19.2,7.0,233.0,10.0,16.0,38.0
"2026-04-22 01:49:11.851967","collector_001",20.9,35.3,0.0,18.1,19.2,7.0,233.0,10.0,16.0,38.0
"2026-04-22 01:54:13.419959","collector_001",20.9,35.2,0.0,18.1,19.2,7.0,233.0,10.0,16.0,38.0
"2026-04-22 01:59:14.793997","collector_001",20.9,35.1,0.0,18.1,19.2,7.0,233.0,10.0,16.0,38.0
"2026-04-22 02:04:16.087002","collector_001",20.9,35.1,0.0,18.1,19.2,7.0,232.0,10.0,16.0,37.0
"2026-04-22 02:09:17.581966","collector_001",20.9,35.0,0.0,18.0,19.2,7.0,232.0,10.0,16.0,37.0
"2026-04-22 02:14:18.903962","collector_001",20.8,35.1,0.0,18.0,19.2,7.0,232.0,10.0,16.0,37.0
"2026-04-22 02:19:20.254967","collector_001",20.8,35.0,0.0,18.0,19.2,7.0,232.0,10.0,16.0,37.0
"2026-04-22 02:24:21.773059","collector_001",20.9,34.8,0.0,18.0,19.2,7.0,232.0,10.0,16.0,37.0
"2026-04-22 02:29:23.131962","collector_001",20.9,34.6,0.0,18.0,19.2,7.0,232.0,10.0,16.0,37.0
"2026-04-22 02:34:24.573959","collector_001",20.8,34.6,0.0,18.0,19.2,7.0,232.0,10.0,16.0,37.0
"2026-04-22 02:39:25.957999","collector_001",20.8,34.5,0.0,17.9,19.2,7.0,231.0,10.0,16.0,37.0
"2026-04-22 02:44:27.27399","collector_001",20.8,34.5,0.0,17.9,19.2,7.0,231.0,10.0,16.0,37.0
"2026-04-22 02:49:28.796959","collector_001",20.8,34.6,0.0,17.9,19.2,7.0,231.0,10.0,16.0,37.0
"2026-04-22 02:54:30.320994","collector_001",20.8,34.3,0.0,17.9,19.2,7.0,230.0,10.0,16.0,37.0
"2026-04-22 02:59:31.693966","collector_001",20.8,34.4,0.0,17.9,19.2,7.0,231.0,10.0,16.0,37.0
"2026-04-22 03:04:33.08396","collector_001",20.8,34.4,0.0,17.9,19.2,7.0,230.0,10.0,16.0,37.0
"2026-04-22 03:09:34.637959","collector_001",20.8,34.5,0.0,17.9,19.2,7.0,230.0,10.0,16.0,37.0
"2026-04-22 03:14:35.777962","collector_001",20.8,34.8,0.0,17.8,19.2,7.0,230.0,10.0,16.0,37.0
"2026-04-22 03:19:37.756996","collector_001",20.8,34.3,0.0,17.9,19.2,7.0,230.0,10.0,16.0,37.0
"2026-04-22 03:24:39.018967","collector_001",20.8,33.9,0.0,17.9,19.2,7.0,230.0,10.0,16.0,37.0
"2026-04-22 03:29:40.341965","collector_001",20.7,34.7,0.0,17.8,19.2,7.0,229.0,10.0,16.0,37.0
"2026-04-22 03:34:41.763975","collector_001",20.7,35.4,0.0,17.8,19.1,7.0,229.0,10.0,16.0,37.0
"2026-04-22 03:39:43.063959","collector_001",20.7,33.6,0.0,17.8,19.1,7.0,229.0,10.0,16.0,37.0
"2026-04-22 03:44:44.495971","collector_001",20.8,34.0,0.0,17.8,19.2,7.0,229.0,10.0,16.0,37.0
"2026-04-22 03:49:46.139499","collector_001",20.7,35.3,0.0,17.8,19.1,7.0,228.0,10.0,16.0,37.0
"2026-04-22 03:54:47.270973","collector_001",20.7,34.1,0.0,17.8,19.2,7.0,228.0,10.0,16.0,37.0
"2026-04-22 03:59:48.625959","collector_001",20.7,34.2,0.0,17.8,19.1,7.0,228.0,10.0,16.0,37.0
"2026-04-22 04:04:50.059611","collector_001",20.8,33.9,0.0,17.8,19.1,7.0,228.0,10.0,16.0,37.0
"2026-04-22 04:09:51.44461","collector_001",20.7,33.9,0.0,17.8,19.1,7.0,228.0,10.0,16.0,37.0
"2026-04-22 04:14:52.853606","collector_001",20.7,34.2,0.0,17.8,19.1,7.0,228.0,10.0,16.0,37.0
"2026-04-22 04:19:54.268612","collector_001",20.6,34.1,0.0,17.7,19.1,7.0,228.0,10.0,16.0,37.0
"2026-04-22 04:24:55.868628","collector_001",20.6,34.1,0.0,17.7,19.1,7.0,227.0,10.0,15.0,37.0
"2026-04-22 04:29:56.981839","collector_001",20.6,35.8,0.0,17.7,19.1,7.0,227.0,10.0,15.0,37.0
"2026-04-22 04:34:58.103653","collector_001",20.7,34.1,0.0,17.7,19.1,7.0,227.0,10.0,15.0,37.0
"2026-04-22 04:39:59.322616","collector_001",20.6,34.2,0.0,17.7,19.1,7.0,227.0,10.0,15.0,37.0
"2026-04-22 04:45:01.604611","collector_001",20.6,33.9,0.0,17.7,19.1,7.0,227.0,10.0,15.0,37.0
"2026-04-22 04:50:02.96761","collector_001",20.6,33.9,0.0,17.7,19.1,7.0,227.0,10.0,15.0,37.0
"2026-04-22 04:55:04.195621","collector_001",20.6,33.9,0.0,17.7,19.1,7.0,226.0,10.0,15.0,36.0
"2026-04-22 05:00:05.731644","collector_001",20.6,33.7,0.0,17.7,19.1,7.0,226.0,10.0,15.0,36.0
"2026-04-22 05:05:07.232606","collector_001",20.6,33.5,0.0,17.7,19.1,7.0,226.0,10.0,15.0,36.0
"2026-04-22 05:10:08.538607","collector_001",20.5,33.5,0.0,17.7,19.1,7.0,226.0,10.0,15.0,36.0
"2026-04-22 05:15:09.808615","collector_001",20.5,33.4,0.0,17.6,19.1,7.0,226.0,10.0,15.0,36.0
"2026-04-22 05:20:11.289119","collector_001",20.5,32.8,0.0,17.6,19.1,7.0,225.0,10.0,15.0,36.0
"2026-04-22 05:25:12.58863","collector_001",20.5,33.9,0.0,17.6,19.1,7.0,225.0,10.0,15.0,36.0
"2026-04-22 05:30:14.121604","collector_001",20.5,32.9,1.0,17.6,19.1,7.0,225.0,10.0,15.0,36.0
"2026-04-22 05:35:15.531602","collector_001",20.5,33.3,3.0,17.6,19.1,7.0,225.0,10.0,15.0,36.0
"2026-04-22 05:40:17.155688","collector_001",20.5,33.4,8.0,17.6,19.1,7.0,225.0,10.0,15.0,36.0
"2026-04-22 05:45:18.93061","collector_001",20.6,33.2,20.0,17.6,19.0,7.0,224.0,10.0,15.0,36.0
"2026-04-22 05:50:20.636609","collector_001",20.6,33.2,35.0,17.6,19.0,7.0,224.0,10.0,15.0,36.0
"2026-04-22 05:55:22.344659","collector_001",20.5,33.2,63.0,17.6,19.0,7.0,224.0,10.0,15.0,36.0
"2026-04-22 06:00:23.920874","collector_001",20.5,33.0,107.0,17.6,19.0,7.0,224.0,10.0,15.0,36.0
"2026-04-22 06:05:25.756638","collector_001",20.5,33.2,154.0,17.6,19.0,7.0,224.0,10.0,15.0,36.0
"2026-04-22 06:10:27.521621","collector_001",20.6,34.0,199.0,17.5,19.0,7.0,224.0,10.0,15.0,36.0
"2026-04-22 06:15:29.269609","collector_001",20.5,32.8,277.0,17.6,19.0,7.0,223.0,10.0,15.0,36.0
"2026-04-22 06:20:31.037611","collector_001",20.5,33.1,339.0,17.5,19.0,7.0,224.0,10.0,15.0,36.0
"2026-04-22 06:25:32.543647","collector_001",20.5,32.6,377.0,17.5,19.0,7.0,223.0,10.0,15.0,36.0
"2026-04-22 06:30:34.186645","collector_001",20.6,32.9,432.0,17.5,19.0,7.0,223.0,10.0,15.0,36.0
"2026-04-22 06:35:35.901626","collector_001",20.6,32.6,477.0,17.5,19.0,7.0,223.0,10.0,15.0,36.0
"2026-04-22 06:40:37.691619","collector_001",20.6,32.6,546.0,17.5,19.0,7.0,223.0,10.0,15.0,36.0
"2026-04-22 06:45:39.62067","collector_001",20.6,32.7,630.0,17.5,19.0,7.0,223.0,10.0,15.0,36.0
"2026-04-22 06:50:41.785615","collector_001",20.6,32.9,698.0,17.5,19.0,7.0,223.0,10.0,15.0,36.0
"2026-04-22 06:55:43.518615","collector_001",20.6,32.9,824.0,17.5,19.0,7.0,223.0,10.0,15.0,36.0
"2026-04-22 07:00:45.410606","collector_001",20.6,32.6,932.0,17.5,19.0,7.0,223.0,10.0,15.0,36.0
"2026-04-22 07:05:47.198805","collector_001",20.6,32.9,1007.0,17.5,19.0,7.0,222.0,10.0,15.0,36.0
"2026-04-22 07:10:49.031818","collector_001",20.6,32.6,1108.0,17.5,19.0,7.0,223.0,10.0,15.0,36.0
"2026-04-22 07:15:50.717799","collector_001",20.6,33.2,1143.0,17.5,19.0,7.0,223.0,10.0,15.0,36.0
"2026-04-22 07:20:52.573792","collector_001",20.6,33.0,1126.0,17.5,19.0,7.0,223.0,10.0,15.0,36.0
"2026-04-22 07:25:54.055897","collector_001",20.6,33.1,1102.0,17.6,19.0,7.0,222.0,10.0,15.0,36.0
"2026-04-22 07:30:55.977799","collector_001",20.7,32.9,1113.0,17.6,19.0,7.0,223.0,10.0,15.0,36.0
"2026-04-22 07:35:57.83582","collector_001",20.6,33.3,1217.0,17.6,19.0,7.0,223.0,10.0,15.0,36.0
"2026-04-22 07:40:59.290793","collector_001",20.6,33.1,1315.0,17.6,19.0,7.0,222.0,10.0,15.0,36.0
"2026-04-22 07:46:00.922794","collector_001",20.7,32.9,1442.0,17.6,19.0,7.0,223.0,10.0,15.0,36.0
"2026-04-22 07:51:02.548862","collector_001",20.8,38.0,1499.0,17.6,19.0,7.0,223.0,10.0,15.0,36.0
"2026-04-22 07:56:04.398789","collector_001",20.7,32.6,1547.0,17.6,19.0,7.0,223.0,10.0,15.0,36.0
"2026-04-22 08:01:05.901826","collector_001",20.8,32.9,1658.0,17.6,19.0,7.0,223.0,10.0,15.0,36.0
"2026-04-22 08:06:07.348813","collector_001",20.7,32.8,1796.0,17.6,19.4,7.0,236.0,10.0,16.0,38.0
"2026-04-22 08:11:09.45984","collector_001",20.8,32.7,1953.0,17.6,19.9,7.0,270.0,12.0,19.0,43.0
"2026-04-22 08:16:11.56179","collector_001",20.9,33.0,1954.0,17.5,20.3,7.0,296.0,13.0,20.0,48.0
"2026-04-22 08:21:13.158812","collector_001",20.8,32.8,1934.0,17.4,20.7,7.0,314.0,14.0,22.0,50.0
"2026-04-22 08:26:14.631336","collector_001",20.8,32.7,1881.0,17.4,21.0,7.1,327.0,15.0,23.0,53.0
"2026-04-22 08:31:16.341799","collector_001",20.8,34.0,1911.0,17.3,21.1,7.1,335.0,15.0,23.0,54.0
"2026-04-22 08:36:18.261833","collector_001",20.9,33.3,1952.0,17.3,21.3,7.1,339.0,16.0,23.0,54.0
"2026-04-22 08:41:20.189827","collector_001",20.9,32.0,1996.0,17.3,21.4,7.1,343.0,16.0,24.0,55.0
"2026-04-22 08:46:22.184809","collector_001",20.9,32.1,1983.0,17.3,21.5,7.1,345.0,16.0,24.0,55.0
"2026-04-22 08:51:24.386318","collector_001",20.9,32.0,2125.0,17.3,21.6,7.1,346.0,16.0,24.0,56.0
"2026-04-22 08:56:26.225794","collector_001",20.9,31.7,2280.0,17.3,21.6,7.1,348.0,16.0,24.0,56.0
"2026-04-22 09:01:28.328798","collector_001",21.0,31.6,2449.0,17.4,21.7,7.1,348.0,16.0,24.0,56.0
"2026-04-22 09:06:30.913801","collector_001",21.0,32.3,2551.0,17.4,21.7,7.1,349.0,16.0,24.0,56.0
"2026-04-22 09:11:34.460798","collector_001",21.0,31.9,2306.0,17.4,21.8,7.1,350.0,16.0,24.0,56.0
"2026-04-22 09:16:36.090821","collector_001",21.0,32.0,2236.0,17.4,21.8,7.1,350.0,16.0,24.0,56.0
"2026-04-22 09:21:38.35282","collector_001",21.0,31.4,2231.0,17.5,21.8,7.1,351.0,16.0,24.0,56.0
"2026-04-22 09:26:40.703801","collector_001",21.0,31.6,2489.0,17.5,21.9,7.1,351.0,16.0,24.0,56.0
"2026-04-22 09:31:43.284795","collector_001",21.1,31.6,2428.0,17.5,21.9,7.1,352.0,16.0,24.0,57.0
"2026-04-22 09:36:45.065807","collector_001",21.0,31.2,2640.0,17.6,21.9,7.1,353.0,16.0,24.0,57.0
"2026-04-22 09:41:46.612851","collector_001",21.1,31.7,2653.0,17.6,22.0,7.1,353.0,16.0,24.0,57.0
"2026-04-22 09:46:48.572829","collector_001",21.1,31.6,2818.0,17.6,22.0,7.1,354.0,16.0,24.0,57.0
"2026-04-22 09:51:50.186828","collector_001",21.2,31.7,3034.0,17.7,22.0,7.1,354.0,16.0,24.0,57.0
"2026-04-22 09:56:51.815796","collector_001",21.2,30.7,3284.0,17.7,22.1,7.1,355.0,16.0,24.0,57.0
"2026-04-22 10:01:53.814699","collector_001",21.3,31.3,3488.0,17.8,22.1,7.1,356.0,17.0,25.0,57.0
"2026-04-22 10:06:56.039729","collector_001",21.3,31.7,3286.0,17.8,22.1,7.1,356.0,17.0,25.0,57.0
"2026-04-22 10:11:58.824692","collector_001",21.4,30.5,3035.0,17.9,22.2,7.1,357.0,17.0,25.0,57.0
"2026-04-22 10:17:00.814192","collector_001",21.4,31.2,2881.0,17.9,22.2,7.1,357.0,17.0,25.0,57.0
"2026-04-22 10:22:02.797734","collector_001",21.3,35.8,2899.0,17.9,22.2,7.1,358.0,17.0,25.0,58.0
"2026-04-22 10:27:04.889719","collector_001",21.3,29.5,3566.0,18.0,22.2,7.1,359.0,17.0,25.0,58.0
"2026-04-22 10:32:10.500695","collector_001",21.4,29.4,3991.0,18.1,22.3,7.1,359.0,17.0,25.0,58.0
"2026-04-22 10:37:12.668711","collector_001",21.7,29.3,4035.0,18.1,22.3,7.1,360.0,17.0,25.0,58.0
"2026-04-22 10:42:14.800693","collector_001",21.8,29.3,4278.0,18.2,22.3,7.1,361.0,17.0,25.0,58.0
"2026-04-22 10:47:17.979699","collector_001",21.8,29.3,4430.0,18.2,22.4,7.1,361.0,17.0,25.0,58.0
"2026-04-22 10:52:20.425693","collector_001",21.9,29.7,4340.0,18.3,22.4,7.1,362.0,17.0,25.0,58.0
"2026-04-22 10:57:22.869725","collector_001",21.9,29.3,4264.0,18.3,22.4,7.1,363.0,17.0,25.0,58.0
"2026-04-22 11:02:24.811736","collector_001",21.9,30.1,4057.0,18.4,22.4,7.1,364.0,17.0,25.0,58.0
"2026-04-22 11:07:26.67271","collector_001",22.0,29.3,4014.0,18.5,22.4,7.1,365.0,17.0,25.0,59.0
"2026-04-22 11:12:29.309689","collector_001",22.0,27.5,4112.0,18.5,22.4,7.1,365.0,17.0,25.0,59.0
"2026-04-22 11:17:31.710693","collector_001",21.9,27.2,4326.0,18.6,22.5,7.1,366.0,17.0,25.0,59.0
"2026-04-22 11:22:34.624751","collector_001",22.1,28.7,4375.0,18.6,22.5,7.1,367.0,17.0,25.0,59.0
"2026-04-22 11:27:36.727693","collector_001",22.0,26.7,4381.0,18.7,22.5,7.1,368.0,17.0,25.0,59.0
"2026-04-22 11:32:38.587699","collector_001",21.8,25.5,4522.0,18.7,22.5,7.1,368.0,17.0,25.0,59.0
"2026-04-22 11:37:40.833695","collector_001",22.0,27.0,4669.0,18.8,22.5,7.1,369.0,17.0,25.0,59.0
"2026-04-22 11:42:42.542688","collector_001",22.1,26.2,4577.0,18.8,22.5,7.1,370.0,17.0,26.0,59.0
"2026-04-22 11:47:44.161692","collector_001",22.0,26.7,4178.0,18.9,22.6,7.1,370.0,17.0,26.0,59.0
"2026-04-22 11:52:45.9272","collector_001",22.1,25.2,4123.0,18.9,22.6,7.1,371.0,17.0,26.0,60.0
"2026-04-22 11:57:47.87673","collector_001",22.1,25.0,4251.0,18.9,22.6,7.1,371.0,17.0,26.0,60.0
"2026-04-22 12:02:50.766692","collector_001",22.1,29.2,4383.0,19.0,22.7,7.1,372.0,17.0,26.0,60.0
"2026-04-22 12:07:52.714692","collector_001",22.2,25.7,4569.0,19.0,22.7,7.1,373.0,17.0,26.0,60.0
"2026-04-22 12:12:54.629693","collector_001",22.4,25.8,4545.0,19.1,22.7,7.1,373.0,17.0,26.0,60.0
"2026-04-22 12:17:57.380688","collector_001",22.2,25.1,4448.0,19.1,22.7,7.1,374.0,17.0,26.0,60.0
"2026-04-22 12:22:59.645773","collector_001",22.4,25.7,4014.0,19.2,22.7,7.1,374.0,17.0,26.0,60.0
"2026-04-22 12:28:01.632692","collector_001",22.4,26.2,4061.0,19.2,22.7,7.1,375.0,17.0,26.0,60.0
"2026-04-22 12:33:03.547692","collector_001",22.3,25.5,3723.0,19.3,22.7,7.1,375.0,17.0,26.0,60.0
"2026-04-22 12:38:06.217205","collector_001",22.4,28.0,4047.0,19.3,22.7,7.1,376.0,18.0,26.0,60.0
"2026-04-22 12:43:08.202703","collector_001",22.4,25.0,4287.0,19.3,22.7,7.1,376.0,18.0,26.0,60.0
"2026-04-22 12:48:10.997726","collector_001",22.4,25.8,4673.0,19.4,22.7,7.1,377.0,18.0,26.0,61.0
"2026-04-22 12:53:13.707693","collector_001",22.5,27.0,4538.0,19.4,22.7,7.1,377.0,18.0,26.0,61.0
"2026-04-22 12:58:17.003699","collector_001",22.4,25.3,4113.0,19.5,22.8,7.1,378.0,18.0,26.0,61.0
"2026-04-22 13:03:19.959112","collector_001",22.4,24.5,3681.0,19.5,22.8,7.1,379.0,18.0,26.0,61.0
"2026-04-22 13:08:22.2186","collector_001",22.5,25.5,3037.0,19.6,22.8,7.1,379.0,18.0,26.0,61.0
"2026-04-22 13:13:24.308077","collector_001",22.6,26.7,2534.0,19.6,22.8,7.2,379.0,18.0,26.0,61.0
"2026-04-22 13:18:26.25108","collector_001",22.6,26.5,2367.0,19.6,22.8,7.2,380.0,18.0,26.0,61.0
"2026-04-22 13:23:28.599121","collector_001",22.6,26.9,2275.0,19.7,22.8,7.1,380.0,18.0,26.0,61.0
"2026-04-22 13:28:30.8821","collector_001",22.5,25.7,2447.0,19.7,22.8,7.2,381.0,18.0,26.0,61.0
"2026-04-22 13:33:32.769074","collector_001",22.6,26.4,2626.0,19.7,22.9,7.2,381.0,18.0,26.0,61.0
"2026-04-22 13:38:35.257612","collector_001",22.5,25.8,2989.0,19.7,22.9,7.2,381.0,18.0,26.0,61.0
"2026-04-22 13:43:38.043109","collector_001",22.5,24.5,3479.0,19.8,22.9,7.2,381.0,18.0,26.0,61.0
"2026-04-22 13:48:41.08412","collector_001",22.5,22.8,3355.0,19.8,22.9,7.2,382.0,18.0,26.0,61.0
"2026-04-22 13:53:43.579065","collector_001",22.2,24.0,3043.0,19.8,22.9,7.2,382.0,18.0,26.0,61.0
"2026-04-22 13:58:47.455068","collector_001",22.5,29.8,2835.0,19.8,22.9,7.2,383.0,18.0,26.0,62.0
"2026-04-22 14:03:49.950063","collector_001",22.7,24.5,2557.0,19.9,22.9,7.2,383.0,18.0,26.0,62.0
"2026-04-22 14:08:55.064066","collector_001",22.7,24.0,3056.0,19.9,22.9,7.2,383.0,18.0,26.0,62.0
"2026-04-22 14:13:57.483065","collector_001",22.5,23.2,2850.0,19.9,22.9,7.2,383.0,18.0,26.0,62.0
"2026-04-22 14:18:59.972066","collector_001",22.3,22.1,2706.0,19.9,22.9,7.2,383.0,18.0,26.0,62.0
"2026-04-22 14:24:02.322085","collector_001",22.3,23.3,2373.0,19.9,22.9,7.2,383.0,18.0,26.0,62.0
"2026-04-22 14:29:05.375066","collector_001",22.0,20.8,2353.0,19.9,22.9,7.2,383.0,18.0,26.0,62.0
"2026-04-22 14:34:07.513066","collector_001",22.1,21.1,2299.0,19.9,22.9,7.2,383.0,18.0,26.0,62.0
"2026-04-22 14:39:10.282103","collector_001",21.7,20.9,2273.0,19.9,22.9,7.2,383.0,18.0,26.0,62.0
"2026-04-22 14:44:12.997119","collector_001",21.6,21.0,2267.0,19.9,22.9,7.2,383.0,18.0,26.0,62.0
"2026-04-22 14:49:15.023072","collector_001",22.0,22.0,2255.0,19.8,22.9,7.2,383.0,18.0,26.0,62.0
"2026-04-22 14:54:17.502065","collector_001",22.2,22.9,2252.0,19.8,22.9,7.2,382.0,18.0,26.0,61.0
"2026-04-22 14:59:20.022058","collector_001",22.4,23.4,2178.0,19.8,22.9,7.2,383.0,18.0,26.0,62.0
"2026-04-22 15:04:23.817076","collector_001",22.0,23.3,2303.0,19.8,22.9,7.2,383.0,18.0,26.0,62.0
"2026-04-22 15:09:26.186064","collector_001",21.5,23.5,2303.0,19.8,22.9,7.2,383.0,18.0,26.0,62.0
"2026-04-22 15:14:28.524599","collector_001",21.5,23.9,2237.0,19.8,22.9,7.2,382.0,18.0,26.0,61.0
"2026-04-22 15:19:32.353092","collector_001",21.8,23.6,2276.0,19.8,22.9,7.2,382.0,18.0,26.0,61.0
"2026-04-22 15:24:34.734066","collector_001",21.8,23.6,2251.0,19.8,22.9,7.2,382.0,18.0,26.0,61.0
"2026-04-22 15:29:36.920066","collector_001",21.7,22.7,2233.0,19.7,22.9,7.2,381.0,18.0,26.0,61.0
"2026-04-22 15:34:38.921107","collector_001",21.7,23.3,2169.0,19.7,22.9,7.2,381.0,18.0,26.0,61.0
"2026-04-22 15:39:42.415568","collector_001",21.8,22.1,2207.0,19.7,22.9,7.2,381.0,18.0,26.0,61.0
"2026-04-22 15:44:45.104081","collector_001",21.7,21.8,2219.0,19.7,22.9,7.2,381.0,18.0,26.0,61.0
"2026-04-22 15:49:47.514126","collector_001",21.6,25.2,2255.0,19.7,22.9,7.2,381.0,18.0,26.0,61.0
"2026-04-22 15:54:49.928107","collector_001",22.0,25.1,2382.0,19.7,22.9,7.2,381.0,18.0,26.0,61.0
"2026-04-22 15:59:53.107569","collector_001",21.7,22.8,2495.0,19.7,22.9,7.2,381.0,18.0,26.0,61.0
"2026-04-22 16:04:56.53303","collector_001",21.5,25.8,2461.0,19.6,22.9,7.2,381.0,18.0,26.0,61.0
"2026-04-22 16:09:58.850523","collector_001",21.7,22.2,2162.0,19.6,22.9,7.2,381.0,18.0,26.0,61.0
"2026-04-22 16:15:01.284545","collector_001",21.6,22.8,1942.0,19.6,22.9,7.2,380.0,18.0,26.0,61.0
"2026-04-22 16:20:04.214519","collector_001",21.6,23.8,2050.0,19.6,22.9,7.2,380.0,18.0,26.0,61.0
"2026-04-22 16:25:08.856555","collector_001",22.2,23.5,2318.0,19.6,22.9,7.2,380.0,18.0,26.0,61.0
"2026-04-22 16:30:12.787528","collector_001",22.3,22.2,2359.0,19.6,22.9,7.2,380.0,18.0,26.0,61.0
"2026-04-22 16:35:15.262552","collector_001",22.5,25.2,2994.0,19.6,22.9,7.3,380.0,18.0,26.0,61.0
"2026-04-22 16:40:18.046534","collector_001",22.5,23.4,2548.0,19.6,22.9,7.3,381.0,18.0,26.0,61.0
"2026-04-22 16:45:20.950526","collector_001",22.4,24.3,2053.0,19.6,22.9,7.2,381.0,18.0,26.0,61.0
"2026-04-22 16:50:24.251528","collector_001",22.6,23.6,2162.0,19.6,22.9,7.2,381.0,18.0,26.0,61.0
"2026-04-22 16:55:27.224523","collector_001",22.2,22.4,1900.0,19.7,22.9,7.2,381.0,18.0,26.0,61.0
"2026-04-22 17:00:29.534568","collector_001",22.5,23.1,1937.0,19.7,22.9,7.2,381.0,18.0,26.0,61.0
"2026-04-22 17:05:31.962532","collector_001",22.7,23.9,3076.0,19.7,22.9,7.2,381.0,18.0,26.0,61.0
"2026-04-22 17:10:36.899549","collector_001",22.7,25.4,1984.0,19.7,22.9,7.2,382.0,18.0,26.0,61.0
"2026-04-22 17:15:43.391552","collector_001",22.7,23.3,1968.0,19.8,22.9,7.2,383.0,18.0,26.0,62.0
"2026-04-22 17:20:46.856561","collector_001",22.7,24.0,1882.0,19.8,22.9,7.2,383.0,18.0,26.0,62.0
"2026-04-22 17:25:49.567521","collector_001",22.7,24.8,1923.0,19.8,22.9,7.2,383.0,18.0,26.0,62.0
"2026-04-22 17:30:52.642526","collector_001",22.7,23.5,2093.0,19.8,22.9,7.2,383.0,18.0,26.0,62.0
"2026-04-22 17:35:57.109527","collector_001",22.5,23.5,2111.0,19.9,22.9,7.2,383.0,18.0,26.0,62.0
"2026-04-22 17:41:02.596523","collector_001",22.1,22.5,1852.0,19.9,22.9,7.2,383.0,18.0,26.0,62.0
"2026-04-22 17:46:06.729559","collector_001",21.9,22.4,1659.0,19.9,22.9,7.2,383.0,18.0,26.0,62.0
"2026-04-22 17:52:46.452527","collector_001",21.7,22.6,1586.0,19.9,22.9,7.2,383.0,18.0,26.0,62.0
"2026-04-22 17:58:39.264566","collector_001",21.7,22.6,1184.0,19.9,22.9,7.2,383.0,18.0,26.0,62.0
"2026-04-22 18:03:54.059562","collector_001",21.7,22.7,1088.0,19.9,22.9,7.2,383.0,18.0,26.0,62.0
"2026-04-22 18:09:34.307049","collector_001",21.7,23.5,1562.0,19.8,22.9,7.2,382.0,18.0,26.0,61.0
"2026-04-22 18:14:51.75459","collector_001",21.8,24.2,1942.0,19.8,22.9,7.2,382.0,18.0,26.0,61.0
"2026-04-22 18:20:09.548539","collector_001",21.8,23.6,1469.0,19.8,22.9,7.2,382.0,18.0,26.0,61.0
"2026-04-22 18:25:21.91056","collector_001",21.8,23.8,1186.0,19.8,22.9,7.2,382.0,18.0,26.0,61.0
"2026-04-22 18:30:35.252564","collector_001",21.6,24.9,1002.0,19.8,22.8,7.2,381.0,18.0,26.0,61.0
"2026-04-22 18:35:53.564594","collector_001",21.2,24.8,768.0,19.7,22.9,7.2,381.0,18.0,26.0,61.0
"2026-04-22 18:41:05.679528","collector_001",21.3,24.8,703.0,19.7,22.9,7.2,381.0,18.0,26.0,61.0
"2026-04-22 18:46:40.60252","collector_001",21.5,26.2,595.0,19.7,22.8,7.2,381.0,18.0,26.0,61.0
"2026-04-22 18:51:52.638526","collector_001",21.6,25.0,446.0,19.7,22.9,7.2,381.0,18.0,26.0,61.0
"2026-04-22 18:57:07.130533","collector_001",21.4,25.5,343.0,19.7,22.8,7.2,381.0,18.0,26.0,61.0
"2026-04-22 19:02:20.127004","collector_001",21.4,25.5,258.0,19.6,22.9,7.2,380.0,18.0,26.0,61.0
"2026-04-22 19:07:32.863016","collector_001",21.3,25.8,193.0,19.6,22.8,7.2,380.0,18.0,26.0,61.0
"2026-04-22 19:12:52.33605","collector_001",21.5,26.3,143.0,19.5,22.8,7.2,379.0,18.0,26.0,61.0
"2026-04-22 19:18:17.881002","collector_001",21.7,27.4,122.0,19.5,22.8,7.2,379.0,18.0,26.0,61.0
"2026-04-22 19:23:47.083054","collector_001",22.0,27.3,107.0,19.5,22.8,7.2,379.0,18.0,26.0,61.0
"2026-04-22 19:28:55.722122","collector_001",21.9,27.8,97.0,19.5,22.8,7.2,379.0,18.0,26.0,61.0
"2026-04-22 19:34:14.587015","collector_001",22.1,28.3,94.0,19.4,22.8,7.2,379.0,18.0,26.0,61.0
"2026-04-22 19:45:02.827085","collector_001",22.1,28.6,93.0,19.4,22.8,7.2,379.0,18.0,26.0,61.0
"2026-04-22 19:50:38.249052","collector_001",22.1,28.7,94.0,19.4,22.8,7.2,379.0,18.0,26.0,61.0
"2026-04-22 19:55:48.966012","collector_001",22.1,28.7,94.0,19.4,22.8,7.2,379.0,18.0,26.0,61.0
"2026-04-22 20:01:28.532012","collector_001",22.1,30.0,93.0,19.4,22.8,7.2,379.0,18.0,26.0,61.0
"2026-04-22 20:06:57.769004","collector_001",22.0,28.9,94.0,19.4,22.8,7.2,379.0,18.0,26.0,61.0
"2026-04-22 20:12:16.302004","collector_001",22.1,30.0,93.0,19.4,22.8,7.2,378.0,18.0,26.0,61.0
"2026-04-22 20:17:37.306023","collector_001",22.0,29.4,93.0,19.4,22.8,7.2,379.0,18.0,26.0,61.0
"2026-04-22 20:22:56.760003","collector_001",22.0,29.7,92.0,19.4,22.8,7.2,379.0,18.0,26.0,61.0
"2026-04-22 20:28:27.277012","collector_001",21.9,29.8,91.0,19.3,22.8,7.2,378.0,18.0,26.0,61.0
"2026-04-22 20:33:54.27604","collector_001",21.8,30.1,91.0,19.3,22.8,7.2,378.0,18.0,26.0,61.0
"2026-04-22 20:39:03.026013","collector_001",21.6,31.0,93.0,19.3,22.8,7.2,377.0,18.0,26.0,61.0
"2026-04-22 20:44:11.419004","collector_001",21.7,30.7,94.0,19.3,22.8,7.2,377.0,18.0,26.0,61.0
"2026-04-22 20:49:19.361003","collector_001",21.5,31.2,95.0,19.3,22.8,7.2,377.0,18.0,26.0,61.0
"2026-04-22 20:54:33.356997","collector_001",21.1,32.6,93.0,19.2,22.7,7.2,377.0,18.0,26.0,61.0
"2026-04-22 20:59:52.106005","collector_001",21.1,31.8,94.0,19.2,22.7,7.2,375.0,17.0,26.0,60.0
"2026-04-22 21:05:03.810004","collector_001",21.2,31.6,93.0,19.2,22.7,7.2,375.0,17.0,26.0,60.0
"2026-04-22 21:10:22.341003","collector_001",21.6,30.9,94.0,19.1,22.7,7.2,375.0,17.0,26.0,60.0
"2026-04-22 21:15:31.257073","collector_001",21.7,30.9,93.0,19.1,22.7,7.2,375.0,17.0,26.0,60.0
"2026-04-22 21:20:46.700064","collector_001",21.0,32.9,95.0,19.0,22.7,7.2,375.0,17.0,26.0,60.0
"2026-04-22 21:26:08.674004","collector_001",21.1,32.2,95.0,19.0,22.7,7.2,374.0,17.0,26.0,60.0
"2026-04-22 21:31:30.908519","collector_001",21.3,31.6,93.0,19.0,22.7,7.2,374.0,17.0,26.0,60.0
"2026-04-22 21:36:45.608046","collector_001",21.3,31.4,93.0,19.0,22.7,7.2,374.0,17.0,26.0,60.0
"2026-04-22 21:42:01.399999","collector_001",21.3,31.9,93.0,18.9,22.7,7.2,373.0,17.0,26.0,60.0
"2026-04-22 21:47:22.646999","collector_001",21.4,32.3,93.0,18.9,22.7,7.2,373.0,17.0,26.0,60.0
"2026-04-22 21:52:30.893997","collector_001",21.0,33.9,95.0,18.9,22.7,7.2,373.0,17.0,26.0,60.0
"2026-04-22 21:57:36.425016","collector_001",20.9,32.4,95.0,18.9,22.7,7.2,373.0,17.0,26.0,60.0
"2026-04-22 22:02:40.407862","collector_001",21.1,32.3,94.0,18.9,22.7,7.2,373.0,17.0,26.0,60.0
"2026-04-22 22:07:42.807897","collector_001",21.3,32.3,95.0,18.9,22.7,7.2,373.0,17.0,26.0,60.0
"2026-04-22 22:12:45.281826","collector_001",21.3,32.2,95.0,18.8,22.7,7.2,373.0,17.0,26.0,60.0
"2026-04-22 22:17:47.441826","collector_001",21.0,33.1,93.0,18.8,22.7,7.2,373.0,17.0,26.0,60.0
"2026-04-22 22:22:50.094822","collector_001",20.9,33.6,93.0,18.8,22.7,7.2,373.0,17.0,26.0,60.0
"2026-04-22 22:27:52.307861","collector_001",20.9,33.4,1.0,18.8,22.7,7.2,372.0,17.0,26.0,60.0
"2026-04-22 22:32:54.213824","collector_001",20.9,33.0,1.0,18.8,22.7,7.2,372.0,17.0,26.0,60.0
"2026-04-22 22:37:55.836818","collector_001",20.8,33.2,1.0,18.7,22.7,7.2,372.0,17.0,26.0,60.0
"2026-04-22 22:42:57.636855","collector_001",20.6,33.5,1.0,18.7,22.7,7.2,371.0,17.0,26.0,60.0
"2026-04-22 22:47:59.244824","collector_001",20.7,34.0,1.0,18.6,22.7,7.2,371.0,17.0,26.0,60.0
"2026-04-22 22:53:00.965821","collector_001",20.4,34.1,1.0,18.6,22.7,7.2,371.0,17.0,26.0,60.0
"2026-04-22 22:58:02.812828","collector_001",20.5,33.9,0.0,18.6,22.7,7.2,370.0,17.0,26.0,59.0
"2026-04-22 23:03:04.538821","collector_001",20.7,33.6,0.0,18.6,22.7,7.2,370.0,17.0,26.0,59.0
"2026-04-22 23:08:06.422826","collector_001",20.8,33.3,0.0,18.5,22.7,7.2,370.0,17.0,26.0,59.0
"2026-04-22 23:13:08.193826","collector_001",20.9,33.7,0.0,18.5,22.7,7.2,370.0,17.0,26.0,59.0
"2026-04-22 23:18:09.933843","collector_001",20.9,33.2,0.0,18.5,22.7,7.2,369.0,17.0,25.0,59.0
"2026-04-22 23:23:11.480826","collector_001",20.8,33.5,0.0,18.5,22.7,7.2,370.0,17.0,26.0,59.0
"2026-04-22 23:28:13.231821","collector_001",20.9,33.6,0.0,18.5,22.7,7.2,369.0,17.0,25.0,59.0
"2026-04-22 23:33:14.472112","collector_001",20.9,33.3,0.0,18.5,22.6,7.2,369.0,17.0,25.0,59.0
"2026-04-22 23:38:16.122821","collector_001",21.0,34.4,0.0,18.5,22.7,7.2,369.0,17.0,25.0,59.0
"2026-04-22 23:43:17.574862","collector_001",20.9,33.6,0.0,18.4,22.7,7.1,369.0,17.0,25.0,59.0
"2026-04-22 23:48:18.972832","collector_001",20.9,33.5,0.0,18.4,22.7,7.1,369.0,17.0,25.0,59.0
"2026-04-22 23:53:20.706824","collector_001",20.9,34.2,0.0,18.4,22.7,7.2,369.0,17.0,25.0,59.0
"2026-04-22 23:58:22.448834","collector_001",20.7,37.1,0.0,18.4,22.7,7.1,369.0,17.0,25.0,59.0
"2026-04-23 00:03:23.976825","collector_001",20.3,39.1,0.0,18.4,22.6,7.1,369.0,17.0,25.0,59.0
"2026-04-23 00:08:25.654826","collector_001",20.3,38.5,0.0,18.3,22.6,7.1,369.0,17.0,25.0,59.0
"2026-04-23 00:13:27.259827","collector_001",20.4,35.4,0.0,18.3,22.6,7.1,368.0,17.0,25.0,59.0
"2026-04-23 00:18:28.992825","collector_001",20.3,35.6,0.0,18.3,22.6,7.1,368.0,17.0,25.0,59.0
"2026-04-23 00:23:30.529861","collector_001",20.2,35.3,0.0,18.2,22.6,7.1,367.0,17.0,25.0,59.0
"2026-04-23 00:28:32.350323","collector_001",20.5,35.1,0.0,18.2,22.6,7.1,367.0,17.0,25.0,59.0
"2026-04-23 00:33:33.927826","collector_001",20.5,34.7,0.0,18.2,22.6,7.1,367.0,17.0,25.0,59.0
"2026-04-23 00:38:35.822826","collector_001",20.5,34.6,0.0,18.2,22.6,7.1,367.0,17.0,25.0,59.0
"2026-04-23 00:43:37.531841","collector_001",20.5,34.7,0.0,18.2,22.6,7.1,367.0,17.0,25.0,59.0
"2026-04-23 00:48:39.276832","collector_001",20.6,34.5,0.0,18.1,22.5,7.1,367.0,17.0,25.0,59.0
"2026-04-23 00:53:40.894821","collector_001",20.6,34.6,0.0,18.1,22.6,7.1,367.0,17.0,25.0,59.0
"2026-04-23 00:58:42.576847","collector_001",20.6,34.6,0.0,18.1,22.6,7.1,367.0,17.0,25.0,59.0
"2026-04-23 01:03:44.288131","collector_001",20.5,34.7,0.0,18.1,22.5,7.1,367.0,17.0,25.0,59.0
"2026-04-23 01:08:46.281628","collector_001",20.4,34.7,0.0,18.1,22.5,7.1,367.0,17.0,25.0,59.0
"2026-04-23 01:13:47.594625","collector_001",20.1,37.8,0.0,18.1,22.5,7.1,367.0,17.0,25.0,59.0
"2026-04-23 01:18:49.449612","collector_001",20.3,35.0,0.0,18.1,22.5,7.1,366.0,17.0,25.0,59.0
"2026-04-23 01:23:51.385617","collector_001",20.4,35.2,0.0,18.0,22.5,7.1,366.0,17.0,25.0,59.0
"2026-04-23 01:28:53.108132","collector_001",20.3,34.7,0.0,18.0,22.5,7.2,366.0,17.0,25.0,59.0
"2026-04-23 01:33:54.807621","collector_001",20.1,35.1,0.0,18.0,22.5,7.2,366.0,17.0,25.0,59.0
"2026-04-23 01:38:56.779612","collector_001",19.8,37.2,0.0,17.9,22.5,7.1,366.0,17.0,25.0,59.0
"2026-04-23 01:43:58.698643","collector_001",19.9,35.6,0.0,17.9,22.5,7.1,365.0,17.0,25.0,59.0
"2026-04-23 01:49:00.403693","collector_001",19.8,38.3,0.0,17.9,22.5,7.1,365.0,17.0,25.0,59.0
"2026-04-23 01:54:01.871746","collector_001",19.7,35.6,0.0,17.9,22.5,7.1,365.0,17.0,25.0,59.0
"2026-04-23 01:59:03.335652","collector_001",19.9,35.3,0.0,17.8,22.5,7.1,365.0,17.0,25.0,59.0
"2026-04-23 02:04:04.685623","collector_001",19.9,35.1,0.0,17.8,22.5,7.1,365.0,17.0,25.0,59.0
"2026-04-23 02:09:05.988643","collector_001",20.1,34.7,0.0,17.8,22.5,7.1,364.0,17.0,25.0,58.0
"2026-04-23 02:14:07.47961","collector_001",20.0,34.8,0.0,17.7,22.5,7.1,364.0,17.0,25.0,58.0
"2026-04-23 02:19:08.672634","collector_001",19.8,35.2,0.0,17.7,22.5,7.1,363.0,17.0,25.0,58.0
"2026-04-23 02:24:10.057611","collector_001",19.9,34.9,0.0,17.7,22.5,7.1,363.0,17.0,25.0,58.0
"2026-04-23 02:29:11.499621","collector_001",20.1,34.7,0.0,17.7,22.5,7.1,364.0,17.0,25.0,58.0
"2026-04-23 02:34:13.005625","collector_001",20.3,34.2,0.0,17.7,22.5,7.1,363.0,17.0,25.0,58.0
"2026-04-23 02:39:14.443634","collector_001",20.4,34.3,0.0,17.6,22.5,7.1,363.0,17.0,25.0,58.0
"2026-04-23 02:44:16.183616","collector_001",20.3,34.3,0.0,17.7,22.5,7.1,363.0,17.0,25.0,58.0
"2026-04-23 02:49:17.55661","collector_001",20.3,34.3,0.0,17.6,22.5,7.1,363.0,17.0,25.0,58.0
"2026-04-23 02:54:19.441612","collector_001",20.2,35.9,0.0,17.6,22.5,7.1,363.0,17.0,25.0,58.0
"2026-04-23 02:59:20.905617","collector_001",20.2,34.4,0.0,17.6,22.5,7.1,363.0,17.0,25.0,58.0
"2026-04-23 03:04:22.220615","collector_001",20.2,34.8,0.0,17.6,22.5,7.1,363.0,17.0,25.0,58.0
"2026-04-23 03:09:23.500616","collector_001",20.2,34.4,0.0,17.6,22.5,7.1,363.0,17.0,25.0,58.0
"2026-04-23 03:14:25.278617","collector_001",20.2,34.3,0.0,17.6,22.5,7.1,363.0,17.0,25.0,58.0
"2026-04-23 03:19:26.691628","collector_001",20.1,34.4,0.0,17.6,22.5,7.1,363.0,17.0,25.0,58.0
"2026-04-23 03:24:28.006625","collector_001",20.2,34.4,0.0,17.6,22.5,7.1,363.0,17.0,25.0,58.0
"2026-04-23 03:29:29.262643","collector_001",20.2,34.6,0.0,17.6,22.5,7.1,363.0,17.0,25.0,58.0
"2026-04-23 03:34:30.937646","collector_001",20.2,34.9,0.0,17.6,22.5,7.1,363.0,17.0,25.0,58.0
"2026-04-23 03:39:32.526616","collector_001",20.2,34.7,0.0,17.6,22.5,7.1,363.0,17.0,25.0,58.0
"2026-04-23 03:44:33.889634","collector_001",20.3,34.8,0.0,17.6,22.5,7.1,363.0,17.0,25.0,58.0
"2026-04-23 03:49:35.182621","collector_001",20.3,34.5,0.0,17.6,22.5,7.1,363.0,17.0,25.0,58.0
"2026-04-23 03:54:36.737617","collector_001",20.3,34.7,0.0,17.6,22.5,7.1,363.0,17.0,25.0,58.0
"2026-04-23 03:59:38.218608","collector_001",20.2,34.7,0.0,17.6,22.5,7.1,363.0,17.0,25.0,58.0
"2026-04-23 04:04:39.631108","collector_001",20.2,34.7,0.0,17.6,22.5,7.1,363.0,17.0,25.0,58.0
"2026-04-23 04:09:41.36311","collector_001",20.3,34.7,0.0,17.5,22.5,7.1,363.0,17.0,25.0,58.0
"2026-04-23 04:14:43.075624","collector_001",20.2,34.8,0.0,17.5,22.4,7.1,363.0,17.0,25.0,58.0
"2026-04-23 04:19:44.931101","collector_001",20.2,34.7,1.0,17.5,22.4,7.1,363.0,17.0,25.0,58.0
"2026-04-23 04:24:46.834629","collector_001",20.1,35.1,1.0,17.5,22.4,7.1,363.0,17.0,25.0,58.0
"2026-04-23 04:29:48.300109","collector_001",20.1,34.6,1.0,17.5,22.4,7.1,363.0,17.0,25.0,58.0
"2026-04-23 04:34:50.122101","collector_001",20.1,34.5,1.0,17.5,22.4,7.1,362.0,17.0,25.0,58.0
"2026-04-23 04:39:52.322105","collector_001",20.2,34.2,1.0,17.5,22.4,7.1,362.0,17.0,25.0,58.0
"2026-04-23 04:44:54.085097","collector_001",20.1,34.6,1.0,17.5,22.4,7.1,362.0,17.0,25.0,58.0
"2026-04-23 04:49:55.825106","collector_001",19.9,35.7,1.0,17.5,22.4,7.1,362.0,17.0,25.0,58.0
"2026-04-23 04:54:57.638101","collector_001",20.0,34.8,1.0,17.5,22.4,7.1,362.0,17.0,25.0,58.0
"2026-04-23 04:59:59.444106","collector_001",19.9,34.6,1.0,17.4,22.4,7.1,362.0,17.0,25.0,58.0
"2026-04-23 05:05:01.495132","collector_001",19.8,35.0,1.0,17.4,22.4,7.1,362.0,17.0,25.0,58.0
"2026-04-23 05:10:03.226105","collector_001",19.8,34.6,1.0,17.4,22.4,7.1,361.0,17.0,25.0,58.0
"2026-04-23 05:15:04.793105","collector_001",19.8,34.7,1.0,17.4,22.4,7.1,361.0,17.0,25.0,58.0
"2026-04-23 05:20:06.621104","collector_001",19.8,34.6,1.0,17.4,22.4,7.1,361.0,17.0,25.0,58.0
"2026-04-23 05:25:08.111105","collector_001",19.9,34.7,2.0,17.4,22.4,7.1,361.0,17.0,25.0,58.0
"2026-04-23 05:30:09.752101","collector_001",20.0,34.3,3.0,17.4,22.4,7.1,361.0,17.0,25.0,58.0
"2026-04-23 05:35:11.535123","collector_001",20.0,34.4,7.0,17.4,22.4,7.1,361.0,17.0,25.0,58.0
"2026-04-23 05:40:13.218148","collector_001",20.0,34.5,15.0,17.3,22.4,7.1,361.0,17.0,25.0,58.0
"2026-04-23 05:45:15.158107","collector_001",20.0,34.5,29.0,17.3,22.4,7.1,361.0,17.0,25.0,58.0
"2026-04-23 05:50:19.616104","collector_001",20.1,34.5,49.0,17.3,22.4,7.1,361.0,17.0,25.0,58.0
"2026-04-23 05:55:22.04011","collector_001",20.1,34.7,81.0,17.3,22.4,7.1,361.0,17.0,25.0,58.0
"2026-04-23 06:00:24.47913","collector_001",20.1,34.7,133.0,17.3,22.4,7.1,361.0,17.0,25.0,58.0
"2026-04-23 06:05:26.396118","collector_001",20.1,34.7,192.0,17.3,22.4,7.1,361.0,17.0,25.0,58.0
"2026-04-23 06:10:28.54511","collector_001",20.2,35.2,282.0,17.3,22.4,7.1,361.0,17.0,25.0,58.0
"2026-04-23 06:15:30.666264","collector_001",20.1,35.2,387.0,17.3,22.4,7.1,361.0,17.0,25.0,58.0
"2026-04-23 06:20:32.476185","collector_001",20.2,35.1,498.0,17.3,22.4,7.1,361.0,17.0,25.0,58.0
"2026-04-23 06:25:34.790117","collector_001",20.2,34.8,624.0,17.3,22.4,7.1,361.0,17.0,25.0,58.0
"2026-04-23 06:30:37.327106","collector_001",20.2,34.9,671.0,17.3,22.4,7.1,361.0,17.0,25.0,58.0
"2026-04-23 06:35:39.437104","collector_001",20.1,34.8,688.0,17.3,22.4,7.1,361.0,17.0,25.0,58.0
"2026-04-23 06:40:41.53411","collector_001",20.2,34.7,733.0,17.3,22.4,7.1,361.0,17.0,25.0,58.0
"2026-04-23 06:45:43.408106","collector_001",20.1,34.6,927.0,17.3,22.4,7.1,361.0,17.0,25.0,58.0
"2026-04-23 06:50:45.376106","collector_001",20.2,34.6,1079.0,17.3,22.4,7.1,361.0,17.0,25.0,58.0
"2026-04-23 06:55:47.681105","collector_001",20.2,34.4,1185.0,17.3,22.4,7.1,361.0,17.0,25.0,58.0
"2026-04-23 07:00:50.344106","collector_001",20.3,34.4,1283.0,17.3,22.4,7.1,361.0,17.0,25.0,58.0
"2026-04-23 07:05:52.689219","collector_001",20.3,34.3,1368.0,17.3,22.4,7.1,361.0,17.0,25.0,58.0
"2026-04-23 07:10:54.780256","collector_001",20.4,34.4,1555.0,17.4,22.4,7.1,362.0,17.0,25.0,58.0
"2026-04-23 07:15:56.65025","collector_001",20.4,34.9,1625.0,17.4,22.4,7.1,362.0,17.0,25.0,58.0
"2026-04-23 07:20:59.165253","collector_001",20.4,35.6,1733.0,17.4,22.4,7.1,362.0,17.0,25.0,58.0
"2026-04-23 07:26:01.435232","collector_001",20.3,36.2,1777.0,17.4,22.4,7.1,362.0,17.0,25.0,58.0
"2026-04-23 07:31:03.267793","collector_001",20.2,34.9,1634.0,17.4,22.4,7.1,362.0,17.0,25.0,58.0
"2026-04-23 07:36:05.522254","collector_001",20.4,33.9,1642.0,17.5,22.4,7.1,363.0,17.0,25.0,58.0
"2026-04-23 07:41:07.335224","collector_001",20.4,35.0,1803.0,17.5,22.4,7.1,363.0,17.0,25.0,58.0
"2026-04-23 07:46:09.100224","collector_001",20.1,34.3,1913.0,17.5,22.4,7.1,363.0,17.0,25.0,58.0
"2026-04-23 07:51:11.261223","collector_001",20.2,34.1,2138.0,17.5,22.4,7.1,363.0,17.0,25.0,58.0
"2026-04-23 07:56:13.510223","collector_001",20.4,33.9,2193.0,17.5,22.4,7.1,363.0,17.0,25.0,58.0
"2026-04-23 08:01:15.986217","collector_001",20.3,33.7,2193.0,17.5,22.4,7.1,363.0,17.0,25.0,58.0
"2026-04-23 08:06:17.910287","collector_001",20.2,33.6,2297.0,17.6,22.4,7.1,363.0,17.0,25.0,58.0
"2026-04-23 08:11:20.491253","collector_001",20.4,33.5,2367.0,17.6,22.4,7.1,364.0,17.0,25.0,58.0
"2026-04-23 08:16:23.646235","collector_001",20.5,35.0,2314.0,17.6,22.4,7.1,364.0,17.0,25.0,58.0
"2026-04-23 08:21:25.73923","collector_001",19.8,33.8,2329.0,17.6,22.4,7.1,364.0,17.0,25.0,58.0
"2026-04-23 08:26:27.653224","collector_001",20.2,33.4,2375.0,17.6,22.4,7.1,364.0,17.0,25.0,58.0
"2026-04-23 08:31:29.719219","collector_001",20.1,33.2,2547.0,17.6,22.4,7.1,364.0,17.0,25.0,58.0
"2026-04-23 08:36:32.327217","collector_001",19.9,33.9,2440.0,17.7,22.4,7.1,364.0,17.0,25.0,58.0
"2026-04-23 08:41:34.369245","collector_001",19.9,34.3,2372.0,17.7,22.4,7.1,365.0,17.0,25.0,59.0
"2026-04-23 08:46:36.623284","collector_001",19.8,33.1,2698.0,17.7,22.4,7.1,364.0,17.0,25.0,58.0
"2026-04-23 08:51:38.601722","collector_001",19.9,33.5,2652.0,17.7,22.4,7.1,364.0,17.0,25.0,58.0
"2026-04-23 08:56:40.794219","collector_001",19.6,32.4,2780.0,17.7,22.4,7.1,364.0,17.0,25.0,58.0
"2026-04-23 09:01:45.076236","collector_001",20.1,34.2,2998.0,17.7,22.4,7.1,365.0,17.0,25.0,59.0
"2026-04-23 09:06:47.734224","collector_001",20.2,32.7,2859.0,17.7,22.4,7.1,365.0,17.0,25.0,59.0
"2026-04-23 09:11:50.31223","collector_001",20.0,31.6,2872.0,17.7,22.4,7.1,364.0,17.0,25.0,58.0
"2026-04-23 09:16:53.216232","collector_001",19.8,31.7,2647.0,17.7,22.4,7.1,365.0,17.0,25.0,59.0
"2026-04-23 09:21:56.476228","collector_001",20.2,31.2,2643.0,17.7,22.4,7.1,365.0,17.0,25.0,59.0
"2026-04-23 09:26:59.618241","collector_001",20.0,31.2,2796.0,17.7,22.4,7.1,365.0,17.0,25.0,59.0
"2026-04-23 09:32:01.77129","collector_001",20.4,29.9,2963.0,17.8,22.4,7.1,365.0,17.0,25.0,59.0
"2026-04-23 09:37:04.257254","collector_001",20.5,29.8,2885.0,17.8,22.4,7.1,365.0,17.0,25.0,59.0
"2026-04-23 09:42:07.46023","collector_001",20.4,29.1,2950.0,17.8,22.4,7.1,365.0,17.0,25.0,59.0
"2026-04-23 09:47:10.471222","collector_001",20.1,28.6,2950.0,17.8,22.4,7.1,365.0,17.0,25.0,59.0
"2026-04-23 09:52:13.604222","collector_001",20.1,27.8,2982.0,17.9,22.4,7.1,366.0,17.0,25.0,59.0
"2026-04-23 09:57:16.112235","collector_001",19.9,27.5,2843.0,17.9,22.4,7.1,365.0,17.0,25.0,59.0
"2026-04-23 10:02:18.766778","collector_001",20.0,27.1,2700.0,17.9,22.4,7.1,365.0,17.0,25.0,59.0
"2026-04-23 10:07:21.407776","collector_001",20.1,27.0,2678.0,17.9,22.4,7.1,365.0,17.0,25.0,59.0
"2026-04-23 10:12:23.88578","collector_001",20.3,27.9,2700.0,17.9,22.4,7.1,365.0,17.0,25.0,59.0
"2026-04-23 10:17:25.726778","collector_001",20.2,26.8,2723.0,17.9,22.4,7.1,365.0,17.0,25.0,59.0
"2026-04-23 10:22:27.732771","collector_001",20.0,27.1,2708.0,17.9,22.4,7.1,366.0,17.0,25.0,59.0
"2026-04-23 10:27:30.240771","collector_001",20.2,26.6,2751.0,17.9,22.4,7.1,366.0,17.0,25.0,59.0
"2026-04-23 10:32:32.629773","collector_001",20.2,26.7,2803.0,17.9,22.4,7.1,365.0,17.0,25.0,59.0
"2026-04-23 10:37:34.896772","collector_001",20.3,27.0,2755.0,17.9,22.4,7.1,366.0,17.0,25.0,59.0
"2026-04-23 10:42:37.049776","collector_001",20.4,26.6,2727.0,17.9,22.4,7.1,366.0,17.0,25.0,59.0
"2026-04-23 10:47:40.13683","collector_001",20.3,26.0,2656.0,18.0,22.4,7.1,366.0,17.0,25.0,59.0
"2026-04-23 10:52:42.871786","collector_001",20.5,26.7,2699.0,18.0,22.4,7.1,366.0,17.0,25.0,59.0
"2026-04-23 10:57:46.100781","collector_001",20.6,25.9,2759.0,18.0,22.4,7.1,366.0,17.0,25.0,59.0
"2026-04-23 11:02:48.87278","collector_001",20.7,25.9,2828.0,18.1,22.4,7.1,366.0,17.0,25.0,59.0
"2026-04-23 11:07:53.275778","collector_001",20.6,28.7,2832.0,18.1,22.4,7.1,366.0,17.0,25.0,59.0
"2026-04-23 11:12:56.374799","collector_001",20.7,25.5,2788.0,18.1,22.4,7.1,366.0,17.0,25.0,59.0
"2026-04-23 11:17:59.835773","collector_001",20.9,25.8,2759.0,18.1,22.4,7.1,366.0,17.0,25.0,59.0
"2026-04-23 11:23:03.098773","collector_001",21.1,24.8,2656.0,18.2,22.4,7.1,366.0,17.0,25.0,59.0
"2026-04-23 11:28:08.897776","collector_001",21.0,24.6,2549.0,18.2,22.4,7.1,367.0,17.0,25.0,59.0
"2026-04-23 11:33:11.696773","collector_001",20.8,25.1,2491.0,18.3,22.4,7.1,367.0,17.0,25.0,59.0
"2026-04-23 11:38:14.935807","collector_001",20.9,24.2,2467.0,18.3,22.4,7.1,367.0,17.0,25.0,59.0
"2026-04-23 11:43:18.006784","collector_001",20.9,25.0,2423.0,18.3,22.4,7.1,367.0,17.0,25.0,59.0
"2026-04-23 11:48:20.927773","collector_001",21.2,24.5,2446.0,18.3,22.4,7.1,367.0,17.0,25.0,59.0
"2026-04-23 11:53:23.595821","collector_001",21.4,25.4,2458.0,18.3,22.4,7.1,367.0,17.0,25.0,59.0
"2026-04-23 11:58:25.861785","collector_001",21.5,24.6,2444.0,18.4,22.4,7.1,367.0,17.0,25.0,59.0
"2026-04-23 12:03:28.487835","collector_001",21.5,24.4,2473.0,18.4,22.4,7.1,368.0,17.0,25.0,59.0
"2026-04-23 12:08:31.873844","collector_001",21.4,23.3,2587.0,18.5,22.4,7.1,368.0,17.0,25.0,59.0
"2026-04-23 12:13:34.97981","collector_001",21.5,22.8,2671.0,18.5,22.4,7.1,368.0,17.0,25.0,59.0
"2026-04-23 12:18:38.697815","collector_001",21.7,23.6,2780.0,18.6,22.4,7.1,369.0,17.0,25.0,59.0
"2026-04-23 12:23:41.609804","collector_001",21.7,23.3,2944.0,18.6,22.4,7.1,369.0,17.0,25.0,59.0
"2026-04-23 12:28:44.468888","collector_001",21.9,24.7,3012.0,18.6,22.4,7.1,369.0,17.0,25.0,59.0
"2026-04-23 12:33:47.534778","collector_001",22.0,23.1,2941.0,18.7,22.4,7.1,370.0,17.0,26.0,59.0
"2026-04-23 12:38:49.962777","collector_001",22.1,23.9,2869.0,18.7,22.4,7.1,370.0,17.0,26.0,59.0
"2026-04-23 12:43:52.663788","collector_001",21.9,24.0,2701.0,18.8,22.4,7.1,370.0,17.0,26.0,59.0
"2026-04-23 12:48:55.494829","collector_001",21.8,23.3,2714.0,18.8,22.4,7.1,370.0,17.0,26.0,59.0
"2026-04-23 12:53:58.053777","collector_001",22.0,25.1,2678.0,18.9,22.4,7.1,371.0,17.0,26.0,60.0
"2026-04-23 12:59:00.368776","collector_001",22.2,23.7,2658.0,18.9,22.4,7.1,371.0,17.0,26.0,60.0
"2026-04-23 13:04:02.566402","collector_001",22.2,22.8,2550.0,19.0,22.4,7.1,372.0,17.0,26.0,60.0
"2026-04-23 13:09:04.732381","collector_001",22.2,24.1,2533.0,19.0,22.4,7.1,372.0,17.0,26.0,60.0
"2026-04-23 13:14:07.469353","collector_001",22.3,25.2,2566.0,19.1,22.4,7.1,372.0,17.0,26.0,60.0
"2026-04-23 13:19:10.060351","collector_001",22.3,24.2,2483.0,19.1,22.4,7.1,373.0,17.0,26.0,60.0
"2026-04-23 13:24:13.701348","collector_001",22.2,21.6,2451.0,19.2,22.4,7.1,373.0,17.0,26.0,60.0
"2026-04-23 13:29:16.301352","collector_001",22.3,22.7,2426.0,19.2,22.4,7.1,373.0,17.0,26.0,60.0
"2026-04-23 13:34:18.981351","collector_001",22.3,21.4,2380.0,19.3,22.4,7.1,374.0,17.0,26.0,60.0
"2026-04-23 13:39:22.002352","collector_001",22.4,21.5,2364.0,19.3,22.4,7.1,374.0,17.0,26.0,60.0
"2026-04-23 13:44:25.099378","collector_001",22.4,21.9,2277.0,19.3,22.4,7.1,374.0,17.0,26.0,60.0
"2026-04-23 13:49:28.618365","collector_001",22.2,22.7,2348.0,19.4,22.4,7.1,374.0,17.0,26.0,60.0
"2026-04-23 13:54:33.576398","collector_001",22.4,21.8,2383.0,19.4,22.4,7.1,374.0,17.0,26.0,60.0
"2026-04-23 13:59:38.344893","collector_001",22.5,21.3,2413.0,19.5,22.4,7.1,375.0,17.0,26.0,60.0
"2026-04-23 14:04:42.349359","collector_001",22.5,21.3,2448.0,19.5,22.4,7.1,375.0,17.0,26.0,60.0
"2026-04-23 14:09:45.653346","collector_001",22.6,21.5,2453.0,19.5,22.4,7.1,375.0,17.0,26.0,60.0
"2026-04-23 14:14:48.453353","collector_001",22.7,20.6,2534.0,19.6,22.4,7.1,375.0,17.0,26.0,60.0
"2026-04-23 14:19:52.485881","collector_001",22.6,23.4,2508.0,19.6,22.4,7.1,375.0,17.0,26.0,60.0
"2026-04-23 14:24:57.529353","collector_001",22.7,23.3,2437.0,19.7,22.4,7.1,376.0,18.0,26.0,60.0
"2026-04-23 14:30:02.23538","collector_001",22.7,22.5,2499.0,19.7,22.4,7.1,376.0,18.0,26.0,60.0
"2026-04-23 14:35:06.020345","collector_001",22.8,22.2,2476.0,19.7,22.4,7.1,376.0,18.0,26.0,60.0
"2026-04-23 14:40:11.366387","collector_001",22.7,20.8,2434.0,19.8,22.4,7.1,376.0,18.0,26.0,60.0
"2026-04-23 14:45:15.012869","collector_001",22.8,21.8,2400.0,19.8,22.4,7.1,377.0,18.0,26.0,61.0
"2026-04-23 14:50:18.296413","collector_001",22.8,22.3,2358.0,19.9,22.4,7.1,377.0,18.0,26.0,61.0
"2026-04-23 14:55:21.152345","collector_001",22.9,21.9,2342.0,19.9,22.4,7.1,377.0,18.0,26.0,61.0
"2026-04-23 15:00:24.220348","collector_001",22.9,20.9,2360.0,19.9,22.4,7.1,377.0,18.0,26.0,61.0
"2026-04-23 15:05:27.21035","collector_001",22.8,19.3,2388.0,20.0,22.4,7.1,377.0,18.0,26.0,61.0
"2026-04-23 15:10:30.401346","collector_001",22.9,18.8,2445.0,20.0,22.4,7.1,378.0,18.0,26.0,61.0
"2026-04-23 15:15:33.526352","collector_001",22.9,21.1,2495.0,20.0,22.4,7.1,378.0,18.0,26.0,61.0
"2026-04-23 15:20:36.984351","collector_001",23.0,20.1,2504.0,20.1,22.4,7.1,378.0,18.0,26.0,61.0
"2026-04-23 15:25:40.366376","collector_001",23.1,19.6,2475.0,20.1,22.4,7.1,379.0,18.0,26.0,61.0
"2026-04-23 15:30:43.432365","collector_001",23.0,20.8,2438.0,20.1,22.4,7.1,379.0,18.0,26.0,61.0
"2026-04-23 15:35:49.269348","collector_001",23.0,21.2,2436.0,20.2,22.4,7.1,379.0,18.0,26.0,61.0
"2026-04-23 15:40:51.977389","collector_001",22.9,19.8,2521.0,20.2,22.4,7.1,379.0,18.0,26.0,61.0
"2026-04-23 15:45:54.364386","collector_001",22.9,18.9,2616.0,20.2,22.4,7.1,379.0,18.0,26.0,61.0
"2026-04-23 15:50:57.091348","collector_001",22.9,18.2,2522.0,20.3,22.4,7.1,379.0,18.0,26.0,61.0
"2026-04-23 15:55:59.65785","collector_001",22.9,18.0,2472.0,20.3,22.4,7.1,379.0,18.0,26.0,61.0
"2026-04-23 16:01:02.662352","collector_001",23.1,18.8,2677.0,20.3,22.4,7.2,379.0,18.0,26.0,61.0
"2026-04-23 16:06:04.859852","collector_001",23.1,18.7,3026.0,20.3,22.4,7.2,379.0,18.0,26.0,61.0
"2026-04-23 16:11:07.431408","collector_001",22.9,18.6,3120.0,20.4,22.4,7.1,379.0,18.0,26.0,61.0
"2026-04-23 16:16:11.531364","collector_001",23.1,18.1,3292.0,20.4,22.4,7.1,379.0,18.0,26.0,61.0
"2026-04-23 16:21:14.346357","collector_001",23.2,18.3,3317.0,20.4,22.4,7.2,379.0,18.0,26.0,61.0
"2026-04-23 16:26:17.091332","collector_001",23.1,17.7,3490.0,20.4,22.4,7.2,379.0,18.0,26.0,61.0
"2026-04-23 16:31:19.639352","collector_001",23.2,18.0,3222.0,20.4,22.4,7.2,379.0,18.0,26.0,61.0
"2026-04-23 16:36:22.252356","collector_001",23.2,17.9,2872.0,20.4,22.4,7.2,379.0,18.0,26.0,61.0
"2026-04-23 16:41:25.736336","collector_001",23.2,18.3,2701.0,20.5,22.4,7.2,379.0,18.0,26.0,61.0
"2026-04-23 16:46:28.263377","collector_001",23.4,19.0,2710.0,20.5,22.4,7.2,379.0,18.0,26.0,61.0
"2026-04-23 16:51:31.675336","collector_001",23.4,19.7,2375.0,20.5,22.4,7.2,379.0,18.0,26.0,61.0
"2026-04-23 16:56:34.258415","collector_001",23.2,19.4,2002.0,20.6,22.4,7.2,379.0,18.0,26.0,61.0
"2026-04-23 17:01:36.832335","collector_001",23.0,18.7,1960.0,20.6,22.4,7.2,380.0,18.0,26.0,61.0
"2026-04-23 17:06:39.606339","collector_001",23.2,18.0,2056.0,20.6,22.4,7.2,380.0,18.0,26.0,61.0
"2026-04-23 17:11:42.252393","collector_001",23.1,18.3,1927.0,20.6,22.4,7.2,379.0,18.0,26.0,61.0
"2026-04-23 17:16:45.402343","collector_001",23.1,18.0,1749.0,20.6,22.4,7.2,379.0,18.0,26.0,61.0
"2026-04-23 17:21:48.973369","collector_001",23.1,21.2,1782.0,20.7,22.4,7.2,379.0,18.0,26.0,61.0
"2026-04-23 17:26:52.164341","collector_001",23.2,21.0,1713.0,20.7,22.4,7.2,379.0,18.0,26.0,61.0
"2026-04-23 17:31:55.596345","collector_001",23.3,19.8,1657.0,20.7,22.4,7.2,379.0,18.0,26.0,61.0
"2026-04-23 17:36:57.821349","collector_001",23.2,19.6,1398.0,20.7,22.4,7.2,379.0,18.0,26.0,61.0
"2026-04-23 17:41:59.54037","collector_001",23.1,22.0,1303.0,20.7,22.4,7.2,379.0,18.0,26.0,61.0
"2026-04-23 17:47:01.87434","collector_001",23.1,20.3,1075.0,20.7,22.4,7.2,379.0,18.0,26.0,61.0
"2026-04-23 17:52:04.172384","collector_001",23.1,20.5,1051.0,20.7,22.4,7.2,379.0,18.0,26.0,61.0
"2026-04-23 17:57:06.646345","collector_001",23.2,19.7,1061.0,20.7,22.4,7.2,379.0,18.0,26.0,61.0
"2026-04-23 18:02:12.542362","collector_001",23.1,20.7,995.0,20.7,22.4,7.2,379.0,18.0,26.0,61.0
"2026-04-23 18:07:15.122345","collector_001",23.0,19.0,908.0,20.8,22.4,7.2,378.0,18.0,26.0,61.0
"2026-04-23 18:12:18.95534","collector_001",23.1,19.3,817.0,20.7,22.4,7.2,379.0,18.0,26.0,61.0
"2026-04-23 18:17:23.180352","collector_001",23.0,19.1,704.0,20.8,22.4,7.2,378.0,18.0,26.0,61.0
"2026-04-23 18:22:25.819344","collector_001",23.0,19.5,674.0,20.8,22.3,7.2,378.0,18.0,26.0,61.0
"2026-04-23 18:27:27.648362","collector_001",23.0,21.4,721.0,20.7,22.4,7.2,377.0,18.0,26.0,61.0
"2026-04-23 18:32:32.110341","collector_001",23.1,20.1,599.0,20.7,22.4,7.2,377.0,18.0,26.0,61.0
"2026-04-23 18:37:36.771392","collector_001",23.1,22.9,452.0,20.7,22.3,7.2,377.0,18.0,26.0,61.0
"2026-04-23 18:42:42.017368","collector_001",23.0,21.3,456.0,20.7,22.3,7.2,377.0,18.0,26.0,61.0
"2026-04-23 18:47:44.470333","collector_001",23.0,20.3,390.0,20.8,22.4,7.2,377.0,18.0,26.0,61.0
"2026-04-23 18:52:48.511371","collector_001",23.0,20.6,308.0,20.7,22.3,7.2,376.0,18.0,26.0,60.0
"2026-04-23 18:57:53.154341","collector_001",23.0,19.7,251.0,20.7,22.3,7.2,377.0,18.0,26.0,61.0
"2026-04-23 19:02:56.86771","collector_001",23.0,20.3,213.0,20.7,22.3,7.2,376.0,18.0,26.0,60.0
"2026-04-23 19:08:00.266724","collector_001",22.9,20.4,173.0,20.7,22.3,7.2,376.0,18.0,26.0,60.0
"2026-04-23 19:13:06.049752","collector_001",22.9,20.2,138.0,20.7,22.3,7.2,375.0,17.0,26.0,60.0
"2026-04-23 19:18:08.967729","collector_001",22.8,20.9,118.0,20.7,22.3,7.2,375.0,17.0,26.0,60.0
"2026-04-23 19:23:14.304278","collector_001",22.8,20.3,108.0,20.7,22.3,7.2,375.0,17.0,26.0,60.0
"2026-04-23 19:28:17.92072","collector_001",22.7,20.9,99.0,20.7,22.3,7.2,374.0,17.0,26.0,60.0
"2026-04-23 19:33:23.053712","collector_001",22.6,20.5,97.0,20.7,22.3,7.2,374.0,17.0,26.0,60.0
"2026-04-23 19:38:25.149712","collector_001",22.5,20.5,95.0,20.6,22.3,7.2,374.0,17.0,26.0,60.0
"2026-04-23 19:43:28.023765","collector_001",22.6,20.3,93.0,20.6,22.2,7.2,373.0,17.0,26.0,60.0
"2026-04-23 19:48:30.767724","collector_001",22.4,20.6,93.0,20.6,22.2,7.2,373.0,17.0,26.0,60.0
"2026-04-23 19:53:33.374714","collector_001",22.4,23.0,93.0,20.6,22.2,7.2,373.0,17.0,26.0,60.0
"2026-04-23 19:58:35.723735","collector_001",22.5,20.8,94.0,20.5,22.2,7.2,372.0,17.0,26.0,60.0
"2026-04-23 20:03:38.333718","collector_001",22.7,21.4,94.0,20.5,22.2,7.2,371.0,17.0,26.0,60.0
"2026-04-23 20:08:40.336711","collector_001",22.7,21.5,93.0,20.5,22.2,7.2,371.0,17.0,26.0,60.0
"2026-04-23 20:13:42.671784","collector_001",22.4,22.5,93.0,20.4,22.2,7.2,371.0,17.0,26.0,60.0
"2026-04-23 20:18:45.503712","collector_001",22.6,22.9,93.0,20.4,22.2,7.2,371.0,17.0,26.0,60.0
"2026-04-23 20:23:47.603716","collector_001",22.6,23.8,93.0,20.4,22.2,7.2,370.0,17.0,26.0,59.0
"2026-04-23 20:28:49.50671","collector_001",22.5,21.8,94.0,20.4,22.2,7.2,369.0,17.0,25.0,59.0
"2026-04-23 20:33:51.347712","collector_001",22.7,22.7,93.0,20.4,22.2,7.2,369.0,17.0,25.0,59.0
"2026-04-23 20:38:53.005716","collector_001",22.6,23.0,93.0,20.3,22.1,7.2,369.0,17.0,25.0,59.0
"2026-04-23 20:43:55.984754","collector_001",22.7,23.9,94.0,20.3,22.2,7.2,369.0,17.0,25.0,59.0
"2026-04-23 20:48:58.068731","collector_001",22.6,23.0,94.0,20.3,22.1,7.2,368.0,17.0,25.0,59.0
"2026-04-23 20:53:59.887711","collector_001",22.6,22.7,93.0,20.3,22.1,7.2,368.0,17.0,25.0,59.0
"2026-04-23 20:59:01.516775","collector_001",22.5,27.3,94.0,20.3,22.1,7.2,368.0,17.0,25.0,59.0
"2026-04-23 21:04:03.080708","collector_001",22.5,22.9,95.0,20.2,22.1,7.2,367.0,17.0,25.0,59.0
"2026-04-23 21:09:05.065221","collector_001",22.5,23.5,93.0,20.2,22.1,7.1,367.0,17.0,25.0,59.0
"2026-04-23 21:14:06.679716","collector_001",22.6,23.5,93.0,20.2,22.1,7.2,367.0,17.0,25.0,59.0
"2026-04-23 21:19:08.188752","collector_001",22.6,24.5,93.0,20.2,22.1,7.2,367.0,17.0,25.0,59.0
"2026-04-23 21:24:10.037727","collector_001",22.2,22.2,93.0,20.2,22.1,7.2,366.0,17.0,25.0,59.0
"2026-04-23 21:29:11.862756","collector_001",22.3,22.1,93.0,20.2,22.1,7.2,366.0,17.0,25.0,59.0
"2026-04-23 21:34:13.542737","collector_001",22.3,22.6,93.0,20.1,22.1,7.2,365.0,17.0,25.0,59.0
"2026-04-23 21:39:15.213753","collector_001",22.2,22.6,93.0,20.1,22.1,7.2,365.0,17.0,25.0,59.0
"2026-04-23 21:44:16.81672","collector_001",22.3,21.8,93.0,20.1,22.1,7.1,365.0,17.0,25.0,59.0
"2026-04-23 21:49:18.609712","collector_001",22.0,22.0,93.0,20.1,22.1,7.1,364.0,17.0,25.0,58.0
"2026-04-23 21:54:20.000218","collector_001",22.1,22.6,95.0,20.0,22.1,7.1,364.0,17.0,25.0,58.0
"2026-04-23 21:59:21.774705","collector_001",22.3,22.7,93.0,20.0,22.1,7.1,363.0,17.0,25.0,58.0
"2026-04-23 22:04:23.458765","collector_001",22.3,21.3,93.0,20.0,22.0,7.1,363.0,17.0,25.0,58.0
"2026-04-23 22:09:25.022783","collector_001",22.2,26.1,93.0,20.0,22.0,7.1,363.0,17.0,25.0,58.0
"2026-04-23 22:14:26.93881","collector_001",22.1,21.8,93.0,20.0,22.0,7.1,363.0,17.0,25.0,58.0
"2026-04-23 22:19:28.584787","collector_001",22.2,22.1,1.0,20.0,22.0,7.1,362.0,17.0,25.0,58.0
"2026-04-23 22:24:29.725772","collector_001",22.1,22.2,1.0,19.9,22.0,7.1,362.0,17.0,25.0,58.0
"2026-04-23 22:29:30.90679","collector_001",22.1,23.0,1.0,19.9,22.0,7.1,361.0,17.0,25.0,58.0
"2026-04-23 22:34:32.203772","collector_001",22.0,23.6,1.0,19.9,22.0,7.1,361.0,17.0,25.0,58.0
"2026-04-23 22:39:33.610783","collector_001",21.9,23.8,1.0,19.8,22.0,7.1,361.0,17.0,25.0,58.0
"2026-04-23 22:44:34.875778","collector_001",21.9,22.0,0.0,19.8,22.0,7.1,361.0,17.0,25.0,58.0
"2026-04-23 22:49:36.315765","collector_001",21.7,22.8,0.0,19.8,22.0,7.1,360.0,17.0,25.0,58.0
"2026-04-23 22:54:37.627767","collector_001",21.8,26.1,0.0,19.8,22.0,7.1,359.0,17.0,25.0,58.0
"2026-04-23 22:59:39.165786","collector_001",21.8,22.9,0.0,19.8,21.9,7.1,359.0,17.0,25.0,58.0
"2026-04-23 23:04:40.437776","collector_001",21.8,22.1,0.0,19.7,21.9,7.1,359.0,17.0,25.0,58.0
"2026-04-23 23:09:41.683767","collector_001",21.8,22.8,0.0,19.7,21.9,7.1,358.0,17.0,25.0,58.0
"2026-04-23 23:14:43.002767","collector_001",21.8,22.1,0.0,19.7,21.9,7.1,358.0,17.0,25.0,58.0
"2026-04-23 23:19:44.435282","collector_001",21.8,22.5,0.0,19.7,21.9,7.1,357.0,17.0,25.0,57.0
"2026-04-23 23:24:45.568774","collector_001",21.8,22.9,0.0,19.6,21.9,7.1,357.0,17.0,25.0,57.0
"2026-04-23 23:29:46.782771","collector_001",21.7,23.2,0.0,19.6,21.9,7.1,357.0,17.0,25.0,57.0
"2026-04-23 23:34:48.242778","collector_001",21.6,27.6,0.0,19.6,21.9,7.1,357.0,17.0,25.0,57.0
"2026-04-23 23:39:49.312765","collector_001",21.6,23.3,0.0,19.6,21.8,7.1,356.0,17.0,25.0,57.0
"2026-04-23 23:44:50.687767","collector_001",21.5,21.5,0.0,19.5,21.9,7.1,356.0,17.0,25.0,57.0
"2026-04-23 23:49:52.195772","collector_001",21.6,21.9,0.0,19.5,21.8,7.1,355.0,16.0,24.0,57.0
"2026-04-23 23:54:53.826765","collector_001",21.6,23.4,0.0,19.5,21.8,7.1,355.0,16.0,24.0,57.0
"2026-04-23 23:59:55.361765","collector_001",21.5,22.1,0.0,19.4,21.8,7.1,355.0,16.0,24.0,57.0
"2026-04-24 00:04:56.665778","collector_001",21.5,22.6,0.0,19.4,21.8,7.1,354.0,16.0,24.0,57.0
"2026-04-24 00:09:57.977834","collector_001",21.5,24.3,0.0,19.4,21.8,7.1,354.0,16.0,24.0,57.0
"2026-04-24 00:14:59.351789","collector_001",21.5,22.2,0.0,19.3,21.8,7.1,353.0,16.0,24.0,57.0
"2026-04-24 00:20:00.901765","collector_001",21.5,25.8,0.0,19.3,21.8,7.1,353.0,16.0,24.0,57.0
"2026-04-24 00:25:02.429791","collector_001",21.5,22.1,0.0,19.3,21.8,7.1,353.0,16.0,24.0,57.0
"2026-04-24 00:30:03.994767","collector_001",21.5,22.1,0.0,19.3,21.8,7.1,352.0,16.0,24.0,57.0
"2026-04-24 00:35:05.702777","collector_001",21.5,25.7,0.0,19.2,21.8,7.1,352.0,16.0,24.0,57.0
"2026-04-24 00:40:07.322776","collector_001",21.4,21.9,0.0,19.2,21.8,7.1,351.0,16.0,24.0,56.0
"2026-04-24 00:45:08.756767","collector_001",21.4,22.4,0.0,19.2,21.8,7.1,351.0,16.0,24.0,56.0
"2026-04-24 00:50:10.114767","collector_001",21.4,22.9,0.0,19.2,21.8,7.1,351.0,16.0,24.0,56.0
"2026-04-24 00:55:11.615771","collector_001",21.3,22.8,0.0,19.2,21.8,7.1,351.0,16.0,24.0,56.0
"2026-04-24 01:00:13.119776","collector_001",21.3,22.6,0.0,19.1,21.8,7.1,350.0,16.0,24.0,56.0
"2026-04-24 01:05:14.47743","collector_001",21.4,22.3,0.0,19.1,21.8,7.1,349.0,16.0,24.0,56.0
"2026-04-24 01:10:20.006414","collector_001",21.4,22.2,0.0,19.1,21.8,7.1,349.0,16.0,24.0,56.0
"2026-04-24 01:15:21.413409","collector_001",21.3,24.6,0.0,19.1,21.8,7.1,349.0,16.0,24.0,56.0
"2026-04-24 01:20:22.805416","collector_001",21.4,30.6,0.0,19.0,21.8,7.1,348.0,16.0,24.0,56.0
"2026-04-24 01:25:23.994419","collector_001",21.3,22.0,0.0,19.0,21.8,7.1,348.0,16.0,24.0,56.0
"2026-04-24 01:30:25.394408","collector_001",21.3,23.0,0.0,19.0,21.7,7.1,348.0,16.0,24.0,56.0
"2026-04-24 01:35:27.07242","collector_001",21.2,23.4,0.0,19.0,21.8,7.1,347.0,16.0,24.0,56.0
"2026-04-24 01:40:28.488409","collector_001",21.2,29.2,0.0,19.0,21.7,7.1,347.0,16.0,24.0,56.0
"2026-04-24 01:45:29.895408","collector_001",21.2,22.3,0.0,18.9,21.7,7.1,347.0,16.0,24.0,56.0
"2026-04-24 01:50:31.34742","collector_001",21.2,22.2,0.0,18.9,21.7,7.1,346.0,16.0,24.0,56.0
"2026-04-24 01:55:32.461468","collector_001",21.2,22.9,0.0,18.9,21.7,7.1,345.0,16.0,24.0,55.0
"2026-04-24 02:00:33.660416","collector_001",21.2,22.3,0.0,18.9,21.7,7.1,345.0,16.0,24.0,55.0
"2026-04-24 02:05:35.044451","collector_001",21.2,22.6,0.0,18.9,21.7,7.1,345.0,16.0,24.0,55.0
"2026-04-24 02:10:36.178416","collector_001",21.2,22.8,0.0,18.8,21.7,7.1,345.0,16.0,24.0,55.0
"2026-04-24 02:15:38.042416","collector_001",21.2,27.6,0.0,18.8,21.7,7.1,345.0,16.0,24.0,55.0
"2026-04-24 02:20:39.555415","collector_001",21.2,32.4,0.0,18.8,21.7,7.1,344.0,16.0,24.0,55.0
"2026-04-24 02:25:40.79342","collector_001",21.1,22.3,0.0,18.8,21.7,7.1,343.0,16.0,24.0,55.0
"2026-04-24 02:30:41.995409","collector_001",21.2,22.9,0.0,18.8,21.6,7.1,343.0,16.0,24.0,55.0
"2026-04-24 02:35:43.315447","collector_001",21.2,22.6,0.0,18.7,21.6,7.1,343.0,16.0,24.0,55.0
"2026-04-24 02:40:44.632416","collector_001",21.2,24.2,0.0,18.7,21.6,7.1,343.0,16.0,24.0,55.0
"2026-04-24 02:45:46.085416","collector_001",21.0,22.9,0.0,18.7,21.6,7.1,342.0,16.0,24.0,55.0
"2026-04-24 02:50:47.884866","collector_001",21.0,30.5,0.0,18.6,21.6,7.1,341.0,16.0,23.0,55.0
"2026-04-24 02:55:49.216415","collector_001",20.9,22.6,0.0,18.6,21.6,7.1,341.0,16.0,23.0,55.0
"2026-04-24 03:00:50.785415","collector_001",20.9,22.6,0.0,18.6,21.6,7.1,341.0,16.0,23.0,55.0
"2026-04-24 03:05:52.319415","collector_001",20.9,23.5,0.0,18.6,21.6,7.1,341.0,16.0,23.0,55.0
"2026-04-24 03:10:53.678411","collector_001",20.8,22.7,0.0,18.6,21.6,7.1,340.0,16.0,23.0,55.0
"2026-04-24 03:15:55.256437","collector_001",20.9,22.5,0.0,18.5,21.6,7.1,340.0,16.0,23.0,55.0
"2026-04-24 03:20:56.833428","collector_001",20.7,22.7,0.0,18.5,21.6,7.1,339.0,16.0,23.0,54.0
"2026-04-24 03:25:58.261433","collector_001",20.7,22.8,0.0,18.5,21.6,7.1,339.0,16.0,23.0,54.0
"2026-04-24 03:30:59.529416","collector_001",20.8,22.8,0.0,18.5,21.6,7.1,339.0,16.0,23.0,54.0
"2026-04-24 03:36:01.138422","collector_001",20.8,22.8,0.0,18.5,21.6,7.1,339.0,16.0,23.0,54.0
"2026-04-24 03:41:02.624422","collector_001",20.9,23.2,0.0,18.4,21.6,7.1,338.0,16.0,23.0,54.0
"2026-04-24 03:46:03.907433","collector_001",20.8,23.2,0.0,18.4,21.6,7.1,338.0,16.0,23.0,54.0
"2026-04-24 03:51:05.116416","collector_001",20.8,23.4,0.0,18.4,21.6,7.1,337.0,16.0,23.0,54.0
"2026-04-24 03:56:08.989417","collector_001",20.7,23.1,0.0,18.3,21.6,7.1,337.0,16.0,23.0,54.0
"2026-04-24 04:01:10.195415","collector_001",20.8,24.3,0.0,18.3,21.6,7.1,337.0,16.0,23.0,54.0
"2026-04-24 04:06:11.305122","collector_001",20.8,23.1,0.0,18.3,21.6,7.1,336.0,16.0,23.0,54.0
"2026-04-24 04:11:12.751119","collector_001",20.8,23.0,0.0,18.3,21.6,7.1,336.0,16.0,23.0,54.0
"2026-04-24 04:16:14.094126","collector_001",20.8,23.4,0.0,18.3,21.6,7.1,336.0,16.0,23.0,54.0
"2026-04-24 04:21:15.486119","collector_001",20.8,23.9,0.0,18.2,21.5,7.1,335.0,15.0,23.0,54.0
"2026-04-24 04:26:16.666115","collector_001",20.8,24.0,0.0,18.2,21.5,7.1,335.0,15.0,23.0,54.0
"2026-04-24 04:31:18.189117","collector_001",20.9,23.8,0.0,18.2,21.5,7.1,335.0,15.0,23.0,54.0
"2026-04-24 04:36:19.671176","collector_001",20.9,24.2,0.0,18.2,21.5,7.1,335.0,15.0,23.0,54.0
"2026-04-24 04:41:21.151113","collector_001",20.9,25.9,0.0,18.2,21.5,7.1,334.0,15.0,23.0,54.0
"2026-04-24 04:46:22.554126","collector_001",20.8,24.1,0.0,18.2,21.5,7.1,334.0,15.0,23.0,54.0
"2026-04-24 04:51:24.129143","collector_001",20.9,24.5,0.0,18.1,21.5,7.1,334.0,15.0,23.0,54.0
"2026-04-24 04:56:25.552115","collector_001",20.9,24.4,1.0,18.1,21.5,7.1,334.0,15.0,23.0,54.0
"2026-04-24 05:01:27.405153","collector_001",20.9,24.7,1.0,18.1,21.4,7.1,333.0,15.0,23.0,54.0
"2026-04-24 05:06:29.145124","collector_001",20.8,26.1,1.0,18.1,21.4,7.1,333.0,15.0,23.0,54.0
"2026-04-24 05:11:30.809119","collector_001",20.8,24.4,1.0,18.1,21.4,7.1,333.0,15.0,23.0,54.0
"2026-04-24 05:16:32.623113","collector_001",20.8,24.7,1.0,18.1,21.4,7.1,332.0,15.0,23.0,53.0
"2026-04-24 05:21:34.291146","collector_001",20.7,24.8,2.0,18.0,21.4,7.1,332.0,15.0,23.0,53.0
"2026-04-24 05:26:35.878112","collector_001",20.8,25.2,3.0,18.0,21.4,7.1,332.0,15.0,23.0,53.0
"2026-04-24 05:31:37.303169","collector_001",20.8,24.8,8.0,18.0,21.4,7.1,332.0,15.0,23.0,53.0
"2026-04-24 05:36:38.951118","collector_001",20.8,25.3,19.0,18.0,21.4,7.1,331.0,15.0,23.0,53.0
"2026-04-24 05:41:40.814207","collector_001",20.8,24.8,40.0,18.0,21.4,7.1,331.0,15.0,23.0,53.0
"2026-04-24 05:46:42.422122","collector_001",20.7,24.9,74.0,17.9,21.4,7.1,331.0,15.0,23.0,53.0
"2026-04-24 05:51:44.002126","collector_001",20.8,24.7,128.0,17.9,21.4,7.1,330.0,15.0,23.0,53.0
"2026-04-24 05:56:45.792119","collector_001",20.7,25.1,202.0,17.9,21.4,7.1,330.0,15.0,23.0,53.0
"2026-04-24 06:01:47.686115","collector_001",20.7,24.5,288.0,17.9,21.4,7.1,330.0,15.0,23.0,53.0
"2026-04-24 06:06:49.709133","collector_001",20.7,24.5,381.0,17.9,21.3,7.1,330.0,15.0,23.0,53.0
"2026-04-24 06:11:51.500115","collector_001",20.7,28.8,476.0,17.9,21.3,7.1,329.0,15.0,23.0,53.0
"2026-04-24 06:16:53.384118","collector_001",20.6,25.3,572.0,17.9,21.3,7.1,329.0,15.0,23.0,53.0
"2026-04-24 06:21:55.186118","collector_001",20.6,25.2,663.0,17.9,21.4,7.1,329.0,15.0,23.0,53.0
"2026-04-24 06:26:57.286124","collector_001",20.6,25.7,748.0,17.9,21.3,7.1,329.0,15.0,23.0,53.0
"2026-04-24 06:31:59.188124","collector_001",20.6,24.7,823.0,17.8,21.3,7.1,329.0,15.0,23.0,53.0
"2026-04-24 06:37:00.964125","collector_001",20.6,31.3,892.0,17.8,21.3,7.0,328.0,15.0,23.0,53.0
"2026-04-24 06:42:02.648122","collector_001",20.6,24.8,954.0,17.8,21.3,7.0,328.0,15.0,23.0,53.0
"2026-04-24 06:47:04.462119","collector_001",20.5,24.8,1015.0,17.8,21.3,7.0,328.0,15.0,23.0,53.0
"2026-04-24 06:52:06.230115","collector_001",20.7,25.2,1064.0,17.8,21.3,7.0,328.0,15.0,23.0,53.0
"2026-04-24 06:57:07.91312","collector_001",20.7,24.9,1112.0,17.8,21.3,7.0,328.0,15.0,23.0,53.0
"2026-04-24 07:02:09.620066","collector_001",20.8,25.6,1156.0,17.8,21.3,7.0,327.0,15.0,23.0,53.0
"2026-04-24 07:07:11.74813","collector_001",20.7,26.4,1196.0,17.8,21.3,7.0,327.0,15.0,23.0,53.0
"2026-04-24 07:12:13.986071","collector_001",20.7,25.2,1236.0,17.8,21.3,7.0,327.0,15.0,23.0,53.0
"2026-04-24 07:17:16.160597","collector_001",20.7,25.5,1278.0,17.8,21.3,7.0,327.0,15.0,23.0,53.0
"2026-04-24 07:22:18.116082","collector_001",20.8,25.6,1316.0,17.8,21.3,7.0,327.0,15.0,23.0,53.0
"2026-04-24 07:27:19.747071","collector_001",20.8,25.8,1353.0,17.8,21.3,7.0,327.0,15.0,23.0,53.0
"2026-04-24 07:32:21.616064","collector_001",20.9,26.1,1383.0,17.8,21.3,7.0,327.0,15.0,23.0,53.0
"2026-04-24 07:37:23.4031","collector_001",20.8,28.3,1409.0,17.8,21.3,7.0,327.0,15.0,23.0,53.0
"2026-04-24 07:42:25.458137","collector_001",20.9,25.8,1433.0,17.8,21.3,7.0,327.0,15.0,23.0,53.0
"2026-04-24 07:47:27.298098","collector_001",21.0,25.4,1457.0,17.9,21.3,7.0,327.0,15.0,23.0,53.0
"2026-04-24 07:52:29.231073","collector_001",21.0,26.0,1475.0,17.9,21.3,7.0,327.0,15.0,23.0,53.0
"2026-04-24 07:57:31.159066","collector_001",21.0,26.5,1497.0,17.9,21.3,7.0,327.0,15.0,23.0,53.0
"2026-04-24 08:02:32.971077","collector_001",21.0,28.7,1518.0,17.9,21.3,7.0,327.0,15.0,23.0,53.0
"2026-04-24 08:07:34.90307","collector_001",21.1,26.4,1536.0,17.9,21.3,7.0,327.0,15.0,23.0,53.0
"2026-04-24 08:12:37.177064","collector_001",21.1,26.3,1554.0,17.9,21.3,7.0,327.0,15.0,23.0,53.0
"2026-04-24 08:17:39.148105","collector_001",21.1,25.6,1566.0,17.9,21.3,7.0,327.0,15.0,23.0,53.0
"2026-04-24 08:22:41.236075","collector_001",21.1,25.6,1580.0,18.0,21.3,7.0,327.0,15.0,23.0,53.0
"2026-04-24 08:27:43.403069","collector_001",21.1,25.3,1595.0,18.0,21.3,7.0,327.0,15.0,23.0,53.0
"2026-04-24 08:32:45.231071","collector_001",21.1,25.2,1608.0,18.0,21.3,7.0,328.0,15.0,23.0,53.0
"2026-04-24 08:37:47.405077","collector_001",21.2,25.5,1621.0,18.1,21.3,7.0,328.0,15.0,23.0,53.0
"2026-04-24 08:42:49.192069","collector_001",21.2,25.1,1632.0,18.1,21.3,7.0,328.0,15.0,23.0,53.0
"2026-04-24 08:47:52.480592","collector_001",21.2,25.2,1641.0,18.1,21.3,7.0,328.0,15.0,23.0,53.0
"2026-04-24 08:52:54.469093","collector_001",21.2,25.8,1652.0,18.2,21.3,7.0,328.0,15.0,23.0,53.0
"2026-04-24 08:57:56.551063","collector_001",21.2,28.0,1660.0,18.2,21.3,7.0,328.0,15.0,23.0,53.0
"2026-04-24 09:02:58.927112","collector_001",21.3,27.7,1665.0,18.2,21.3,7.0,328.0,15.0,23.0,53.0
"2026-04-24 09:08:00.663083","collector_001",21.3,25.2,1672.0,18.3,21.3,7.0,329.0,15.0,23.0,53.0
"2026-04-24 09:13:02.793097","collector_001",21.3,24.9,1677.0,18.3,21.3,7.0,329.0,15.0,23.0,53.0
"2026-04-24 09:18:05.218077","collector_001",21.3,26.0,1682.0,18.3,21.3,7.0,329.0,15.0,23.0,53.0
"2026-04-24 09:23:07.504094","collector_001",21.3,26.3,1690.0,18.4,21.3,7.0,329.0,15.0,23.0,53.0
"2026-04-24 09:28:09.167079","collector_001",21.4,25.9,1693.0,18.4,21.3,7.0,329.0,15.0,23.0,53.0
"2026-04-24 09:33:11.157079","collector_001",21.4,25.3,1694.0,18.4,21.3,7.0,329.0,15.0,23.0,53.0
"2026-04-24 09:38:13.011064","collector_001",21.3,25.7,1698.0,18.5,21.3,7.0,329.0,15.0,23.0,53.0
"2026-04-24 09:43:15.618361","collector_001",21.3,25.0,1700.0,18.5,21.3,7.0,329.0,15.0,23.0,53.0
"2026-04-24 09:48:17.366098","collector_001",21.4,25.7,1702.0,18.5,21.3,7.0,330.0,15.0,23.0,53.0
"2026-04-24 09:53:19.282105","collector_001",21.5,25.1,1704.0,18.5,21.3,7.0,330.0,15.0,23.0,53.0
"2026-04-24 09:58:21.10709","collector_001",21.4,25.4,1704.0,18.6,21.3,7.0,330.0,15.0,23.0,53.0
"2026-04-24 10:03:23.184306","collector_001",21.5,25.6,1708.0,18.6,21.3,7.0,330.0,15.0,23.0,53.0
"2026-04-24 10:08:25.004802","collector_001",21.4,24.7,1711.0,18.6,21.3,7.0,330.0,15.0,23.0,53.0
"2026-04-24 10:13:27.592287","collector_001",21.4,25.6,1713.0,18.6,21.3,7.0,330.0,15.0,23.0,53.0
"2026-04-24 10:18:29.639295","collector_001",21.5,24.3,1716.0,18.6,21.3,7.0,330.0,15.0,23.0,53.0
"2026-04-24 10:23:31.724785","collector_001",21.5,24.4,1719.0,18.7,21.3,7.0,330.0,15.0,23.0,53.0
"2026-04-24 10:28:33.334282","collector_001",21.6,25.1,1722.0,18.7,21.3,7.0,331.0,15.0,23.0,53.0
"2026-04-24 10:33:35.052281","collector_001",21.6,25.3,1722.0,18.7,21.3,7.0,331.0,15.0,23.0,53.0
"2026-04-24 10:38:37.140291","collector_001",21.7,24.5,1813.0,18.8,21.3,7.0,331.0,15.0,23.0,53.0
"2026-04-24 10:43:39.472284","collector_001",21.8,26.0,1816.0,18.8,21.3,7.0,331.0,15.0,23.0,53.0
"2026-04-24 10:48:41.680329","collector_001",21.7,25.1,1813.0,18.8,21.3,7.0,331.0,15.0,23.0,53.0
"2026-04-24 10:53:43.631306","collector_001",21.8,26.6,1819.0,18.8,21.3,7.0,331.0,15.0,23.0,53.0
"2026-04-24 10:58:45.889287","collector_001",21.9,24.3,1822.0,18.9,21.3,7.0,331.0,15.0,23.0,53.0
"2026-04-24 11:03:48.445287","collector_001",22.0,24.7,1821.0,18.9,21.3,7.0,332.0,15.0,23.0,53.0
"2026-04-24 11:08:50.833308","collector_001",22.0,24.3,1824.0,18.9,21.3,7.0,332.0,15.0,23.0,53.0
"2026-04-24 11:13:53.56632","collector_001",22.0,24.4,1827.0,19.0,21.3,7.0,332.0,15.0,23.0,53.0
"2026-04-24 11:18:55.881297","collector_001",22.0,24.6,1831.0,19.0,21.3,7.0,332.0,15.0,23.0,53.0
"2026-04-24 11:23:58.111289","collector_001",22.2,26.2,1832.0,19.0,21.3,7.0,332.0,15.0,23.0,53.0
"2026-04-24 11:29:00.367284","collector_001",22.2,23.9,1831.0,19.1,21.3,7.0,333.0,15.0,23.0,54.0
"2026-04-24 11:34:02.173284","collector_001",22.2,24.0,1834.0,19.1,21.3,7.0,333.0,15.0,23.0,54.0
"2026-04-24 11:39:04.395289","collector_001",22.2,23.6,1836.0,19.2,21.3,7.0,333.0,15.0,23.0,54.0
"2026-04-24 11:44:06.635289","collector_001",22.3,23.9,1839.0,19.2,21.3,7.0,333.0,15.0,23.0,54.0
"2026-04-24 11:49:08.528323","collector_001",22.3,23.2,1842.0,19.2,21.3,7.0,333.0,15.0,23.0,54.0
"2026-04-24 11:54:10.454297","collector_001",22.4,23.8,1851.0,19.3,21.3,7.0,333.0,15.0,23.0,54.0
"2026-04-24 11:59:14.388289","collector_001",22.4,23.1,1852.0,19.3,21.3,7.0,333.0,15.0,23.0,54.0
"2026-04-24 12:04:16.621282","collector_001",22.4,22.6,1855.0,19.3,21.3,7.0,334.0,15.0,23.0,54.0
"2026-04-24 12:09:18.333284","collector_001",22.5,22.4,1854.0,19.4,21.3,7.0,334.0,15.0,23.0,54.0
"2026-04-24 12:14:20.164286","collector_001",22.6,22.2,1856.0,19.4,21.3,7.1,335.0,15.0,23.0,54.0
"2026-04-24 12:19:21.882374","collector_001",22.6,23.8,1859.0,19.5,21.3,7.1,335.0,15.0,23.0,54.0
"2026-04-24 12:24:23.637284","collector_001",22.6,21.9,1860.0,19.5,21.3,7.1,335.0,15.0,23.0,54.0
"2026-04-24 12:29:25.248295","collector_001",22.6,24.0,1862.0,19.6,21.3,7.1,335.0,15.0,23.0,54.0
"2026-04-24 12:34:27.001288","collector_001",22.7,22.7,1861.0,19.6,21.3,7.1,335.0,15.0,23.0,54.0
"2026-04-24 12:39:28.796314","collector_001",22.7,26.0,1863.0,19.6,21.3,7.1,335.0,15.0,23.0,54.0
"2026-04-24 12:44:30.776284","collector_001",22.7,22.7,1867.0,19.7,21.3,7.1,335.0,15.0,23.0,54.0
"2026-04-24 12:49:33.380284","collector_001",22.8,20.4,1877.0,19.7,21.3,7.1,335.0,15.0,23.0,54.0
"2026-04-24 12:54:35.778284","collector_001",22.9,23.1,1881.0,19.8,21.3,7.1,335.0,15.0,23.0,54.0
"2026-04-24 12:59:49.990295","collector_001",23.0,24.3,1884.0,19.8,21.3,7.1,336.0,16.0,23.0,54.0
"2026-04-24 13:04:52.464242","collector_001",23.0,22.0,1886.0,19.8,21.3,7.1,336.0,16.0,23.0,54.0
"2026-04-24 13:09:54.74425","collector_001",22.9,23.3,1883.0,19.9,21.3,7.1,337.0,16.0,23.0,54.0
"2026-04-24 13:14:57.087768","collector_001",23.0,25.8,1886.0,19.9,21.3,7.1,337.0,16.0,23.0,54.0
"2026-04-24 13:19:59.386263","collector_001",23.1,23.5,1889.0,20.0,21.3,7.1,337.0,16.0,23.0,54.0
"2026-04-24 13:25:01.433246","collector_001",23.1,22.8,1888.0,20.0,21.3,7.1,337.0,16.0,23.0,54.0
"2026-04-24 13:30:03.562237","collector_001",23.1,22.0,1887.0,20.0,21.3,7.1,337.0,16.0,23.0,54.0
"2026-04-24 13:35:05.656268","collector_001",23.1,22.4,1888.0,20.1,21.3,7.1,337.0,16.0,23.0,54.0
"2026-04-24 13:40:07.868242","collector_001",23.2,21.1,1885.0,20.1,21.3,7.1,337.0,16.0,23.0,54.0
"2026-04-24 13:45:09.672269","collector_001",23.1,21.9,1887.0,20.1,21.3,7.1,337.0,16.0,23.0,54.0
"2026-04-24 13:50:11.767246","collector_001",23.1,21.2,1883.0,20.2,21.3,7.1,337.0,16.0,23.0,54.0
"2026-04-24 13:55:13.727241","collector_001",23.2,19.7,1892.0,20.2,21.3,7.1,337.0,16.0,23.0,54.0
"2026-04-24 14:00:15.74653","collector_001",23.3,19.8,1899.0,20.2,21.3,7.1,337.0,16.0,23.0,54.0
"2026-04-24 14:05:17.525274","collector_001",23.3,20.1,1903.0,20.3,21.3,7.1,338.0,16.0,23.0,54.0
"2026-04-24 14:10:19.775244","collector_001",23.4,19.4,1899.0,20.3,21.3,7.1,338.0,16.0,23.0,54.0
"2026-04-24 14:15:21.746242","collector_001",23.4,20.8,1904.0,20.3,21.3,7.1,338.0,16.0,23.0,54.0
"2026-04-24 14:20:24.325246","collector_001",23.4,17.5,1914.0,20.4,21.3,7.1,338.0,16.0,23.0,54.0
"2026-04-24 14:25:26.427241","collector_001",23.5,18.1,1927.0,20.4,21.3,7.1,338.0,16.0,23.0,54.0
"2026-04-24 14:30:28.193246","collector_001",23.6,17.9,1932.0,20.4,21.3,7.1,338.0,16.0,23.0,54.0
"2026-04-24 14:35:30.893237","collector_001",23.5,20.4,1937.0,20.5,21.3,7.1,339.0,16.0,23.0,54.0
"2026-04-24 14:40:32.980274","collector_001",23.6,21.4,1937.0,20.5,21.3,7.1,339.0,16.0,23.0,54.0
"2026-04-24 14:45:34.900253","collector_001",23.6,19.5,1940.0,20.5,21.3,7.1,339.0,16.0,23.0,54.0
"2026-04-24 14:50:36.787795","collector_001",23.8,20.5,1947.0,20.6,21.3,7.1,339.0,16.0,23.0,54.0
"2026-04-24 14:55:38.582276","collector_001",23.8,17.8,1947.0,20.6,21.3,7.1,339.0,16.0,23.0,54.0
"2026-04-24 15:00:40.857254","collector_001",23.8,16.0,1946.0,20.6,21.3,7.1,339.0,16.0,23.0,54.0
"2026-04-24 15:05:43.04325","collector_001",23.8,19.4,1946.0,20.7,21.3,7.1,339.0,16.0,23.0,54.0
"2026-04-24 15:10:44.769277","collector_001",23.8,17.7,1945.0,20.7,21.3,7.1,339.0,16.0,23.0,54.0
"2026-04-24 15:15:46.92724","collector_001",23.8,19.1,1945.0,20.7,21.3,7.1,339.0,16.0,23.0,54.0
"2026-04-24 15:20:49.070242","collector_001",23.8,15.9,1939.0,20.8,21.3,7.1,339.0,16.0,23.0,54.0
"2026-04-24 15:25:51.190246","collector_001",23.8,16.8,1933.0,20.8,21.3,7.1,339.0,16.0,23.0,54.0
"2026-04-24 15:31:43.788243","collector_001",23.9,14.9,1925.0,20.9,21.3,7.1,339.0,16.0,23.0,54.0
"2026-04-24 15:36:53.961242","collector_001",23.9,14.7,1914.0,20.9,21.3,7.1,339.0,16.0,23.0,54.0
"2026-04-24 15:41:56.842329","collector_001",23.8,16.8,1925.0,20.9,21.3,7.1,339.0,16.0,23.0,54.0
"2026-04-24 15:46:59.03525","collector_001",23.8,15.6,1922.0,21.0,21.3,7.1,339.0,16.0,23.0,54.0
"2026-04-24 15:52:01.154306","collector_001",23.8,16.7,1922.0,21.0,21.3,7.1,339.0,16.0,23.0,54.0
"2026-04-24 15:57:03.959263","collector_001",23.8,17.3,1925.0,21.0,21.3,7.1,339.0,16.0,23.0,54.0
"2026-04-24 16:02:06.241689","collector_001",23.7,18.2,1927.0,21.1,21.3,7.1,339.0,16.0,23.0,54.0
"2026-04-24 16:07:07.934677","collector_001",23.7,17.1,1946.0,21.1,21.3,7.1,339.0,16.0,23.0,54.0
"2026-04-24 16:12:10.163677","collector_001",23.8,17.0,1953.0,21.1,21.3,7.1,339.0,16.0,23.0,54.0
"2026-04-24 16:17:12.288672","collector_001",23.9,17.3,1948.0,21.1,21.3,7.1,339.0,16.0,23.0,54.0
"2026-04-24 16:22:14.226672","collector_001",23.9,17.3,1957.0,21.1,21.3,7.1,339.0,16.0,23.0,54.0
"2026-04-24 16:27:16.261672","collector_001",23.8,18.8,1971.0,21.1,21.3,7.1,339.0,16.0,23.0,54.0
"2026-04-24 16:32:18.613734","collector_001",23.8,18.3,1981.0,21.1,21.3,7.1,339.0,16.0,23.0,54.0
"2026-04-24 16:37:20.903689","collector_001",24.0,18.7,1994.0,21.2,21.3,7.1,339.0,16.0,23.0,54.0
"2026-04-24 16:42:22.923719","collector_001",24.0,21.4,1983.0,21.2,21.3,7.1,339.0,16.0,23.0,54.0
"2026-04-24 16:47:24.94767","collector_001",23.9,20.7,1979.0,21.2,21.3,7.1,339.0,16.0,23.0,54.0
"2026-04-24 16:52:26.982685","collector_001",23.9,21.0,1967.0,21.3,21.3,7.1,339.0,16.0,23.0,54.0
"2026-04-24 16:57:28.668687","collector_001",24.0,20.9,1942.0,21.3,21.3,7.1,339.0,16.0,23.0,54.0
"2026-04-24 17:02:31.106674","collector_001",23.9,21.5,1926.0,21.3,21.3,7.1,339.0,16.0,23.0,54.0
"2026-04-24 17:07:33.097736","collector_001",23.9,21.7,1913.0,21.3,21.3,7.1,339.0,16.0,23.0,54.0
"2026-04-24 17:12:35.488696","collector_001",23.9,21.8,1896.0,21.3,21.3,7.1,339.0,16.0,23.0,54.0
"2026-04-24 17:17:37.715677","collector_001",23.9,21.5,1883.0,21.3,21.3,7.1,339.0,16.0,23.0,54.0
"2026-04-24 17:22:39.382741","collector_001",23.9,21.3,1855.0,21.3,21.3,7.1,338.0,16.0,23.0,54.0
"2026-04-24 17:27:41.295672","collector_001",24.0,21.4,1835.0,21.4,21.3,7.1,338.0,16.0,23.0,54.0
"2026-04-24 17:32:43.565688","collector_001",23.9,21.9,1807.0,21.4,21.3,7.1,338.0,16.0,23.0,54.0
"2026-04-24 17:37:45.431681","collector_001",24.0,21.7,1784.0,21.4,21.3,7.1,338.0,16.0,23.0,54.0
"2026-04-24 17:42:47.503721","collector_001",24.0,21.9,1748.0,21.4,21.3,7.1,338.0,16.0,23.0,54.0
"2026-04-24 17:47:49.459683","collector_001",24.1,22.0,1716.0,21.5,21.3,7.1,338.0,16.0,23.0,54.0
"2026-04-24 17:52:52.070726","collector_001",24.1,22.6,1685.0,21.5,21.3,7.1,338.0,16.0,23.0,54.0
"2026-04-24 17:57:53.888708","collector_001",24.0,21.4,1653.0,21.5,21.3,7.1,338.0,16.0,23.0,54.0
"2026-04-24 18:02:55.895677","collector_001",23.9,22.0,1608.0,21.5,21.3,7.1,337.0,16.0,23.0,54.0
"2026-04-24 18:07:57.526705","collector_001",24.1,22.0,1551.0,21.5,21.2,7.1,337.0,16.0,23.0,54.0
"2026-04-24 18:12:59.350676","collector_001",24.3,22.7,1462.0,21.5,21.2,7.1,337.0,16.0,23.0,54.0
"2026-04-24 18:18:00.949677","collector_001",24.1,22.5,1357.0,21.5,21.2,7.1,337.0,16.0,23.0,54.0
"2026-04-24 18:23:02.926211","collector_001",24.0,23.5,1249.0,21.5,21.2,7.1,337.0,16.0,23.0,54.0
"2026-04-24 18:28:04.685669","collector_001",23.9,23.4,1143.0,21.5,21.2,7.1,337.0,16.0,23.0,54.0
"2026-04-24 18:33:07.108672","collector_001",23.8,24.9,1022.0,21.6,21.2,7.1,337.0,16.0,23.0,54.0
"2026-04-24 18:38:09.52267","collector_001",23.8,24.5,892.0,21.6,21.2,7.1,337.0,16.0,23.0,54.0
"2026-04-24 18:43:11.417677","collector_001",23.6,23.7,752.0,21.6,21.2,7.1,337.0,16.0,23.0,54.0
"2026-04-24 18:48:13.031672","collector_001",23.5,25.9,618.0,21.6,21.2,7.1,337.0,16.0,23.0,54.0
"2026-04-24 18:53:15.42167","collector_001",23.4,24.5,496.0,21.6,21.2,7.1,336.0,16.0,23.0,54.0
"2026-04-24 18:58:16.873185","collector_001",23.5,24.6,387.0,21.6,21.2,7.1,336.0,16.0,23.0,54.0
"2026-04-24 19:03:18.549948","collector_001",23.2,25.4,298.0,21.5,21.1,7.1,335.0,15.0,23.0,54.0
"2026-04-24 19:08:20.381963","collector_001",23.2,25.0,226.0,21.5,21.1,7.1,335.0,15.0,23.0,54.0
"2026-04-24 19:13:22.06792","collector_001",23.1,23.9,176.0,21.5,21.1,7.1,334.0,15.0,23.0,54.0
"2026-04-24 19:18:24.154956","collector_001",23.3,25.1,138.0,21.5,21.1,7.1,334.0,15.0,23.0,54.0
"2026-04-24 19:23:25.947922","collector_001",23.1,26.3,117.0,21.4,21.1,7.1,333.0,15.0,23.0,54.0
"2026-04-24 19:28:27.706933","collector_001",22.9,23.9,102.0,21.4,21.1,7.1,333.0,15.0,23.0,54.0
"2026-04-24 19:33:30.875939","collector_001",22.7,23.3,97.0,21.3,21.1,7.1,332.0,15.0,23.0,53.0
"2026-04-24 19:38:33.269014","collector_001",22.7,23.7,97.0,21.3,21.1,7.1,331.0,15.0,23.0,53.0
"2026-04-24 19:43:35.772927","collector_001",22.7,22.7,95.0,21.3,21.0,7.1,330.0,15.0,23.0,53.0
"2026-04-24 19:48:45.129951","collector_001",22.5,21.9,96.0,21.2,21.0,7.1,329.0,15.0,23.0,53.0
"2026-04-24 19:54:01.921927","collector_001",22.5,22.3,95.0,21.1,21.0,7.1,328.0,15.0,23.0,53.0
"2026-04-24 19:59:07.603931","collector_001",22.6,22.7,95.0,21.1,21.0,7.1,328.0,15.0,23.0,53.0
"2026-04-24 20:04:12.33792","collector_001",22.7,22.3,95.0,21.0,21.0,7.1,327.0,15.0,23.0,53.0
"2026-04-24 20:09:14.396927","collector_001",22.4,23.3,96.0,21.0,21.0,7.1,327.0,15.0,23.0,53.0
"2026-04-24 20:14:16.700931","collector_001",22.3,25.5,95.0,20.9,21.0,7.1,325.0,15.0,22.0,52.0
"2026-04-24 20:19:19.253988","collector_001",22.3,25.8,95.0,20.9,21.0,7.1,325.0,15.0,22.0,52.0
"2026-04-24 20:24:21.619927","collector_001",22.1,25.5,94.0,20.8,21.0,7.1,324.0,15.0,22.0,52.0
"2026-04-24 20:29:24.381925","collector_001",22.3,26.2,94.0,20.7,21.0,7.1,323.0,15.0,22.0,52.0
"2026-04-24 20:34:26.216968","collector_001",22.1,27.3,94.0,20.7,21.0,7.1,323.0,15.0,22.0,52.0
"2026-04-24 20:39:28.463926","collector_001",22.0,26.1,95.0,20.7,20.9,7.1,322.0,15.0,22.0,52.0
"2026-04-24 20:44:31.332933","collector_001",22.1,27.7,95.0,20.6,20.9,7.1,321.0,15.0,22.0,52.0
"2026-04-24 20:49:33.543978","collector_001",22.2,27.1,96.0,20.6,20.9,7.1,321.0,15.0,22.0,52.0
"2026-04-24 20:54:35.524931","collector_001",22.1,26.6,95.0,20.5,20.9,7.1,319.0,15.0,22.0,51.0
"2026-04-24 20:59:37.972925","collector_001",21.9,27.9,96.0,20.5,20.9,7.1,319.0,15.0,22.0,51.0
"2026-04-24 21:04:39.744457","collector_001",21.9,26.7,94.0,20.4,20.9,7.1,318.0,15.0,22.0,51.0
"2026-04-24 21:09:43.163938","collector_001",22.1,29.6,94.0,20.4,20.8,7.1,317.0,15.0,22.0,51.0
"2026-04-24 21:14:46.04695","collector_001",22.3,26.4,94.0,20.4,20.8,7.1,317.0,15.0,22.0,51.0
"2026-04-24 21:19:48.931961","collector_001",22.2,27.1,96.0,20.3,20.8,7.1,317.0,15.0,22.0,51.0
"2026-04-24 21:24:51.289951","collector_001",21.9,29.1,96.0,20.3,20.8,7.1,316.0,15.0,22.0,51.0
"2026-04-24 21:29:53.405927","collector_001",21.7,30.0,96.0,20.2,20.8,7.1,315.0,14.0,22.0,51.0
"2026-04-24 21:34:55.412931","collector_001",22.0,27.9,96.0,20.2,20.8,7.1,315.0,14.0,22.0,51.0
"2026-04-24 21:39:57.104993","collector_001",22.2,27.3,95.0,20.2,20.8,7.1,314.0,14.0,22.0,50.0
"2026-04-24 21:44:58.904953","collector_001",21.9,28.1,95.0,20.2,20.8,7.1,313.0,14.0,22.0,50.0
"2026-04-24 21:50:01.163939","collector_001",22.2,27.5,95.0,20.1,20.8,7.1,313.0,14.0,22.0,50.0
"2026-04-24 21:55:03.32992","collector_001",21.7,29.1,1.0,20.1,20.8,7.1,313.0,14.0,22.0,50.0
"2026-04-24 22:00:04.980926","collector_001",21.7,31.1,1.0,20.1,20.8,7.1,313.0,14.0,22.0,50.0
"2026-04-24 22:05:06.395037","collector_001",21.7,31.2,1.0,20.0,20.8,7.1,312.0,14.0,21.0,50.0
"2026-04-24 22:10:07.996023","collector_001",21.7,31.5,1.0,20.0,20.8,7.1,311.0,14.0,21.0,50.0
"2026-04-24 22:15:09.369023","collector_001",21.8,28.9,1.0,20.0,20.8,7.1,311.0,14.0,21.0,50.0
"2026-04-24 22:20:11.475025","collector_001",21.8,30.0,1.0,20.0,20.8,7.1,310.0,14.0,21.0,50.0
"2026-04-24 22:25:13.059031","collector_001",21.7,29.5,1.0,19.9,20.7,7.1,310.0,14.0,21.0,50.0
"2026-04-24 22:30:14.662069","collector_001",21.6,29.6,1.0,19.9,20.7,7.1,309.0,14.0,21.0,50.0
"2026-04-24 22:35:15.908048","collector_001",21.7,29.9,1.0,19.9,20.7,7.1,309.0,14.0,21.0,50.0
"2026-04-24 22:40:17.270017","collector_001",21.8,29.3,1.0,19.9,20.7,7.1,309.0,14.0,21.0,50.0
"2026-04-24 22:45:18.906024","collector_001",21.8,31.7,1.0,19.8,20.7,7.1,308.0,14.0,21.0,50.0
"2026-04-24 22:50:20.381039","collector_001",21.7,30.9,1.0,19.8,20.7,7.1,308.0,14.0,21.0,50.0
"2026-04-24 22:55:21.782025","collector_001",21.4,33.3,1.0,19.8,20.7,7.1,308.0,14.0,21.0,50.0
"2026-04-24 23:00:23.196055","collector_001",21.4,31.5,1.0,19.8,20.7,7.1,307.0,14.0,21.0,49.0
"2026-04-24 23:05:24.461063","collector_001",21.4,32.4,1.0,19.7,20.7,7.1,307.0,14.0,21.0,49.0
"2026-04-24 23:10:25.994071","collector_001",21.5,32.8,0.0,19.7,20.7,7.1,306.0,14.0,21.0,49.0
"2026-04-24 23:15:27.405029","collector_001",21.7,30.8,0.0,19.7,20.7,7.1,306.0,14.0,21.0,49.0
"2026-04-24 23:20:28.858046","collector_001",21.8,30.0,0.0,19.7,20.7,7.1,305.0,14.0,21.0,49.0
"2026-04-24 23:25:30.546025","collector_001",21.8,31.0,0.0,19.7,20.7,7.1,305.0,14.0,21.0,49.0
"2026-04-24 23:30:31.922018","collector_001",21.3,31.3,0.0,19.6,20.7,7.1,305.0,14.0,21.0,49.0
"2026-04-24 23:35:33.223034","collector_001",21.3,31.8,0.0,19.6,20.7,7.1,304.0,14.0,21.0,49.0
"2026-04-24 23:40:34.551025","collector_001",21.2,33.1,0.0,19.6,20.7,7.1,304.0,14.0,21.0,49.0
"2026-04-24 23:45:35.975025","collector_001",21.4,31.1,0.0,19.5,20.7,7.1,304.0,14.0,21.0,49.0
"2026-04-24 23:50:37.179018","collector_001",21.6,31.3,0.0,19.5,20.7,7.1,303.0,14.0,21.0,49.0
"2026-04-24 23:55:38.537025","collector_001",21.6,30.6,0.0,19.5,20.6,7.1,303.0,14.0,21.0,49.0
"2026-04-25 00:00:40.07802","collector_001",21.8,30.3,0.0,19.5,20.6,7.1,303.0,14.0,21.0,49.0
"2026-04-25 00:05:41.51402","collector_001",21.8,29.8,0.0,19.5,20.6,7.1,302.0,14.0,21.0,49.0
"2026-04-25 00:10:43.020052","collector_001",21.8,30.0,0.0,19.5,20.6,7.1,302.0,14.0,21.0,49.0
"2026-04-25 00:15:44.243035","collector_001",21.9,29.9,0.0,19.5,20.6,7.1,302.0,14.0,21.0,49.0
"2026-04-25 00:20:45.684031","collector_001",21.9,30.1,0.0,19.4,20.6,7.1,302.0,14.0,21.0,49.0
"2026-04-25 00:25:47.125022","collector_001",21.9,30.3,0.0,19.4,20.6,7.1,302.0,14.0,21.0,49.0
"2026-04-25 00:30:48.304029","collector_001",21.9,30.3,0.0,19.4,20.6,7.1,301.0,14.0,21.0,48.0
"2026-04-25 00:35:49.513017","collector_001",21.8,30.1,0.0,19.4,20.6,7.1,301.0,14.0,21.0,48.0
"2026-04-25 00:40:50.818036","collector_001",21.8,29.9,0.0,19.4,20.6,7.1,301.0,14.0,21.0,48.0
"2026-04-25 00:45:52.404029","collector_001",21.9,29.9,0.0,19.4,20.6,7.1,301.0,14.0,21.0,48.0
"2026-04-25 00:50:53.773053","collector_001",21.9,30.0,0.0,19.4,20.6,7.1,301.0,14.0,21.0,48.0
"2026-04-25 00:55:55.409031","collector_001",21.8,30.0,0.0,19.4,20.6,7.1,300.0,14.0,21.0,48.0
"2026-04-25 01:00:57.005048","collector_001",21.9,29.9,0.0,19.4,20.6,7.1,300.0,14.0,21.0,48.0
"2026-04-25 01:05:58.246269","collector_001",21.8,30.4,0.0,19.4,20.6,7.1,300.0,14.0,21.0,48.0
"2026-04-25 01:10:59.879274","collector_001",21.9,29.7,0.0,19.4,20.6,7.1,300.0,14.0,21.0,48.0
"2026-04-25 01:16:01.195292","collector_001",21.9,29.7,0.0,19.4,20.6,7.1,300.0,14.0,21.0,48.0
"2026-04-25 01:21:02.756272","collector_001",21.9,30.0,0.0,19.3,20.6,7.1,299.0,14.0,21.0,48.0
"2026-04-25 01:26:04.035365","collector_001",21.9,29.6,0.0,19.4,20.6,7.1,299.0,14.0,21.0,48.0
"2026-04-25 01:31:05.327267","collector_001",21.8,30.5,0.0,19.4,20.6,7.1,299.0,14.0,21.0,48.0
"2026-04-25 01:36:06.733274","collector_001",21.9,29.7,0.0,19.3,20.6,7.1,299.0,14.0,21.0,48.0
"2026-04-25 01:41:08.226293","collector_001",21.8,30.2,0.0,19.3,20.6,7.1,298.0,14.0,20.0,48.0
"2026-04-25 01:46:09.779272","collector_001",21.8,29.6,0.0,19.3,20.6,7.1,298.0,14.0,20.0,48.0
"2026-04-25 01:51:11.038285","collector_001",21.8,30.0,0.0,19.3,20.6,7.1,298.0,14.0,20.0,48.0
"2026-04-25 01:56:12.673273","collector_001",21.8,32.4,0.0,19.3,20.6,7.1,298.0,14.0,20.0,48.0
"2026-04-25 02:01:14.376267","collector_001",21.9,29.8,0.0,19.3,20.6,7.1,297.0,14.0,20.0,48.0
"2026-04-25 02:06:15.674293","collector_001",21.8,29.7,0.0,19.3,20.6,7.1,297.0,14.0,20.0,48.0
"2026-04-25 02:11:17.084269","collector_001",21.8,29.9,0.0,19.3,20.5,7.1,297.0,14.0,20.0,48.0
"2026-04-25 02:16:18.765291","collector_001",21.8,29.8,0.0,19.3,20.5,7.1,297.0,14.0,20.0,48.0
"2026-04-25 02:21:20.319424","collector_001",21.8,30.8,0.0,19.3,20.5,7.1,297.0,14.0,20.0,48.0
"2026-04-25 02:26:21.939269","collector_001",21.8,30.1,0.0,19.3,20.5,7.1,296.0,13.0,20.0,48.0
"2026-04-25 02:31:23.396273","collector_001",21.8,29.9,0.0,19.2,20.5,7.1,296.0,13.0,20.0,48.0
"2026-04-25 02:36:25.241273","collector_001",21.7,30.1,0.0,19.2,20.5,7.1,296.0,13.0,20.0,48.0
"2026-04-25 02:41:26.476295","collector_001",21.7,31.5,0.0,19.2,20.5,7.1,295.0,13.0,20.0,47.0
"2026-04-25 02:46:28.078278","collector_001",21.8,29.9,0.0,19.2,20.5,7.1,295.0,13.0,20.0,47.0
"2026-04-25 02:51:29.553304","collector_001",21.7,29.9,0.0,19.2,20.5,7.1,295.0,13.0,20.0,47.0
"2026-04-25 02:56:31.204338","collector_001",21.7,31.0,0.0,19.2,20.5,7.1,295.0,13.0,20.0,47.0
"2026-04-25 03:01:32.649272","collector_001",21.7,33.1,0.0,19.2,20.5,7.0,295.0,13.0,20.0,47.0
"2026-04-25 03:06:33.958296","collector_001",21.7,30.2,0.0,19.1,20.5,7.0,294.0,13.0,20.0,47.0
"2026-04-25 03:11:35.516282","collector_001",21.7,30.5,0.0,19.1,20.5,7.0,294.0,13.0,20.0,47.0
"2026-04-25 03:16:37.012305","collector_001",21.7,30.7,0.0,19.1,20.5,7.0,293.0,13.0,20.0,47.0
"2026-04-25 03:21:38.74836","collector_001",21.6,30.6,0.0,19.1,20.5,7.0,293.0,13.0,20.0,47.0
"2026-04-25 03:26:40.255303","collector_001",21.6,30.8,0.0,19.1,20.4,7.0,293.0,13.0,20.0,47.0
"2026-04-25 03:31:41.741274","collector_001",21.6,30.7,0.0,19.1,20.4,7.0,293.0,13.0,20.0,47.0
"2026-04-25 03:36:43.324276","collector_001",21.6,32.5,0.0,19.0,20.4,7.0,292.0,13.0,20.0,47.0
"2026-04-25 03:41:44.828301","collector_001",21.6,31.2,0.0,19.0,20.4,7.0,292.0,13.0,20.0,47.0
"2026-04-25 03:46:46.317282","collector_001",21.6,31.0,0.0,19.0,20.4,7.0,292.0,13.0,20.0,47.0
"2026-04-25 03:51:47.779303","collector_001",21.6,32.2,0.0,19.0,20.4,7.0,291.0,13.0,20.0,47.0
"2026-04-25 03:56:49.307279","collector_001",21.6,31.2,0.0,19.0,20.4,7.0,291.0,13.0,20.0,47.0
"2026-04-25 04:01:50.78602","collector_001",21.6,31.6,0.0,19.0,20.4,7.1,291.0,13.0,20.0,47.0
"2026-04-25 04:06:52.664024","collector_001",21.6,31.6,0.0,18.9,20.4,7.1,291.0,13.0,20.0,47.0
"2026-04-25 04:11:54.145044","collector_001",21.5,31.7,0.0,18.9,20.4,7.1,290.0,13.0,20.0,47.0
"2026-04-25 04:16:55.819018","collector_001",21.5,31.6,0.0,18.9,20.4,7.0,290.0,13.0,20.0,47.0
"2026-04-25 04:21:57.453025","collector_001",21.5,31.8,0.0,18.9,20.4,7.0,290.0,13.0,20.0,47.0
"2026-04-25 04:26:59.012035","collector_001",21.5,31.7,0.0,18.9,20.4,7.0,289.0,13.0,20.0,46.0
"2026-04-25 04:32:00.844057","collector_001",21.5,31.8,1.0,18.9,20.4,7.0,289.0,13.0,20.0,46.0
"2026-04-25 04:37:02.695025","collector_001",21.5,31.9,1.0,18.9,20.4,7.0,289.0,13.0,20.0,46.0
"2026-04-25 04:42:04.436033","collector_001",21.4,32.0,1.0,18.9,20.4,7.0,288.0,13.0,20.0,46.0
"2026-04-25 04:47:06.17402","collector_001",21.5,32.0,1.0,18.9,20.4,7.0,288.0,13.0,20.0,46.0
"2026-04-25 04:52:07.989027","collector_001",21.5,32.4,1.0,18.8,20.4,7.0,288.0,13.0,20.0,46.0
"2026-04-25 04:57:09.357052","collector_001",21.5,32.3,1.0,18.8,20.4,7.1,287.0,13.0,20.0,46.0
"2026-04-25 05:02:11.166025","collector_001",21.5,32.3,1.0,18.8,20.4,7.0,287.0,13.0,20.0,46.0
"2026-04-25 05:07:12.792029","collector_001",21.5,32.4,1.0,18.8,20.4,7.0,287.0,13.0,20.0,46.0
"2026-04-25 05:12:14.483018","collector_001",21.5,32.6,1.0,18.8,20.4,7.0,287.0,13.0,20.0,46.0
"2026-04-25 05:17:15.854554","collector_001",21.4,32.7,1.0,18.8,20.4,7.0,287.0,13.0,20.0,46.0
"2026-04-25 05:22:17.581024","collector_001",21.4,32.8,2.0,18.8,20.3,7.0,286.0,13.0,20.0,46.0
"2026-04-25 05:27:19.746025","collector_001",21.4,33.1,4.0,18.7,20.4,7.0,286.0,13.0,20.0,46.0
"2026-04-25 05:32:21.430024","collector_001",21.4,33.4,10.0,18.7,20.3,7.0,285.0,13.0,20.0,46.0
"2026-04-25 05:37:23.041018","collector_001",21.3,33.5,23.0,18.7,20.3,7.0,285.0,13.0,20.0,46.0
"2026-04-25 05:42:25.11402","collector_001",21.3,33.2,47.0,18.7,20.3,7.0,285.0,13.0,20.0,46.0
"2026-04-25 05:47:27.212027","collector_001",21.3,33.2,85.0,18.7,20.3,7.0,285.0,13.0,20.0,46.0
"2026-04-25 05:52:29.025018","collector_001",21.3,33.4,138.0,18.7,20.3,7.0,285.0,13.0,20.0,46.0
"2026-04-25 05:57:31.152024","collector_001",21.4,33.4,206.0,18.6,20.3,7.0,284.0,13.0,19.0,46.0
"2026-04-25 06:02:33.32405","collector_001",21.4,33.4,291.0,18.6,20.3,7.0,284.0,13.0,19.0,46.0
"2026-04-25 06:07:35.447079","collector_001",21.3,33.7,387.0,18.6,20.3,7.0,284.0,13.0,19.0,46.0
"2026-04-25 06:12:37.307044","collector_001",21.3,33.6,490.0,18.6,20.3,7.0,283.0,13.0,19.0,46.0
"2026-04-25 06:17:39.330072","collector_001",21.3,33.7,595.0,18.6,20.3,7.0,283.0,13.0,19.0,46.0
"2026-04-25 06:22:41.691025","collector_001",21.4,33.9,702.0,18.6,20.3,7.0,283.0,13.0,19.0,46.0
"2026-04-25 06:27:44.065027","collector_001",21.4,33.9,800.0,18.6,20.3,7.0,283.0,13.0,19.0,46.0
"2026-04-25 06:32:46.371025","collector_001",21.4,34.0,891.0,18.6,20.3,7.0,283.0,13.0,19.0,46.0
"2026-04-25 06:37:48.126044","collector_001",21.4,33.8,977.0,18.6,20.3,7.0,283.0,13.0,19.0,46.0
"2026-04-25 06:42:50.41003","collector_001",21.4,34.1,1057.0,18.6,20.3,7.0,283.0,13.0,19.0,46.0
"2026-04-25 06:47:52.913018","collector_001",21.4,33.9,1132.0,18.6,20.3,7.0,282.0,13.0,19.0,45.0
"2026-04-25 06:52:55.05302","collector_001",21.4,33.9,1200.0,18.6,20.3,7.0,282.0,13.0,19.0,45.0
"2026-04-25 06:57:57.22204","collector_001",21.4,34.1,1265.0,18.6,20.3,7.0,282.0,13.0,19.0,45.0
"2026-04-25 07:02:58.897151","collector_001",21.5,33.9,1323.0,18.6,20.3,7.0,282.0,13.0,19.0,45.0
"2026-04-25 07:08:00.861115","collector_001",21.5,33.9,1378.0,18.6,20.3,7.0,282.0,13.0,19.0,45.0
"2026-04-25 07:13:02.696126","collector_001",21.5,34.1,1432.0,18.6,20.3,7.0,282.0,13.0,19.0,45.0
"2026-04-25 07:18:04.829153","collector_001",21.6,33.9,1487.0,18.6,20.3,7.0,282.0,13.0,19.0,45.0
"2026-04-25 07:23:06.916121","collector_001",21.5,33.9,1535.0,18.6,20.3,7.0,282.0,13.0,19.0,45.0
"2026-04-25 07:28:09.058133","collector_001",21.5,37.2,1577.0,18.6,20.3,7.0,282.0,13.0,19.0,45.0
"2026-04-25 07:33:11.364122","collector_001",21.5,33.5,1616.0,18.6,20.3,7.0,282.0,13.0,19.0,45.0
"2026-04-25 07:38:13.464122","collector_001",21.6,33.4,1651.0,18.6,20.2,7.0,282.0,13.0,19.0,45.0
"2026-04-25 07:43:15.33013","collector_001",21.6,33.2,1680.0,18.7,20.3,7.0,282.0,13.0,19.0,45.0
"2026-04-25 07:48:17.746126","collector_001",21.6,33.2,1707.0,18.7,20.3,7.0,282.0,13.0,19.0,45.0
"2026-04-25 07:53:19.56012","collector_001",21.6,33.0,1732.0,18.7,20.3,7.0,282.0,13.0,19.0,45.0
"2026-04-25 07:58:21.944149","collector_001",21.6,32.9,1751.0,18.8,20.2,7.0,283.0,13.0,19.0,46.0
"2026-04-25 08:03:23.652154","collector_001",21.7,32.7,1777.0,18.8,20.3,7.0,283.0,13.0,19.0,46.0
"2026-04-25 08:08:25.399126","collector_001",21.8,33.3,1789.0,18.8,20.3,7.0,283.0,13.0,19.0,46.0
"2026-04-25 08:13:27.384115","collector_001",21.8,33.6,1808.0,18.8,20.3,7.0,283.0,13.0,19.0,46.0
"2026-04-25 08:18:29.420145","collector_001",21.7,32.8,1830.0,18.9,20.3,7.0,283.0,13.0,19.0,46.0
"2026-04-25 08:23:31.937115","collector_001",21.8,34.4,1839.0,18.9,20.3,7.0,284.0,13.0,19.0,46.0
"2026-04-25 08:28:33.824691","collector_001",21.9,32.8,1862.0,18.9,20.2,7.0,284.0,13.0,19.0,46.0
"2026-04-25 08:33:36.337122","collector_001",21.9,33.2,1873.0,18.9,20.3,7.0,284.0,13.0,19.0,46.0
"2026-04-25 08:38:38.195128","collector_001",21.9,32.7,1885.0,19.0,20.3,7.0,284.0,13.0,19.0,46.0
"2026-04-25 08:43:39.78712","collector_001",21.9,32.9,1896.0,19.0,20.3,7.0,285.0,13.0,20.0,46.0
"2026-04-25 08:48:41.485145","collector_001",21.9,32.6,1909.0,19.0,20.3,7.0,285.0,13.0,20.0,46.0
"2026-04-25 08:53:43.827466","collector_001",22.0,34.6,1922.0,19.1,20.3,7.0,285.0,13.0,20.0,46.0
"2026-04-25 08:58:45.729126","collector_001",22.0,33.2,1923.0,19.1,20.3,7.0,285.0,13.0,20.0,46.0
"2026-04-25 09:03:47.564131","collector_001",22.0,35.0,1917.0,19.1,20.3,7.0,285.0,13.0,20.0,46.0
"2026-04-25 09:08:49.688164","collector_001",21.9,32.5,1927.0,19.2,20.3,7.0,285.0,13.0,20.0,46.0
"2026-04-25 09:13:52.169128","collector_001",22.1,32.8,1929.0,19.2,20.3,7.0,285.0,13.0,20.0,46.0
"2026-04-25 09:18:54.701122","collector_001",22.1,32.1,1938.0,19.2,20.3,7.0,287.0,13.0,20.0,46.0
"2026-04-25 09:23:56.950122","collector_001",21.9,32.0,1940.0,19.3,20.3,7.0,286.0,13.0,20.0,46.0
"2026-04-25 09:28:58.974119","collector_001",22.0,32.0,1956.0,19.3,20.3,7.0,286.0,13.0,20.0,46.0
"2026-04-25 09:34:01.432164","collector_001",22.2,31.6,1963.0,19.3,20.3,7.0,286.0,13.0,20.0,46.0
"2026-04-25 09:39:03.860115","collector_001",22.3,31.7,1963.0,19.4,20.3,7.0,286.0,13.0,20.0,46.0
"2026-04-25 09:44:05.754115","collector_001",22.3,31.5,1965.0,19.4,20.3,7.0,287.0,13.0,20.0,46.0
"2026-04-25 09:49:07.896133","collector_001",22.3,32.1,1963.0,19.4,20.3,7.0,287.0,13.0,20.0,46.0
"2026-04-25 09:54:09.833114","collector_001",22.3,32.2,1967.0,19.5,20.3,7.0,287.0,13.0,20.0,46.0
"2026-04-25 09:59:11.725162","collector_001",22.3,31.6,1962.0,19.5,20.3,7.0,287.0,13.0,20.0,46.0
"2026-04-25 10:04:13.868209","collector_001",22.3,31.7,1958.0,19.5,20.3,7.0,287.0,13.0,20.0,46.0
"2026-04-25 10:09:16.064156","collector_001",22.3,32.8,1960.0,19.6,20.3,7.0,287.0,13.0,20.0,46.0
"2026-04-25 10:14:18.361206","collector_001",22.3,31.3,1956.0,19.6,20.3,7.0,287.0,13.0,20.0,46.0
"2026-04-25 10:19:20.488223","collector_001",22.3,31.1,1952.0,19.6,20.3,7.0,287.0,13.0,20.0,46.0
"2026-04-25 10:24:23.340217","collector_001",22.4,31.2,1958.0,19.7,20.3,7.0,287.0,13.0,20.0,46.0
"2026-04-25 10:29:25.647156","collector_001",22.4,31.0,1968.0,19.7,20.3,7.0,288.0,13.0,20.0,46.0
"2026-04-25 10:34:27.586222","collector_001",22.4,30.8,1965.0,19.7,20.3,7.0,288.0,13.0,20.0,46.0
"2026-04-25 10:39:29.881644","collector_001",22.4,30.6,1964.0,19.8,20.3,7.0,288.0,13.0,20.0,46.0
"2026-04-25 10:44:32.405165","collector_001",22.4,30.4,1965.0,19.8,20.3,7.0,288.0,13.0,20.0,46.0
"2026-04-25 10:49:34.147194","collector_001",22.5,30.4,1963.0,19.8,20.3,7.0,289.0,13.0,20.0,46.0
"2026-04-25 10:54:35.85116","collector_001",22.5,30.0,1967.0,19.8,20.3,7.0,289.0,13.0,20.0,46.0
"2026-04-25 10:59:37.763222","collector_001",22.5,29.7,1963.0,19.9,20.3,7.0,289.0,13.0,20.0,46.0
"2026-04-25 11:04:39.859161","collector_001",22.5,33.0,1955.0,19.9,20.3,7.0,289.0,13.0,20.0,46.0
"2026-04-25 11:09:41.766665","collector_001",22.6,29.5,1958.0,20.0,20.3,7.0,289.0,13.0,20.0,46.0
"2026-04-25 11:14:43.74519","collector_001",22.7,29.9,1960.0,20.0,20.3,7.0,289.0,13.0,20.0,46.0
"2026-04-25 11:19:46.038178","collector_001",22.6,32.1,1955.0,20.0,20.3,7.0,289.0,13.0,20.0,46.0
"2026-04-25 11:24:48.455161","collector_001",22.6,25.8,1961.0,20.0,20.3,7.0,289.0,13.0,20.0,46.0
"2026-04-25 11:29:50.793191","collector_001",22.6,24.2,1970.0,20.0,20.3,7.0,289.0,13.0,20.0,46.0
"2026-04-25 11:34:53.093705","collector_001",22.7,26.8,1986.0,20.1,20.3,7.0,289.0,13.0,20.0,46.0
"2026-04-25 11:39:54.940206","collector_001",22.7,26.3,2001.0,20.1,20.3,7.0,290.0,13.0,20.0,47.0
"2026-04-25 11:44:56.544206","collector_001",22.7,26.9,2017.0,20.1,20.3,7.0,290.0,13.0,20.0,47.0
"2026-04-25 11:49:58.424208","collector_001",22.7,27.5,2032.0,20.1,20.3,7.0,290.0,13.0,20.0,47.0
"2026-04-25 11:55:00.610167","collector_001",22.8,27.6,2046.0,20.2,20.3,7.0,290.0,13.0,20.0,47.0
"2026-04-25 12:00:02.34268","collector_001",22.8,26.3,2037.0,20.2,20.3,7.0,290.0,13.0,20.0,47.0
"2026-04-25 12:05:04.92516","collector_001",22.8,26.8,2042.0,20.2,20.3,7.0,290.0,13.0,20.0,47.0
"2026-04-25 12:10:07.105171","collector_001",22.8,26.4,2057.0,20.3,20.3,7.0,291.0,13.0,20.0,47.0
"2026-04-25 12:15:09.36916","collector_001",22.8,24.5,2063.0,20.3,20.3,7.0,291.0,13.0,20.0,47.0
"2026-04-25 12:20:11.231172","collector_001",22.9,25.0,2072.0,20.3,20.3,7.0,291.0,13.0,20.0,47.0
"2026-04-25 12:25:13.582161","collector_001",22.9,25.0,2093.0,20.3,20.3,7.0,291.0,13.0,20.0,47.0
"2026-04-25 12:30:15.561199","collector_001",22.9,25.5,2102.0,20.4,20.3,7.0,291.0,13.0,20.0,47.0
"2026-04-25 12:35:17.52016","collector_001",22.9,25.0,2107.0,20.4,20.3,7.0,291.0,13.0,20.0,47.0
"2026-04-25 12:40:19.32416","collector_001",22.9,25.2,2118.0,20.4,20.3,7.0,291.0,13.0,20.0,47.0
"2026-04-25 12:45:21.335703","collector_001",23.0,25.1,2142.0,20.4,20.2,7.0,291.0,13.0,20.0,47.0
"2026-04-25 12:50:48.768207","collector_001",23.0,25.7,2155.0,20.5,20.3,7.0,291.0,13.0,20.0,47.0
"2026-04-25 12:55:51.967207","collector_001",23.0,27.0,2125.0,20.5,20.3,7.0,291.0,13.0,20.0,47.0
"2026-04-25 13:00:53.74919","collector_001",23.1,24.4,2114.0,20.5,20.3,7.0,291.0,13.0,20.0,47.0
"2026-04-25 13:05:55.808372","collector_001",23.1,24.4,2120.0,20.6,20.3,7.0,291.0,13.0,20.0,47.0
"2026-04-25 13:10:58.049373","collector_001",23.0,24.6,2128.0,20.6,20.3,7.1,291.0,13.0,20.0,47.0
"2026-04-25 13:15:59.925332","collector_001",23.1,24.0,2143.0,20.6,20.3,7.0,291.0,13.0,20.0,47.0
"2026-04-25 13:21:01.883834","collector_001",23.2,23.3,2155.0,20.6,20.3,7.0,291.0,13.0,20.0,47.0
"2026-04-25 13:26:03.838379","collector_001",23.2,22.3,2163.0,20.6,20.3,7.0,292.0,13.0,20.0,47.0
"2026-04-25 13:31:05.636379","collector_001",23.2,22.7,2163.0,20.7,20.3,7.0,292.0,13.0,20.0,47.0
"2026-04-25 13:36:07.630329","collector_001",23.2,22.6,2174.0,20.7,20.3,7.0,292.0,13.0,20.0,47.0
"2026-04-25 13:41:10.047327","collector_001",23.2,22.6,2213.0,20.7,20.3,7.1,292.0,13.0,20.0,47.0
"2026-04-25 13:46:12.607334","collector_001",23.2,22.7,2262.0,20.7,20.3,7.1,292.0,13.0,20.0,47.0
"2026-04-25 13:51:14.665336","collector_001",23.2,23.2,2327.0,20.7,20.3,7.1,292.0,13.0,20.0,47.0
"2026-04-25 13:56:16.707338","collector_001",23.2,23.4,2341.0,20.8,20.3,7.1,292.0,13.0,20.0,47.0
"2026-04-25 14:01:18.625336","collector_001",23.2,23.6,2314.0,20.8,20.3,7.1,292.0,13.0,20.0,47.0
"2026-04-25 14:06:20.33337","collector_001",23.2,26.3,2283.0,20.8,20.3,7.1,292.0,13.0,20.0,47.0
"2026-04-25 14:11:22.099366","collector_001",23.2,23.0,2244.0,20.9,20.3,7.1,292.0,13.0,20.0,47.0
"2026-04-25 14:16:23.880334","collector_001",23.3,22.0,2208.0,20.9,20.3,7.1,292.0,13.0,20.0,47.0
"2026-04-25 14:21:25.790336","collector_001",23.4,19.2,2168.0,20.9,20.3,7.1,292.0,13.0,20.0,47.0
"2026-04-25 14:26:28.165346","collector_001",23.3,19.6,2127.0,20.9,20.3,7.1,292.0,13.0,20.0,47.0
"2026-04-25 14:31:30.124334","collector_001",23.3,19.5,2097.0,20.9,20.3,7.1,291.0,13.0,20.0,47.0
"2026-04-25 14:36:32.174338","collector_001",23.2,20.3,2069.0,20.9,20.3,7.0,291.0,13.0,20.0,47.0
"2026-04-25 14:41:34.551334","collector_001",23.2,21.9,2068.0,21.0,20.3,7.1,291.0,13.0,20.0,47.0
"2026-04-25 14:46:36.323331","collector_001",23.1,22.3,2060.0,21.0,20.2,7.1,291.0,13.0,20.0,47.0
"2026-04-25 14:51:38.330361","collector_001",23.1,20.9,2053.0,21.0,20.2,7.1,291.0,13.0,20.0,47.0
"2026-04-25 14:56:40.587398","collector_001",23.2,21.0,2038.0,21.0,20.2,7.1,291.0,13.0,20.0,47.0
"2026-04-25 15:01:42.503362","collector_001",23.3,20.0,2028.0,21.0,20.2,7.1,291.0,13.0,20.0,47.0
"2026-04-25 15:06:44.878334","collector_001",23.3,18.1,2024.0,21.0,20.2,7.1,290.0,13.0,20.0,47.0
"2026-04-25 15:11:46.730388","collector_001",23.2,17.4,2019.0,21.0,20.2,7.1,290.0,13.0,20.0,47.0
"2026-04-25 15:16:49.167345","collector_001",23.3,17.0,2033.0,21.0,20.2,7.1,290.0,13.0,20.0,47.0
"2026-04-25 15:21:51.800329","collector_001",23.2,19.0,2035.0,21.0,20.2,7.1,289.0,13.0,20.0,46.0
"2026-04-25 15:26:53.775334","collector_001",23.3,17.0,2037.0,21.0,20.2,7.1,290.0,13.0,20.0,47.0
"2026-04-25 15:31:55.602342","collector_001",23.2,18.1,2048.0,21.0,20.2,7.1,290.0,13.0,20.0,47.0
"2026-04-25 15:36:57.972353","collector_001",23.3,19.3,2047.0,21.0,20.2,7.1,289.0,13.0,20.0,46.0
"2026-04-25 15:42:00.119389","collector_001",23.4,19.2,2042.0,21.0,20.2,7.1,289.0,13.0,20.0,46.0
"2026-04-25 15:47:02.636346","collector_001",23.3,18.6,2036.0,21.0,20.2,7.1,289.0,13.0,20.0,46.0
"2026-04-25 15:52:05.031844","collector_001",23.3,18.9,2031.0,21.0,20.2,7.1,289.0,13.0,20.0,46.0
"2026-04-25 15:57:07.733338","collector_001",23.3,18.8,2029.0,21.0,20.2,7.1,289.0,13.0,20.0,46.0
"2026-04-25 16:02:09.535593","collector_001",23.3,18.7,2014.0,21.0,20.2,7.1,288.0,13.0,20.0,46.0
"2026-04-25 16:07:11.445637","collector_001",23.3,19.5,2007.0,21.0,20.2,7.1,288.0,13.0,20.0,46.0
"2026-04-25 16:12:13.693593","collector_001",23.3,17.7,1998.0,21.0,20.2,7.1,288.0,13.0,20.0,46.0
"2026-04-25 16:17:16.316598","collector_001",23.1,17.1,1982.0,21.0,20.2,7.1,287.0,13.0,20.0,46.0
"2026-04-25 16:22:17.787617","collector_001",23.2,18.0,1953.0,21.0,20.2,7.1,287.0,13.0,20.0,46.0
"2026-04-25 16:27:19.741594","collector_001",23.2,17.6,1946.0,21.0,20.2,7.1,287.0,13.0,20.0,46.0
"2026-04-25 16:32:21.952605","collector_001",23.2,16.6,1932.0,21.0,20.2,7.1,287.0,13.0,20.0,46.0
"2026-04-25 16:37:23.709626","collector_001",23.1,15.9,1912.0,21.0,20.2,7.1,286.0,13.0,20.0,46.0
"2026-04-25 16:42:25.462092","collector_001",23.0,15.7,1887.0,21.0,20.2,7.1,286.0,13.0,20.0,46.0
"2026-04-25 16:47:27.730628","collector_001",23.0,15.4,1869.0,21.0,20.2,7.1,286.0,13.0,20.0,46.0
"2026-04-25 16:52:29.756589","collector_001",23.1,15.7,1845.0,21.0,20.2,7.1,285.0,13.0,20.0,46.0
"2026-04-25 16:57:31.95463","collector_001",23.1,16.0,1823.0,21.0,20.2,7.1,285.0,13.0,20.0,46.0
"2026-04-25 17:02:33.976594","collector_001",23.1,16.2,1807.0,21.0,20.2,7.1,285.0,13.0,20.0,46.0
"2026-04-25 17:07:36.052598","collector_001",23.1,16.8,1792.0,21.0,20.2,7.1,284.0,13.0,19.0,46.0
"2026-04-25 17:12:38.499588","collector_001",23.0,17.5,1778.0,21.0,20.2,7.1,284.0,13.0,19.0,46.0
"2026-04-25 17:17:40.805616","collector_001",23.1,17.9,1762.0,21.0,20.1,7.1,284.0,13.0,19.0,46.0
"2026-04-25 17:22:42.8576","collector_001",23.1,18.6,1747.0,21.0,20.1,7.1,284.0,13.0,19.0,46.0
"2026-04-25 17:27:44.608594","collector_001",23.1,19.2,1728.0,21.0,20.1,7.1,283.0,13.0,19.0,46.0
"2026-04-25 17:32:46.619102","collector_001",23.1,18.7,1707.0,21.0,20.1,7.1,283.0,13.0,19.0,46.0
"2026-04-25 17:37:48.913098","collector_001",23.2,18.7,1676.0,21.0,20.1,7.1,283.0,13.0,19.0,46.0
"2026-04-25 17:42:51.083628","collector_001",23.1,18.9,1642.0,21.0,20.1,7.1,283.0,13.0,19.0,46.0
"2026-04-25 17:47:53.073589","collector_001",23.1,19.4,1611.0,21.0,20.1,7.1,283.0,13.0,19.0,46.0
"2026-04-25 17:52:54.691593","collector_001",23.1,19.3,1576.0,21.0,20.1,7.1,282.0,13.0,19.0,45.0
"2026-04-25 17:57:56.676598","collector_001",23.1,20.4,1537.0,21.0,20.1,7.1,282.0,13.0,19.0,45.0
"2026-04-25 18:02:59.024586","collector_001",23.1,20.0,1488.0,21.0,20.1,7.1,282.0,13.0,19.0,45.0
"2026-04-25 18:08:01.418589","collector_001",22.8,21.3,1433.0,21.0,20.1,7.1,281.0,13.0,19.0,45.0
"2026-04-25 18:13:03.439609","collector_001",22.9,21.4,1363.0,21.0,20.1,7.1,281.0,13.0,19.0,45.0
"2026-04-25 18:18:05.421594","collector_001",23.0,22.0,1281.0,21.0,20.1,7.1,281.0,13.0,19.0,45.0
"2026-04-25 18:23:07.114606","collector_001",22.9,22.9,1195.0,21.0,20.1,7.1,281.0,13.0,19.0,45.0
"2026-04-25 18:28:09.468592","collector_001",22.7,24.1,1090.0,21.0,20.1,7.1,280.0,13.0,19.0,45.0
"2026-04-25 18:33:11.112621","collector_001",22.9,22.3,975.0,21.0,20.1,7.1,280.0,13.0,19.0,45.0
"2026-04-25 18:38:12.960594","collector_001",22.9,23.3,832.0,21.0,20.1,7.1,280.0,13.0,19.0,45.0
"2026-04-25 18:43:14.942596","collector_001",23.0,22.9,698.0,21.0,20.1,7.1,280.0,13.0,19.0,45.0
"2026-04-25 18:48:16.777596","collector_001",22.8,23.3,556.0,21.0,20.1,7.1,280.0,13.0,19.0,45.0
"2026-04-25 18:53:18.988592","collector_001",22.7,24.1,423.0,20.9,20.1,7.1,279.0,13.0,19.0,45.0
"2026-04-25 18:58:21.116602","collector_001",22.7,24.4,308.0,21.0,20.1,7.1,279.0,13.0,19.0,45.0
"2026-04-25 19:03:23.275213","collector_001",22.6,26.9,213.0,20.9,20.0,7.1,279.0,13.0,19.0,45.0
"2026-04-25 19:08:25.183249","collector_001",22.4,25.3,138.0,20.9,20.0,7.1,278.0,13.0,19.0,45.0
"2026-04-25 19:13:26.937242","collector_001",22.6,27.3,84.0,20.9,20.0,7.1,278.0,13.0,19.0,45.0
"2026-04-25 19:18:28.456205","collector_001",22.4,25.2,47.0,20.9,20.0,7.1,277.0,13.0,19.0,45.0
"2026-04-25 19:23:30.621204","collector_001",22.3,25.7,23.0,20.8,20.0,7.1,277.0,13.0,19.0,45.0
"2026-04-25 19:28:32.450279","collector_001",22.4,27.8,10.0,20.8,20.0,7.1,276.0,12.0,19.0,44.0
"2026-04-25 19:33:33.988217","collector_001",22.4,26.0,4.0,20.8,20.0,7.1,276.0,12.0,19.0,44.0
"2026-04-25 19:38:35.597216","collector_001",22.5,26.5,2.0,20.7,19.9,7.1,275.0,12.0,19.0,44.0
"2026-04-25 19:43:36.956288","collector_001",22.2,26.3,1.0,20.7,20.0,7.1,275.0,12.0,19.0,44.0
"2026-04-25 19:48:38.775205","collector_001",22.1,28.8,1.0,20.7,19.9,7.1,275.0,12.0,19.0,44.0
"2026-04-25 19:53:40.362198","collector_001",22.0,27.2,1.0,20.6,19.9,7.1,274.0,12.0,19.0,44.0
"2026-04-25 19:58:42.209232","collector_001",22.1,28.6,1.0,20.6,19.9,7.1,273.0,12.0,19.0,44.0
"2026-04-25 20:03:43.575219","collector_001",21.9,29.1,1.0,20.6,19.9,7.1,273.0,12.0,19.0,44.0
"2026-04-25 20:08:44.954228","collector_001",22.0,31.8,1.0,20.5,19.9,7.1,272.0,12.0,19.0,44.0
"2026-04-25 20:13:46.4612","collector_001",21.8,29.2,1.0,20.5,19.9,7.1,272.0,12.0,19.0,44.0
"2026-04-25 20:18:47.907202","collector_001",21.9,28.4,1.0,20.4,19.9,7.1,271.0,12.0,19.0,44.0
"2026-04-25 20:23:49.704718","collector_001",21.8,28.4,1.0,20.4,19.9,7.1,271.0,12.0,19.0,44.0
"2026-04-25 20:28:51.556247","collector_001",21.8,28.7,1.0,20.4,19.9,7.1,270.0,12.0,19.0,43.0
"2026-04-25 20:33:53.1642","collector_001",21.7,28.9,1.0,20.3,19.9,7.1,269.0,12.0,18.0,43.0
"2026-04-25 20:38:54.881205","collector_001",21.6,30.5,1.0,20.3,19.9,7.1,269.0,12.0,18.0,43.0
"2026-04-25 20:43:56.719197","collector_001",21.5,31.9,1.0,20.2,19.9,7.1,268.0,12.0,18.0,43.0
"2026-04-25 20:48:58.602231","collector_001",21.7,30.4,1.0,20.2,19.9,7.1,268.0,12.0,18.0,43.0
"2026-04-25 20:54:00.353237","collector_001",21.6,30.1,1.0,20.2,19.9,7.1,267.0,12.0,18.0,43.0
"2026-04-25 20:59:02.372204","collector_001",21.8,31.4,1.0,20.2,19.9,7.1,267.0,12.0,18.0,43.0
"2026-04-25 21:04:03.805222","collector_001",21.9,29.9,1.0,20.1,19.9,7.1,267.0,12.0,18.0,43.0
"2026-04-25 21:09:05.5462","collector_001",21.7,31.9,1.0,20.1,19.9,7.1,266.0,12.0,18.0,43.0
"2026-04-25 21:14:07.010259","collector_001",21.7,30.2,1.0,20.0,19.9,7.1,265.0,12.0,18.0,43.0
"2026-04-25 21:19:08.849198","collector_001",21.9,30.0,1.0,20.0,19.8,7.1,265.0,12.0,18.0,43.0
"2026-04-25 21:24:10.926209","collector_001",22.1,29.5,1.0,20.0,19.9,7.1,265.0,12.0,18.0,43.0
"2026-04-25 21:29:12.654205","collector_001",22.1,29.5,1.0,20.0,19.8,7.1,265.0,12.0,18.0,43.0
"2026-04-25 21:34:14.651222","collector_001",21.9,30.7,1.0,20.0,19.8,7.1,265.0,12.0,18.0,43.0
"2026-04-25 21:39:16.856198","collector_001",21.9,29.8,1.0,20.0,19.8,7.1,264.0,12.0,18.0,42.0
"2026-04-25 21:44:18.765205","collector_001",21.9,31.1,1.0,20.0,19.8,7.1,264.0,12.0,18.0,42.0
"2026-04-25 21:49:20.68822","collector_001",21.9,31.0,1.0,20.0,19.8,7.1,264.0,12.0,18.0,42.0
"2026-04-25 21:54:22.012198","collector_001",21.7,31.9,1.0,19.9,19.8,7.1,263.0,12.0,18.0,42.0
"2026-04-25 21:59:23.671204","collector_001",21.8,31.6,1.0,19.9,19.8,7.1,263.0,12.0,18.0,42.0
"2026-04-25 22:04:25.391139","collector_001",21.6,31.6,1.0,19.9,19.8,7.1,263.0,12.0,18.0,42.0
"2026-04-25 22:09:27.288643","collector_001",21.8,30.9,1.0,19.9,19.7,7.1,263.0,12.0,18.0,42.0
"2026-04-25 22:14:29.466649","collector_001",21.9,32.8,1.0,19.9,19.8,7.1,262.0,12.0,18.0,42.0
"2026-04-25 22:19:31.331629","collector_001",21.8,31.6,1.0,19.8,19.8,7.1,262.0,12.0,18.0,42.0
"2026-04-25 22:24:33.106615","collector_001",21.9,30.8,1.0,19.8,19.7,7.1,261.0,12.0,18.0,42.0
"2026-04-25 22:29:34.991646","collector_001",21.8,31.4,1.0,19.8,19.7,7.1,261.0,12.0,18.0,42.0
"2026-04-25 22:34:36.614635","collector_001",21.9,30.5,1.0,19.8,19.7,7.1,261.0,12.0,18.0,42.0
"2026-04-25 22:39:38.367629","collector_001",22.0,33.8,1.0,19.8,19.7,7.1,261.0,12.0,18.0,42.0
"2026-04-25 22:44:39.883649","collector_001",21.9,32.5,1.0,19.8,19.7,7.1,261.0,12.0,18.0,42.0
"2026-04-25 22:49:41.609627","collector_001",22.0,30.1,1.0,19.8,19.7,7.1,261.0,12.0,18.0,42.0
"2026-04-25 22:54:43.497621","collector_001",21.9,31.1,1.0,19.8,19.7,7.1,260.0,12.0,18.0,42.0
"2026-04-25 22:59:45.453618","collector_001",22.0,29.9,1.0,19.8,19.7,7.1,260.0,12.0,18.0,42.0
"2026-04-25 23:04:47.085135","collector_001",21.9,30.7,1.0,19.8,19.7,7.1,260.0,12.0,18.0,42.0
"2026-04-25 23:09:48.96864","collector_001",21.9,29.7,0.0,19.8,19.7,7.1,260.0,12.0,18.0,42.0
"2026-04-25 23:14:50.528623","collector_001",21.7,29.3,0.0,19.7,19.7,7.1,259.0,12.0,18.0,42.0
"2026-04-25 23:19:52.082622","collector_001",21.9,29.2,0.0,19.7,19.7,7.1,259.0,12.0,18.0,42.0
"2026-04-25 23:24:54.171629","collector_001",21.8,29.5,0.0,19.7,19.7,7.1,259.0,12.0,18.0,42.0
"2026-04-25 23:29:55.882631","collector_001",21.8,30.1,0.0,19.7,19.7,7.1,258.0,12.0,18.0,42.0
"2026-04-25 23:34:57.414623","collector_001",21.7,29.1,0.0,19.7,19.7,7.1,258.0,12.0,18.0,42.0
"2026-04-25 23:39:58.680625","collector_001",21.8,28.7,0.0,19.7,19.7,7.1,258.0,12.0,18.0,42.0
"2026-04-25 23:45:00.013627","collector_001",21.8,28.7,0.0,19.7,19.7,7.1,258.0,12.0,18.0,42.0
"2026-04-25 23:50:01.45964","collector_001",21.6,30.8,0.0,19.6,19.7,7.1,257.0,12.0,18.0,41.0
"2026-04-25 23:55:03.254623","collector_001",21.6,28.9,0.0,19.6,19.7,7.1,257.0,12.0,18.0,41.0
"2026-04-26 00:00:04.820627","collector_001",21.5,29.8,0.0,19.6,19.7,7.1,256.0,11.0,18.0,41.0
"2026-04-26 00:05:06.292623","collector_001",21.5,29.7,0.0,19.6,19.7,7.1,256.0,11.0,18.0,41.0
"2026-04-26 00:10:07.482618","collector_001",21.7,29.6,0.0,19.5,19.7,7.1,256.0,11.0,18.0,41.0
"2026-04-26 00:15:09.046627","collector_001",21.5,29.6,0.0,19.5,19.7,7.1,256.0,11.0,18.0,41.0
"2026-04-26 00:20:10.480634","collector_001",21.2,31.8,0.0,19.5,19.7,7.1,255.0,11.0,17.0,41.0
"2026-04-26 00:25:12.277623","collector_001",21.4,33.8,0.0,19.4,19.6,7.1,255.0,11.0,17.0,41.0
"2026-04-26 00:30:13.440631","collector_001",21.5,28.6,0.0,19.4,19.6,7.1,254.0,11.0,17.0,41.0
"2026-04-26 00:35:14.892622","collector_001",21.5,28.7,0.0,19.4,19.6,7.1,254.0,11.0,17.0,41.0
"2026-04-26 00:40:16.708643","collector_001",21.5,28.9,0.0,19.4,19.6,7.1,254.0,11.0,17.0,41.0
"2026-04-26 00:45:18.041618","collector_001",21.5,28.3,0.0,19.3,19.6,7.1,253.0,11.0,17.0,41.0
"2026-04-26 00:50:19.560622","collector_001",21.5,28.6,0.0,19.3,19.6,7.1,253.0,11.0,17.0,41.0
"2026-04-26 00:55:21.357651","collector_001",21.6,28.3,0.0,19.3,19.6,7.1,253.0,11.0,17.0,41.0
"2026-04-26 01:00:22.641618","collector_001",21.7,31.2,0.0,19.3,19.6,7.1,252.0,11.0,17.0,41.0
"2026-04-26 01:05:24.04356","collector_001",21.6,28.3,0.0,19.3,19.6,7.0,252.0,11.0,17.0,41.0
"2026-04-26 01:10:25.375569","collector_001",21.6,29.9,0.0,19.3,19.6,7.0,252.0,11.0,17.0,41.0
"2026-04-26 01:15:26.902566","collector_001",21.6,29.5,0.0,19.3,19.6,7.1,252.0,11.0,17.0,41.0
"2026-04-26 01:20:28.348585","collector_001",21.6,27.9,0.0,19.3,19.6,7.1,251.0,11.0,17.0,40.0
"2026-04-26 01:25:30.021607","collector_001",21.6,28.1,0.0,19.3,19.6,7.1,251.0,11.0,17.0,40.0
"2026-04-26 01:30:31.439567","collector_001",21.6,27.7,0.0,19.2,19.6,7.1,251.0,11.0,17.0,40.0
"2026-04-26 01:35:33.145562","collector_001",21.6,27.7,0.0,19.2,19.6,7.1,250.0,11.0,17.0,40.0
"2026-04-26 01:40:34.343565","collector_001",21.6,27.6,0.0,19.2,19.6,7.0,250.0,11.0,17.0,40.0
"2026-04-26 01:45:35.917573","collector_001",21.6,32.7,0.0,19.2,19.6,7.0,250.0,11.0,17.0,40.0
"2026-04-26 01:50:37.43161","collector_001",21.6,27.4,0.0,19.2,19.6,7.0,250.0,11.0,17.0,40.0
"2026-04-26 01:55:39.028566","collector_001",21.6,27.8,0.0,19.2,19.6,7.0,250.0,11.0,17.0,40.0
"2026-04-26 02:00:40.459562","collector_001",21.6,27.9,0.0,19.2,19.6,7.0,249.0,11.0,17.0,40.0
"2026-04-26 02:05:42.208081","collector_001",21.5,27.6,0.0,19.2,19.6,7.0,249.0,11.0,17.0,40.0
"2026-04-26 02:10:43.777559","collector_001",21.6,27.4,0.0,19.2,19.6,7.0,249.0,11.0,17.0,40.0
"2026-04-26 02:15:45.158562","collector_001",21.5,27.6,0.0,19.1,19.6,7.0,249.0,11.0,17.0,40.0
"2026-04-26 02:20:46.797569","collector_001",21.4,27.4,0.0,19.1,19.6,7.0,249.0,11.0,17.0,40.0
"2026-04-26 02:25:48.701562","collector_001",21.3,27.3,0.0,19.1,19.6,7.0,248.0,11.0,17.0,40.0
"2026-04-26 02:30:50.844571","collector_001",21.3,27.2,0.0,19.1,19.6,7.0,248.0,11.0,17.0,40.0
"2026-04-26 02:35:52.098559","collector_001",21.5,26.8,0.0,19.1,19.6,7.0,248.0,11.0,17.0,40.0
"2026-04-26 02:40:53.61956","collector_001",21.4,27.1,0.0,19.1,19.6,7.0,248.0,11.0,17.0,40.0
"2026-04-26 02:45:54.948118","collector_001",21.4,27.1,0.0,19.0,19.6,7.0,247.0,11.0,17.0,40.0
"2026-04-26 02:50:56.220564","collector_001",21.3,27.0,0.0,19.0,19.6,7.0,247.0,11.0,17.0,40.0
"2026-04-26 02:55:57.889679","collector_001",21.4,27.6,0.0,19.0,19.6,7.0,246.0,11.0,17.0,40.0
"2026-04-26 03:00:59.945562","collector_001",21.3,27.3,0.0,19.0,19.6,7.0,246.0,11.0,17.0,40.0
"2026-04-26 03:06:01.482596","collector_001",21.3,27.0,0.0,18.9,19.6,7.0,246.0,11.0,17.0,40.0
"2026-04-26 03:11:02.957602","collector_001",21.4,27.2,0.0,18.9,19.6,7.0,246.0,11.0,17.0,40.0
"2026-04-26 03:16:04.303579","collector_001",21.3,27.0,0.0,18.9,19.6,7.0,246.0,11.0,17.0,40.0
"2026-04-26 03:21:05.591572","collector_001",21.4,26.9,0.0,18.9,19.5,7.0,246.0,11.0,17.0,40.0
"2026-04-26 03:26:06.851567","collector_001",21.3,27.0,0.0,18.9,19.6,7.0,245.0,11.0,17.0,39.0
"2026-04-26 03:31:08.365648","collector_001",21.2,27.1,0.0,18.9,19.5,7.1,244.0,11.0,17.0,39.0
"2026-04-26 03:36:09.567562","collector_001",21.2,26.9,0.0,18.9,19.5,7.1,244.0,11.0,17.0,39.0
"2026-04-26 03:41:11.042562","collector_001",21.2,27.1,0.0,18.8,19.5,7.1,244.0,11.0,17.0,39.0
"2026-04-26 03:46:12.408578","collector_001",21.2,27.0,0.0,18.8,19.5,7.1,244.0,11.0,17.0,39.0
"2026-04-26 03:51:13.887571","collector_001",21.2,27.0,0.0,18.8,19.5,7.1,244.0,11.0,17.0,39.0
"2026-04-26 03:56:15.27256","collector_001",21.1,27.1,0.0,18.8,19.5,7.0,244.0,11.0,17.0,39.0
"2026-04-26 04:01:16.638565","collector_001",21.1,27.1,0.0,18.8,19.5,7.0,243.0,11.0,17.0,39.0
"2026-04-26 04:06:17.751527","collector_001",21.1,27.4,0.0,18.8,19.5,7.0,243.0,11.0,17.0,39.0
"2026-04-26 04:11:18.888528","collector_001",21.1,27.1,0.0,18.7,19.5,7.0,243.0,11.0,17.0,39.0
"2026-04-26 04:16:20.017553","collector_001",21.2,26.9,0.0,18.7,19.5,7.0,242.0,11.0,17.0,39.0
"2026-04-26 04:21:21.472524","collector_001",21.1,26.7,0.0,18.7,19.5,7.0,242.0,11.0,17.0,39.0
"2026-04-26 04:26:23.113529","collector_001",21.1,26.6,0.0,18.7,19.5,7.0,242.0,11.0,17.0,39.0
"2026-04-26 04:31:24.507537","collector_001",21.1,26.6,0.0,18.7,19.5,7.0,242.0,11.0,17.0,39.0
"2026-04-26 04:36:25.872537","collector_001",21.2,26.6,0.0,18.6,19.5,7.0,241.0,11.0,16.0,39.0
"2026-04-26 04:41:27.363544","collector_001",21.0,26.6,0.0,18.6,19.4,7.0,241.0,11.0,16.0,39.0
"2026-04-26 04:46:29.181533","collector_001",21.0,26.7,0.0,18.6,19.5,7.0,240.0,11.0,16.0,39.0
"2026-04-26 04:51:30.788556","collector_001",21.0,27.3,0.0,18.6,19.5,7.0,240.0,11.0,16.0,39.0
"2026-04-26 04:56:32.285534","collector_001",21.0,26.9,0.0,18.6,19.4,7.0,240.0,11.0,16.0,39.0
"2026-04-26 05:01:33.685531","collector_001",21.1,26.7,0.0,18.6,19.5,7.0,240.0,11.0,16.0,39.0
"2026-04-26 05:06:35.196524","collector_001",21.1,26.8,1.0,18.5,19.4,7.0,240.0,11.0,16.0,39.0
"2026-04-26 05:11:36.654555","collector_001",21.1,27.0,1.0,18.5,19.5,7.0,240.0,11.0,16.0,39.0
"2026-04-26 05:16:38.468533","collector_001",21.0,27.2,1.0,18.5,19.4,7.0,239.0,11.0,16.0,38.0
"2026-04-26 05:21:40.021529","collector_001",21.1,27.1,2.0,18.5,19.4,7.0,239.0,11.0,16.0,38.0
"2026-04-26 05:26:41.473529","collector_001",21.2,27.5,4.0,18.5,19.4,7.0,239.0,11.0,16.0,38.0
"2026-04-26 05:31:42.673529","collector_001",21.1,27.4,11.0,18.5,19.4,7.0,238.0,11.0,16.0,38.0
"2026-04-26 05:36:44.219537","collector_001",21.0,28.4,24.0,18.5,19.4,7.0,238.0,11.0,16.0,38.0
"2026-04-26 05:41:45.663533","collector_001",20.9,27.7,48.0,18.5,19.4,7.0,238.0,11.0,16.0,38.0
"2026-04-26 05:46:47.594043","collector_001",21.0,27.8,88.0,18.5,19.4,7.0,238.0,11.0,16.0,38.0
"2026-04-26 05:51:49.826524","collector_001",21.0,27.7,142.0,18.5,19.4,7.0,238.0,11.0,16.0,38.0
"2026-04-26 05:56:51.599578","collector_001",21.1,27.6,210.0,18.4,19.4,7.0,238.0,11.0,16.0,38.0
"2026-04-26 06:01:53.961524","collector_001",21.1,27.8,294.0,18.4,19.4,7.0,237.0,11.0,16.0,38.0
"2026-04-26 06:06:56.29258","collector_001",21.1,27.8,387.0,18.4,19.4,7.0,236.0,10.0,16.0,38.0
"2026-04-26 06:11:58.313524","collector_001",21.1,27.7,483.0,18.4,19.4,7.0,236.0,10.0,16.0,38.0
"2026-04-26 06:17:00.215565","collector_001",21.2,28.8,579.0,18.4,19.4,7.0,236.0,10.0,16.0,38.0
"2026-04-26 06:22:02.614555","collector_001",21.1,31.1,672.0,18.4,19.4,7.0,236.0,10.0,16.0,38.0
"2026-04-26 06:27:04.670029","collector_001",21.0,27.9,761.0,18.4,19.4,7.0,236.0,10.0,16.0,38.0
"2026-04-26 06:32:06.402529","collector_001",21.0,28.9,843.0,18.4,19.4,7.0,236.0,10.0,16.0,38.0
"2026-04-26 06:37:08.345529","collector_001",21.0,31.3,920.0,18.3,19.4,7.0,236.0,10.0,16.0,38.0
"2026-04-26 06:42:10.842529","collector_001",20.6,29.2,990.0,18.3,19.4,7.0,236.0,10.0,16.0,38.0
"2026-04-26 06:47:13.167529","collector_001",20.4,30.4,1053.0,18.3,19.4,7.0,235.0,10.0,16.0,38.0
"2026-04-26 06:52:14.986522","collector_001",20.6,28.1,1108.0,18.3,19.3,7.0,235.0,10.0,16.0,38.0
"2026-04-26 06:57:17.240527","collector_001",20.8,28.0,1157.0,18.3,19.3,7.0,235.0,10.0,16.0,38.0
"2026-04-26 07:02:19.286231","collector_001",20.9,28.8,1204.0,18.3,19.3,7.0,235.0,10.0,16.0,38.0
"2026-04-26 07:07:21.106761","collector_001",21.1,28.7,1251.0,18.3,19.3,7.0,234.0,10.0,16.0,38.0
"2026-04-26 07:12:22.848288","collector_001",21.0,30.2,1305.0,18.3,19.3,7.0,235.0,10.0,16.0,38.0
"2026-04-26 07:17:24.983234","collector_001",21.1,29.3,1348.0,18.3,19.3,7.0,235.0,10.0,16.0,38.0
"2026-04-26 07:22:26.815236","collector_001",21.2,28.4,1393.0,18.3,19.3,7.0,235.0,10.0,16.0,38.0
"2026-04-26 07:27:29.207249","collector_001",21.2,28.8,1433.0,18.3,19.3,7.0,234.0,10.0,16.0,38.0
"2026-04-26 07:32:31.385769","collector_001",21.1,28.4,1477.0,18.3,19.3,7.0,235.0,10.0,16.0,38.0
"2026-04-26 07:37:33.987236","collector_001",21.1,28.1,1501.0,18.3,19.3,7.0,234.0,10.0,16.0,38.0
"2026-04-26 07:42:36.292236","collector_001",21.2,28.0,1525.0,18.3,19.3,7.0,235.0,10.0,16.0,38.0
"2026-04-26 07:47:38.861276","collector_001",21.3,28.0,1551.0,18.3,19.3,7.0,235.0,10.0,16.0,38.0
"2026-04-26 07:52:40.896229","collector_001",21.2,27.9,1572.0,18.4,19.3,7.0,235.0,10.0,16.0,38.0
"2026-04-26 07:57:42.468253","collector_001",21.2,27.7,1594.0,18.4,19.4,7.0,235.0,10.0,16.0,38.0
"2026-04-26 08:02:44.259244","collector_001",21.2,29.8,1617.0,18.4,19.3,7.0,235.0,10.0,16.0,38.0
"2026-04-26 08:07:46.384236","collector_001",21.0,28.1,1641.0,18.5,19.4,7.0,235.0,10.0,16.0,38.0
"2026-04-26 08:12:48.438231","collector_001",21.0,27.6,1660.0,18.4,19.3,7.0,235.0,10.0,16.0,38.0
"2026-04-26 08:17:50.532238","collector_001",21.1,28.0,1678.0,18.5,19.4,7.0,235.0,10.0,16.0,38.0
"2026-04-26 08:22:52.631258","collector_001",21.3,29.7,1683.0,18.5,19.3,7.0,235.0,10.0,16.0,38.0
"2026-04-26 08:27:54.564235","collector_001",21.2,27.3,1687.0,18.5,19.3,7.0,235.0,10.0,16.0,38.0
"2026-04-26 08:32:56.629247","collector_001",21.2,27.8,1697.0,18.5,19.3,7.0,235.0,10.0,16.0,38.0
"2026-04-26 08:37:58.555236","collector_001",21.4,27.3,1702.0,18.5,19.3,7.0,235.0,10.0,16.0,38.0
"2026-04-26 08:43:00.642244","collector_001",21.5,27.4,1711.0,18.5,19.3,7.0,235.0,10.0,16.0,38.0
"2026-04-26 08:48:02.607235","collector_001",21.4,30.0,1728.0,18.5,19.3,7.0,236.0,10.0,16.0,38.0
"2026-04-26 08:53:04.244258","collector_001",21.5,33.2,1735.0,18.6,19.3,7.0,236.0,10.0,16.0,38.0
"2026-04-26 08:58:05.773246","collector_001",21.6,27.6,1741.0,18.6,19.3,7.0,236.0,10.0,16.0,38.0
"2026-04-26 09:03:08.225234","collector_001",21.4,27.4,1753.0,18.6,19.3,7.0,236.0,10.0,16.0,38.0
"2026-04-26 09:08:10.411236","collector_001",21.4,27.4,1772.0,18.6,19.3,7.0,236.0,10.0,16.0,38.0
"2026-04-26 09:13:12.456748","collector_001",21.4,28.1,1782.0,18.7,19.3,7.0,236.0,10.0,16.0,38.0
"2026-04-26 09:18:14.861269","collector_001",21.3,27.4,1792.0,18.7,19.3,7.0,236.0,10.0,16.0,38.0
"2026-04-26 09:23:16.694325","collector_001",21.3,27.9,1802.0,18.7,19.4,7.0,236.0,10.0,16.0,38.0
"2026-04-26 09:28:18.876236","collector_001",21.5,28.3,1790.0,18.7,19.3,7.0,237.0,11.0,16.0,38.0
"2026-04-26 09:33:20.954229","collector_001",21.1,26.3,1796.0,18.7,19.3,7.0,236.0,10.0,16.0,38.0
"2026-04-26 09:38:22.978325","collector_001",21.2,26.2,1818.0,18.8,19.3,7.0,236.0,10.0,16.0,38.0
"2026-04-26 09:43:24.81424","collector_001",21.3,27.5,1834.0,18.8,19.3,7.0,236.0,10.0,16.0,38.0
"2026-04-26 09:48:27.263234","collector_001",21.6,26.8,1845.0,18.8,19.3,7.0,237.0,11.0,16.0,38.0
"2026-04-26 09:53:29.482253","collector_001",21.5,26.1,1868.0,18.8,19.3,7.0,237.0,11.0,16.0,38.0
"2026-04-26 09:58:31.523236","collector_001",21.2,26.0,1907.0,18.8,19.3,7.0,237.0,11.0,16.0,38.0
"2026-04-26 10:03:33.847047","collector_001",21.5,26.4,1969.0,18.9,19.3,7.0,237.0,11.0,16.0,38.0
"2026-04-26 10:08:35.794008","collector_001",21.5,25.6,2061.0,18.9,19.3,7.0,237.0,11.0,16.0,38.0
"2026-04-26 10:13:37.676022","collector_001",21.7,25.9,2162.0,18.9,19.3,7.0,237.0,11.0,16.0,38.0
"2026-04-26 10:18:39.970014","collector_001",21.9,27.2,2319.0,18.9,19.3,7.0,238.0,11.0,16.0,38.0
"2026-04-26 10:23:42.031026","collector_001",21.9,26.8,2587.0,19.0,19.3,7.0,238.0,11.0,16.0,38.0
"2026-04-26 10:28:44.096034","collector_001",22.1,27.7,2862.0,19.0,19.3,7.0,238.0,11.0,16.0,38.0
"2026-04-26 10:33:46.028549","collector_001",22.1,27.1,3038.0,19.0,19.3,7.0,238.0,11.0,16.0,38.0
"2026-04-26 10:38:47.765027","collector_001",22.2,26.4,3223.0,19.1,19.4,7.0,239.0,11.0,16.0,38.0
"2026-04-26 10:43:49.833035","collector_001",22.2,26.7,2833.0,19.1,19.4,7.0,239.0,11.0,16.0,38.0
"2026-04-26 10:48:52.379508","collector_001",22.3,26.0,2673.0,19.2,19.4,7.0,239.0,11.0,16.0,38.0
"2026-04-26 10:53:54.36901","collector_001",22.3,24.7,2839.0,19.2,19.4,7.0,240.0,11.0,16.0,39.0
"2026-04-26 10:58:56.288009","collector_001",22.3,26.0,2517.0,19.3,19.4,7.0,240.0,11.0,16.0,39.0
"2026-04-26 11:03:58.421005","collector_001",22.1,24.8,2033.0,19.3,19.4,7.0,240.0,11.0,16.0,39.0
"2026-04-26 11:09:00.235127","collector_001",22.2,24.1,2279.0,19.4,19.4,7.0,241.0,11.0,16.0,39.0
"2026-04-26 11:14:02.463003","collector_001",22.3,25.3,2208.0,19.4,19.4,7.0,241.0,11.0,16.0,39.0
"2026-04-26 11:19:04.618014","collector_001",22.4,23.6,2288.0,19.5,19.4,7.0,241.0,11.0,16.0,39.0
"2026-04-26 11:24:07.082541","collector_001",22.4,25.2,2282.0,19.5,19.4,7.0,241.0,11.0,16.0,39.0
"2026-04-26 11:29:09.225008","collector_001",22.4,26.0,2292.0,19.6,19.4,7.0,241.0,11.0,16.0,39.0
"2026-04-26 11:34:11.216013","collector_001",22.4,24.3,2189.0,19.6,19.4,7.0,242.0,11.0,17.0,39.0
"2026-04-26 11:39:13.397022","collector_001",22.4,24.0,2054.0,19.7,19.4,7.0,242.0,11.0,17.0,39.0
"2026-04-26 11:44:15.175005","collector_001",22.4,23.8,1960.0,19.7,19.4,7.0,242.0,11.0,17.0,39.0
"2026-04-26 11:49:16.798371","collector_001",22.4,24.4,1893.0,19.7,19.4,7.0,242.0,11.0,17.0,39.0
"2026-04-26 11:54:18.626014","collector_001",22.5,24.1,1862.0,19.7,19.4,7.0,242.0,11.0,17.0,39.0
"2026-04-26 11:59:20.302008","collector_001",22.5,24.8,1841.0,19.8,19.4,7.0,242.0,11.0,17.0,39.0
"2026-04-26 12:04:21.888046","collector_001",22.5,21.9,1838.0,19.8,19.4,7.0,243.0,11.0,17.0,39.0
"2026-04-26 12:09:23.74101","collector_001",22.4,22.9,1836.0,19.8,19.4,7.0,243.0,11.0,17.0,39.0
"2026-04-26 12:14:25.632534","collector_001",22.5,25.2,1832.0,19.9,19.4,7.0,243.0,11.0,17.0,39.0
"2026-04-26 12:19:28.002009","collector_001",22.5,24.3,1828.0,19.9,19.4,7.0,243.0,11.0,17.0,39.0
"2026-04-26 12:24:30.559005","collector_001",22.6,23.8,1819.0,19.9,19.4,7.0,243.0,11.0,17.0,39.0
"2026-04-26 12:29:32.531054","collector_001",22.5,21.8,1817.0,19.9,19.4,7.0,243.0,11.0,17.0,39.0
"2026-04-26 12:34:34.845033","collector_001",22.4,21.1,1826.0,19.9,19.4,7.0,243.0,11.0,17.0,39.0
"2026-04-26 12:39:36.661003","collector_001",22.5,22.3,1829.0,20.0,19.4,7.0,243.0,11.0,17.0,39.0
"2026-04-26 12:44:38.696021","collector_001",22.4,21.0,1840.0,20.0,19.4,7.0,243.0,11.0,17.0,39.0
"2026-04-26 12:49:40.526005","collector_001",22.4,21.0,1847.0,20.0,19.4,7.0,243.0,11.0,17.0,39.0
"2026-04-26 12:54:42.062066","collector_001",22.4,21.3,1862.0,20.0,19.4,7.0,243.0,11.0,17.0,39.0
"2026-04-26 12:59:44.997002","collector_001",22.4,21.6,1876.0,20.0,19.4,7.0,243.0,11.0,17.0,39.0
"2026-04-26 13:04:47.188476","collector_001",22.5,24.0,1888.0,20.1,19.4,7.0,243.0,11.0,17.0,39.0
"2026-04-26 13:09:49.999457","collector_001",22.6,22.4,1901.0,20.1,19.4,7.0,243.0,11.0,17.0,39.0
"2026-04-26 13:14:52.247447","collector_001",22.5,24.5,1912.0,20.1,19.4,7.0,243.0,11.0,17.0,39.0
"2026-04-26 13:19:54.55649","collector_001",22.5,23.1,1921.0,20.1,19.3,7.0,243.0,11.0,17.0,39.0
"2026-04-26 13:24:56.748499","collector_001",22.7,22.0,1915.0,20.1,19.3,7.0,243.0,11.0,17.0,39.0
"2026-04-26 13:29:58.592458","collector_001",22.6,23.8,1921.0,20.2,19.4,7.0,243.0,11.0,17.0,39.0
"2026-04-26 13:35:00.992449","collector_001",22.7,23.5,1929.0,20.2,19.3,7.0,243.0,11.0,17.0,39.0
"2026-04-26 13:40:02.932458","collector_001",22.6,22.1,1926.0,20.2,19.3,7.0,243.0,11.0,17.0,39.0
"2026-04-26 13:45:04.538454","collector_001",22.7,22.0,1929.0,20.2,19.3,7.0,243.0,11.0,17.0,39.0
"2026-04-26 13:50:06.613464","collector_001",22.7,23.2,1927.0,20.2,19.3,7.0,243.0,11.0,17.0,39.0
"2026-04-26 13:55:09.300454","collector_001",22.7,21.6,1931.0,20.2,19.3,7.0,243.0,11.0,17.0,39.0
"2026-04-26 14:00:11.409955","collector_001",22.7,21.5,1937.0,20.2,19.4,7.0,243.0,11.0,17.0,39.0
"2026-04-26 14:05:13.334476","collector_001",22.7,21.7,1941.0,20.3,19.4,7.0,243.0,11.0,17.0,39.0
"2026-04-26 14:10:15.539478","collector_001",22.8,21.7,1945.0,20.3,19.3,7.0,243.0,11.0,17.0,39.0
"2026-04-26 14:15:17.251967","collector_001",22.8,22.3,1951.0,20.3,19.3,7.0,243.0,11.0,17.0,39.0
"2026-04-26 14:20:19.702474","collector_001",22.7,21.8,1957.0,20.3,19.3,7.0,243.0,11.0,17.0,39.0
"2026-04-26 14:25:21.930475","collector_001",22.8,21.5,1955.0,20.3,19.3,7.0,243.0,11.0,17.0,39.0
"2026-04-26 14:30:24.025449","collector_001",22.7,21.8,1953.0,20.4,19.4,7.0,243.0,11.0,17.0,39.0
"2026-04-26 14:35:26.014452","collector_001",22.8,21.5,1958.0,20.4,19.3,7.0,243.0,11.0,17.0,39.0
"2026-04-26 14:40:28.171503","collector_001",22.8,21.4,1957.0,20.4,19.3,7.0,243.0,11.0,17.0,39.0
"2026-04-26 14:45:30.466529","collector_001",22.7,21.8,1957.0,20.4,19.3,7.0,243.0,11.0,17.0,39.0
"2026-04-26 14:50:32.819449","collector_001",22.7,21.2,1962.0,20.4,19.3,7.0,243.0,11.0,17.0,39.0
"2026-04-26 14:55:35.063963","collector_001",22.7,22.3,1960.0,20.4,19.3,7.0,243.0,11.0,17.0,39.0
"2026-04-26 15:00:36.913488","collector_001",22.8,21.6,1960.0,20.4,19.3,7.0,242.0,11.0,17.0,39.0
"2026-04-26 15:05:38.698466","collector_001",22.7,21.1,1957.0,20.4,19.3,7.0,243.0,11.0,17.0,39.0
"2026-04-26 15:10:40.553465","collector_001",22.7,21.4,1957.0,20.5,19.3,7.0,243.0,11.0,17.0,39.0
"2026-04-26 15:15:42.785465","collector_001",22.7,20.3,1957.0,20.4,19.3,7.0,242.0,11.0,17.0,39.0
"2026-04-26 15:20:44.673537","collector_001",22.7,21.3,1963.0,20.4,19.3,7.0,242.0,11.0,17.0,39.0
"2026-04-26 15:25:47.049488","collector_001",22.7,20.3,1967.0,20.5,19.3,7.0,242.0,11.0,17.0,39.0
"2026-04-26 15:30:49.050453","collector_001",22.7,19.4,1971.0,20.4,19.3,7.0,242.0,11.0,17.0,39.0
"2026-04-26 15:35:51.100453","collector_001",22.7,19.8,1979.0,20.5,19.2,7.0,242.0,11.0,17.0,39.0
"2026-04-26 15:40:53.255963","collector_001",22.6,19.8,1978.0,20.5,19.3,7.0,242.0,11.0,17.0,39.0
"2026-04-26 15:45:55.449458","collector_001",22.8,19.6,1984.0,20.5,19.2,7.0,241.0,11.0,16.0,39.0
"2026-04-26 15:50:57.392449","collector_001",22.7,19.2,1987.0,20.5,19.2,7.0,241.0,11.0,16.0,39.0
"2026-04-26 15:56:00.070478","collector_001",22.6,19.8,1988.0,20.5,19.3,7.0,241.0,11.0,16.0,39.0
"2026-04-26 16:01:02.229454","collector_001",22.7,19.4,1990.0,20.5,19.2,7.0,241.0,11.0,16.0,39.0
"2026-04-26 16:06:04.66873","collector_001",22.7,19.4,1995.0,20.5,19.2,7.0,241.0,11.0,16.0,39.0
"2026-04-26 16:11:06.944728","collector_001",22.6,21.1,1990.0,20.5,19.2,7.0,241.0,11.0,16.0,39.0
"2026-04-26 16:16:09.065767","collector_001",22.5,19.9,1988.0,20.5,19.2,7.0,240.0,11.0,16.0,39.0
"2026-04-26 16:21:11.450739","collector_001",22.6,19.9,1993.0,20.5,19.2,7.0,240.0,11.0,16.0,39.0
"2026-04-26 16:26:13.433741","collector_001",22.6,20.7,1988.0,20.5,19.2,7.0,240.0,11.0,16.0,39.0
"2026-04-26 16:31:15.805733","collector_001",22.6,20.1,1988.0,20.5,19.2,7.0,240.0,11.0,16.0,39.0
"2026-04-26 16:36:17.770762","collector_001",22.6,19.5,1983.0,20.4,19.2,7.0,239.0,11.0,16.0,38.0
"2026-04-26 16:41:20.109731","collector_001",22.6,20.8,1971.0,20.5,19.2,7.0,239.0,11.0,16.0,38.0
"2026-04-26 16:46:22.374743","collector_001",22.5,20.1,1967.0,20.5,19.2,7.0,239.0,11.0,16.0,38.0
"2026-04-26 16:51:24.543734","collector_001",22.5,20.9,1950.0,20.5,19.2,7.0,239.0,11.0,16.0,38.0
"2026-04-26 16:56:26.68173","collector_001",22.6,20.1,1935.0,20.5,19.2,7.0,239.0,11.0,16.0,38.0
"2026-04-26 17:01:28.662737","collector_001",22.7,20.2,1922.0,20.5,19.2,7.0,238.0,11.0,16.0,38.0
"2026-04-26 17:06:31.154735","collector_001",22.6,20.4,1907.0,20.5,19.2,7.0,238.0,11.0,16.0,38.0
"2026-04-26 17:11:33.058764","collector_001",22.6,21.0,1891.0,20.5,19.2,7.0,238.0,11.0,16.0,38.0
"2026-04-26 17:16:35.226735","collector_001",22.8,20.9,1872.0,20.5,19.2,7.0,238.0,11.0,16.0,38.0
"2026-04-26 17:21:37.757743","collector_001",22.7,20.6,1852.0,20.5,19.2,7.0,238.0,11.0,16.0,38.0
"2026-04-26 17:26:39.756735","collector_001",22.6,20.6,1832.0,20.5,19.2,7.0,238.0,11.0,16.0,38.0
"2026-04-26 17:31:41.493779","collector_001",22.7,20.7,1772.0,20.5,19.2,7.0,237.0,11.0,16.0,38.0
"2026-04-26 17:36:43.41273","collector_001",22.5,20.4,1748.0,20.5,19.2,7.0,238.0,11.0,16.0,38.0
"2026-04-26 17:41:45.634739","collector_001",22.4,20.9,1742.0,20.5,19.2,7.0,237.0,11.0,16.0,38.0
"2026-04-26 17:46:47.53773","collector_001",22.6,24.1,1732.0,20.5,19.2,7.0,237.0,11.0,16.0,38.0
"2026-04-26 17:51:49.42678","collector_001",22.5,20.9,1672.0,20.5,19.2,7.0,237.0,11.0,16.0,38.0
"2026-04-26 17:56:51.658735","collector_001",22.6,21.6,1661.0,20.5,19.2,7.0,237.0,11.0,16.0,38.0
"2026-04-26 18:01:53.571734","collector_001",22.6,21.3,1665.0,20.5,19.2,7.0,237.0,11.0,16.0,38.0
"2026-04-26 18:06:55.328739","collector_001",22.7,21.0,1572.0,20.5,19.2,7.0,236.0,10.0,16.0,38.0
"2026-04-26 18:11:57.240735","collector_001",22.4,20.9,1509.0,20.5,19.2,7.0,237.0,11.0,16.0,38.0
"2026-04-26 18:16:59.235774","collector_001",22.5,20.9,1365.0,20.5,19.1,7.0,236.0,10.0,16.0,38.0
"2026-04-26 18:22:01.55175","collector_001",22.6,22.1,1229.0,20.5,19.1,7.0,236.0,10.0,16.0,38.0
"2026-04-26 18:27:03.801766","collector_001",22.5,21.3,1063.0,20.5,19.2,7.0,236.0,10.0,16.0,38.0
"2026-04-26 18:32:06.233745","collector_001",22.3,22.0,779.0,20.5,19.1,7.0,235.0,10.0,16.0,38.0
"2026-04-26 18:37:08.481747","collector_001",22.4,21.4,702.0,20.5,19.1,7.0,235.0,10.0,16.0,38.0
"2026-04-26 18:42:10.433787","collector_001",22.3,22.0,623.0,20.5,19.1,7.0,235.0,10.0,16.0,38.0
"2026-04-26 18:47:12.543754","collector_001",22.5,21.9,507.0,20.5,19.1,7.0,235.0,10.0,16.0,38.0
"2026-04-26 18:52:14.663755","collector_001",22.2,23.1,417.0,20.5,19.1,7.0,234.0,10.0,16.0,38.0
"2026-04-26 18:57:16.686735","collector_001",22.2,25.6,312.0,20.5,19.1,7.0,234.0,10.0,16.0,38.0
"2026-04-26 19:02:18.633354","collector_001",22.3,23.4,231.0,20.4,19.1,7.0,234.0,10.0,16.0,38.0
"2026-04-26 19:07:20.379873","collector_001",22.3,25.3,147.0,20.4,19.1,7.0,234.0,10.0,16.0,38.0
"2026-04-26 19:12:22.390354","collector_001",22.4,24.3,83.0,20.4,19.1,7.0,234.0,10.0,16.0,38.0
"2026-04-26 19:17:24.441354","collector_001",22.3,23.3,48.0,20.4,19.1,7.0,233.0,10.0,16.0,38.0
"2026-04-26 19:22:26.296358","collector_001",22.3,22.4,26.0,20.4,19.1,7.0,233.0,10.0,16.0,38.0
"2026-04-26 19:27:27.820354","collector_001",22.1,23.3,12.0,20.4,19.1,7.0,232.0,10.0,16.0,37.0
"2026-04-26 19:32:29.402374","collector_001",21.9,22.9,5.0,20.4,19.1,7.0,232.0,10.0,16.0,37.0
"2026-04-26 19:37:30.784387","collector_001",22.1,23.6,3.0,20.3,19.0,7.0,231.0,10.0,16.0,37.0
"2026-04-26 19:42:32.176358","collector_001",22.0,22.9,2.0,20.3,19.0,7.0,231.0,10.0,16.0,37.0
"2026-04-26 19:47:33.711352","collector_001",22.1,25.1,1.0,20.3,19.0,7.0,231.0,10.0,16.0,37.0
"2026-04-26 19:52:35.058354","collector_001",21.8,26.0,1.0,20.3,19.0,7.0,230.0,10.0,16.0,37.0
"2026-04-26 19:57:36.498375","collector_001",21.8,23.7,1.0,20.2,19.0,7.0,230.0,10.0,16.0,37.0
"2026-04-26 20:02:38.130354","collector_001",21.9,23.7,1.0,20.2,19.0,7.0,230.0,10.0,16.0,37.0
"2026-04-26 20:07:39.892356","collector_001",21.8,23.7,1.0,20.2,19.0,7.0,229.0,10.0,16.0,37.0
"2026-04-26 20:12:41.529375","collector_001",21.6,24.6,1.0,20.1,19.0,7.0,228.0,10.0,16.0,37.0
"2026-04-26 20:17:43.037349","collector_001",21.5,26.2,1.0,20.1,19.0,7.0,228.0,10.0,16.0,37.0
"2026-04-26 20:22:44.792353","collector_001",21.4,25.2,1.0,20.0,19.0,7.0,227.0,10.0,15.0,37.0
"2026-04-26 20:27:46.522364","collector_001",21.5,24.1,1.0,20.0,19.0,7.0,226.0,10.0,15.0,36.0
"2026-04-26 20:32:48.84736","collector_001",21.7,23.8,1.0,19.9,19.0,7.0,226.0,10.0,15.0,36.0
"2026-04-26 20:37:50.942347","collector_001",21.6,24.8,1.0,19.9,19.0,7.0,225.0,10.0,15.0,36.0
"2026-04-26 20:42:52.596795","collector_001",21.7,23.9,1.0,19.9,19.0,7.0,225.0,10.0,15.0,36.0
"2026-04-26 20:47:54.344381","collector_001",21.5,24.5,1.0,19.9,19.0,7.0,224.0,10.0,15.0,36.0
"2026-04-26 20:52:56.229353","collector_001",21.4,24.6,1.0,19.8,19.0,7.0,224.0,10.0,15.0,36.0
"2026-04-26 20:57:57.930376","collector_001",21.4,26.3,1.0,19.8,19.0,7.0,223.0,10.0,15.0,36.0
"2026-04-26 21:03:00.109349","collector_001",21.5,24.2,1.0,19.7,19.0,7.0,223.0,10.0,15.0,36.0
"2026-04-26 21:08:01.981653","collector_001",21.6,26.2,1.0,19.7,19.0,7.0,222.0,10.0,15.0,36.0
"2026-04-26 21:13:03.570354","collector_001",21.7,24.3,1.0,19.7,19.0,7.0,222.0,10.0,15.0,36.0
"2026-04-26 21:18:05.182861","collector_001",21.6,25.0,1.0,19.7,19.0,7.0,222.0,10.0,15.0,36.0
"2026-04-26 21:23:07.402425","collector_001",21.6,27.4,1.0,19.7,18.9,7.0,222.0,10.0,15.0,36.0
"2026-04-26 21:28:08.993869","collector_001",21.7,24.5,1.0,19.6,19.0,7.0,221.0,10.0,15.0,36.0
"2026-04-26 21:33:10.567354","collector_001",21.7,24.5,1.0,19.6,19.0,7.0,221.0,10.0,15.0,36.0
"2026-04-26 21:38:12.234388","collector_001",21.7,24.9,1.0,19.6,19.0,7.0,220.0,10.0,15.0,35.0
"2026-04-26 21:43:14.015367","collector_001",21.6,25.6,1.0,19.6,19.0,7.0,220.0,10.0,15.0,35.0
"2026-04-26 21:48:15.790354","collector_001",21.6,24.3,1.0,19.6,19.0,7.0,219.0,10.0,15.0,35.0
"2026-04-26 21:53:17.089365","collector_001",21.8,24.2,1.0,19.6,18.9,7.0,220.0,10.0,15.0,35.0
"2026-04-26 21:58:18.427358","collector_001",21.8,24.1,1.0,19.5,18.9,7.0,219.0,10.0,15.0,35.0
"2026-04-26 22:03:20.15148","collector_001",21.8,24.4,1.0,19.5,18.9,7.0,219.0,10.0,15.0,35.0
"2026-04-26 22:08:21.840502","collector_001",21.8,24.7,1.0,19.5,18.9,7.0,219.0,10.0,15.0,35.0
"2026-04-26 22:13:23.487499","collector_001",21.8,24.2,1.0,19.5,18.9,7.0,219.0,10.0,15.0,35.0
"2026-04-26 22:18:24.992484","collector_001",21.8,24.2,1.0,19.5,18.9,7.0,219.0,10.0,15.0,35.0
"2026-04-26 22:23:26.408497","collector_001",21.8,24.0,1.0,19.5,18.9,7.0,218.0,10.0,15.0,35.0
"2026-04-26 22:28:27.845476","collector_001",21.4,24.2,1.0,19.5,18.9,7.0,218.0,10.0,15.0,35.0
"2026-04-26 22:33:29.790478","collector_001",21.3,25.3,1.0,19.5,18.9,7.0,218.0,10.0,15.0,35.0
"2026-04-26 22:38:31.575508","collector_001",21.3,24.8,1.0,19.5,18.9,7.0,217.0,10.0,15.0,35.0
"2026-04-26 22:43:33.036469","collector_001",21.0,24.6,1.0,19.4,18.9,7.0,217.0,10.0,15.0,35.0
"2026-04-26 22:48:34.722509","collector_001",21.2,28.4,1.0,19.4,18.9,7.0,216.0,9.0,15.0,35.0
"2026-04-26 22:53:36.313476","collector_001",21.0,27.6,1.0,19.3,18.9,7.0,216.0,9.0,15.0,35.0
"2026-04-26 22:58:38.861478","collector_001",20.8,24.6,1.0,19.3,18.9,7.0,215.0,9.0,15.0,35.0
"2026-04-26 23:03:40.827489","collector_001",21.1,24.0,1.0,19.3,18.8,7.0,215.0,9.0,15.0,35.0
"2026-04-26 23:08:42.671473","collector_001",21.2,25.0,0.0,19.2,18.8,7.0,214.0,9.0,15.0,34.0
"2026-04-26 23:13:44.128506","collector_001",21.3,24.6,0.0,19.2,18.8,7.0,214.0,9.0,15.0,34.0
"2026-04-26 23:18:45.603488","collector_001",21.2,24.1,0.0,19.2,18.8,7.0,214.0,9.0,15.0,34.0
"2026-04-26 23:23:46.853478","collector_001",21.0,24.4,0.0,19.2,18.8,6.9,213.0,9.0,15.0,34.0
"2026-04-26 23:28:48.483477","collector_001",20.6,25.2,0.0,19.1,18.8,7.0,212.0,9.0,14.0,34.0
"2026-04-26 23:33:49.904486","collector_001",20.6,25.4,0.0,19.1,18.8,7.0,212.0,9.0,14.0,34.0
"2026-04-26 23:38:51.363486","collector_001",20.4,25.7,0.0,19.0,18.8,7.0,212.0,9.0,14.0,34.0
"2026-04-26 23:43:52.734493","collector_001",20.4,25.7,0.0,19.0,18.8,7.0,211.0,9.0,14.0,34.0
"2026-04-26 23:48:54.365475","collector_001",20.6,25.9,0.0,19.0,18.8,7.0,210.0,9.0,14.0,34.0
"2026-04-26 23:53:55.623475","collector_001",20.7,25.5,0.0,18.9,18.8,7.0,210.0,9.0,14.0,34.0
"2026-04-26 23:58:57.107478","collector_001",20.8,26.3,0.0,18.9,18.8,7.0,210.0,9.0,14.0,34.0
"2026-04-27 00:03:58.676569","collector_001",20.8,26.2,0.0,18.9,18.8,6.9,209.0,9.0,14.0,34.0
"2026-04-27 00:09:00.274471","collector_001",20.6,26.4,0.0,18.8,18.8,6.9,209.0,9.0,14.0,34.0
"2026-04-27 00:14:01.580478","collector_001",20.7,26.2,0.0,18.8,18.8,6.9,208.0,9.0,14.0,34.0
"2026-04-27 00:19:03.050499","collector_001",20.9,27.8,0.0,18.8,18.8,6.9,208.0,9.0,14.0,34.0
"2026-04-27 00:24:04.416482","collector_001",20.8,27.0,0.0,18.8,18.8,6.9,208.0,9.0,14.0,34.0
"2026-04-27 00:29:05.914511","collector_001",20.8,26.6,0.0,18.7,18.8,6.9,208.0,9.0,14.0,34.0
"2026-04-27 00:34:07.114477","collector_001",20.9,26.1,0.0,18.7,18.8,7.0,207.0,9.0,14.0,33.0
"2026-04-27 00:39:08.763509","collector_001",21.1,26.0,0.0,18.7,18.8,6.9,206.0,9.0,14.0,33.0
"2026-04-27 00:44:10.023478","collector_001",21.0,30.3,0.0,18.7,18.8,6.9,206.0,9.0,14.0,33.0
"2026-04-27 00:49:11.595473","collector_001",21.0,26.3,0.0,18.7,18.8,7.0,206.0,9.0,14.0,33.0
"2026-04-27 00:54:13.072487","collector_001",21.0,26.5,0.0,18.7,18.8,6.9,206.0,9.0,14.0,33.0
"2026-04-27 00:59:14.815471","collector_001",21.0,26.4,0.0,18.7,18.8,6.9,206.0,9.0,14.0,33.0
"2026-04-27 01:04:17.188693","collector_001",21.1,26.3,0.0,18.7,18.8,6.9,206.0,9.0,14.0,33.0
"2026-04-27 01:09:19.017695","collector_001",21.3,26.5,0.0,18.6,18.8,6.9,206.0,9.0,14.0,33.0
"2026-04-27 01:14:20.580212","collector_001",21.3,26.5,0.0,18.6,18.8,6.9,206.0,9.0,14.0,33.0
"2026-04-27 01:19:21.89171","collector_001",21.4,26.5,0.0,18.7,18.8,6.9,206.0,9.0,14.0,33.0
"2026-04-27 01:24:23.55173","collector_001",21.4,26.4,0.0,18.6,18.8,6.9,206.0,9.0,14.0,33.0
"2026-04-27 01:29:25.0627","collector_001",21.4,26.6,0.0,18.7,18.8,6.9,206.0,9.0,14.0,33.0
"2026-04-27 01:34:26.628693","collector_001",21.4,28.4,0.0,18.7,18.8,6.9,206.0,9.0,14.0,33.0
"2026-04-27 01:39:27.841717","collector_001",21.1,27.5,0.0,18.7,18.8,6.9,206.0,9.0,14.0,33.0
"2026-04-27 01:44:29.3067","collector_001",21.1,28.6,0.0,18.7,18.8,7.0,206.0,9.0,14.0,33.0
"2026-04-27 01:49:30.8917","collector_001",21.2,27.5,0.0,18.7,18.7,6.9,205.0,9.0,14.0,33.0
"2026-04-27 01:54:32.516735","collector_001",21.2,27.9,0.0,18.7,18.8,6.9,205.0,9.0,14.0,33.0
"2026-04-27 01:59:33.658693","collector_001",21.2,29.3,0.0,18.7,18.8,6.9,205.0,9.0,14.0,33.0
"2026-04-27 02:04:34.866739","collector_001",21.0,28.3,0.0,18.7,18.8,6.9,205.0,9.0,14.0,33.0
"2026-04-27 02:09:36.469706","collector_001",21.0,28.3,0.0,18.7,18.7,6.9,204.0,9.0,14.0,33.0
"2026-04-27 02:14:37.813712","collector_001",21.1,29.7,0.0,18.7,18.7,6.9,204.0,9.0,14.0,33.0
"2026-04-27 02:19:39.221702","collector_001",21.3,27.7,0.0,18.6,18.7,6.9,204.0,9.0,14.0,33.0
"2026-04-27 02:24:40.956716","collector_001",21.3,27.7,0.0,18.6,18.7,6.9,204.0,9.0,14.0,33.0
"2026-04-27 02:29:42.266714","collector_001",21.4,27.4,0.0,18.6,18.7,6.9,204.0,9.0,14.0,33.0
"2026-04-27 02:34:43.845699","collector_001",21.4,27.5,0.0,18.6,18.7,6.9,204.0,9.0,14.0,33.0
"2026-04-27 02:39:45.583704","collector_001",21.4,27.5,0.0,18.6,18.7,6.9,204.0,9.0,14.0,33.0
"2026-04-27 02:44:47.180709","collector_001",21.4,28.2,0.0,18.6,18.7,6.9,204.0,9.0,14.0,33.0
"2026-04-27 02:49:48.441724","collector_001",21.4,27.8,0.0,18.7,18.7,6.9,203.0,9.0,14.0,33.0
"2026-04-27 02:54:49.736767","collector_001",21.4,27.5,0.0,18.6,18.7,6.9,203.0,9.0,14.0,33.0
"2026-04-27 02:59:51.010721","collector_001",21.4,27.6,0.0,18.7,18.7,6.9,203.0,9.0,14.0,33.0
"2026-04-27 03:04:52.383702","collector_001",21.4,27.6,0.0,18.6,18.7,6.9,203.0,9.0,14.0,33.0
"2026-04-27 03:09:53.776693","collector_001",21.4,27.5,0.0,18.6,18.7,6.9,203.0,9.0,14.0,33.0
"2026-04-27 03:14:55.262727","collector_001",21.4,27.7,0.0,18.7,18.7,6.9,203.0,9.0,14.0,33.0
"2026-04-27 03:19:56.424699","collector_001",21.4,27.9,0.0,18.7,18.7,6.9,203.0,9.0,14.0,33.0
"2026-04-27 03:24:58.053699","collector_001",21.4,27.7,0.0,18.6,18.7,6.9,203.0,9.0,14.0,33.0
"2026-04-27 03:29:59.370706","collector_001",21.4,27.7,0.0,18.7,18.7,6.9,203.0,9.0,14.0,33.0
"2026-04-27 03:35:00.986699","collector_001",21.4,27.8,0.0,18.7,18.7,7.0,203.0,9.0,14.0,33.0
"2026-04-27 03:40:02.4717","collector_001",21.4,28.9,0.0,18.7,18.7,7.0,203.0,9.0,14.0,33.0
"2026-04-27 03:45:03.78021","collector_001",21.4,27.7,0.0,18.7,18.7,7.0,203.0,9.0,14.0,33.0
"2026-04-27 03:50:05.234692","collector_001",21.4,33.1,0.0,18.7,18.7,7.0,202.0,9.0,14.0,33.0
"2026-04-27 03:55:06.5997","collector_001",21.4,28.0,0.0,18.7,18.7,6.9,203.0,9.0,14.0,33.0
"2026-04-27 04:00:08.403692","collector_001",21.5,27.9,0.0,18.7,18.7,6.9,202.0,9.0,14.0,33.0
"2026-04-27 04:05:09.769958","collector_001",21.4,28.1,0.0,18.7,18.7,6.9,202.0,9.0,14.0,33.0
"2026-04-27 04:10:11.245951","collector_001",21.4,29.4,0.0,18.7,18.7,6.9,202.0,9.0,14.0,33.0
"2026-04-27 04:15:12.717979","collector_001",21.4,28.5,0.0,18.7,18.7,6.9,202.0,9.0,14.0,33.0
"2026-04-27 04:20:14.138957","collector_001",21.4,28.2,0.0,18.7,18.7,6.9,202.0,9.0,14.0,33.0
"2026-04-27 04:25:15.404968","collector_001",21.5,28.5,0.0,18.7,18.7,6.9,202.0,9.0,14.0,33.0
"2026-04-27 04:30:16.899964","collector_001",21.5,28.5,0.0,18.7,18.7,6.9,202.0,9.0,14.0,33.0
"2026-04-27 04:35:18.473956","collector_001",21.4,28.9,0.0,18.7,18.7,6.9,202.0,9.0,14.0,33.0
"2026-04-27 04:40:20.009531","collector_001",21.5,30.3,0.0,18.8,18.7,6.9,202.0,9.0,14.0,33.0
"2026-04-27 04:45:21.251958","collector_001",21.5,28.7,0.0,18.8,18.7,6.9,202.0,9.0,14.0,33.0
"2026-04-27 04:50:22.585991","collector_001",21.5,29.4,1.0,18.8,18.7,6.9,202.0,9.0,14.0,33.0
"2026-04-27 04:55:24.552993","collector_001",21.5,28.6,1.0,18.8,18.7,6.9,202.0,9.0,14.0,33.0
"2026-04-27 05:00:26.058957","collector_001",21.5,29.0,1.0,18.8,18.7,6.9,202.0,9.0,14.0,33.0
"2026-04-27 05:05:27.606957","collector_001",21.4,29.0,1.0,18.8,18.7,6.9,202.0,9.0,14.0,33.0
"2026-04-27 05:10:29.119987","collector_001",21.5,29.1,1.0,18.8,18.7,6.9,202.0,9.0,14.0,33.0
"2026-04-27 05:15:30.432962","collector_001",21.5,29.3,1.0,18.8,18.7,6.9,202.0,9.0,14.0,33.0
"2026-04-27 05:20:32.440983","collector_001",21.5,29.2,1.0,18.8,18.7,6.9,201.0,9.0,14.0,32.0
"2026-04-27 05:25:33.99798","collector_001",21.4,29.9,3.0,18.8,18.7,6.9,201.0,9.0,14.0,32.0
"2026-04-27 05:30:35.643957","collector_001",21.4,29.9,4.0,18.8,18.7,6.9,201.0,9.0,14.0,32.0
"2026-04-27 05:35:37.330957","collector_001",21.4,30.6,7.0,18.8,18.7,6.9,201.0,9.0,14.0,32.0
"2026-04-27 05:40:39.269979","collector_001",21.4,29.9,12.0,18.8,18.7,6.9,201.0,9.0,14.0,32.0
"2026-04-27 05:45:40.715958","collector_001",21.4,30.0,27.0,18.8,18.7,6.9,201.0,9.0,14.0,32.0
"2026-04-27 05:50:43.036958","collector_001",21.5,30.3,53.0,18.8,18.7,6.9,201.0,9.0,14.0,32.0
"2026-04-27 05:55:45.287957","collector_001",21.5,30.3,88.0,18.8,18.7,6.9,201.0,9.0,14.0,32.0
"2026-04-27 06:00:47.277958","collector_001",21.5,30.5,130.0,18.8,18.7,6.9,200.0,9.0,14.0,32.0
"2026-04-27 06:05:49.380966","collector_001",21.5,30.9,162.0,18.8,18.7,6.9,200.0,9.0,14.0,32.0
"2026-04-27 06:10:51.77544","collector_001",21.4,30.9,161.0,18.8,18.7,6.9,200.0,9.0,14.0,32.0
"2026-04-27 06:15:54.086955","collector_001",21.5,30.9,183.0,18.8,18.7,6.9,200.0,9.0,14.0,32.0
"2026-04-27 06:20:56.05996","collector_001",21.5,30.7,236.0,18.8,18.7,6.9,200.0,9.0,14.0,32.0
"2026-04-27 06:25:58.041958","collector_001",21.5,30.9,336.0,18.8,18.7,6.9,200.0,9.0,14.0,32.0
"2026-04-27 06:31:00.488968","collector_001",21.5,31.5,445.0,18.8,18.7,6.9,200.0,9.0,14.0,32.0
"2026-04-27 06:36:02.672975","collector_001",21.5,31.5,550.0,18.8,18.6,6.9,200.0,9.0,14.0,32.0
"2026-04-27 06:41:05.025958","collector_001",21.5,31.9,618.0,18.8,18.7,6.9,200.0,9.0,14.0,32.0
"2026-04-27 06:46:07.124013","collector_001",21.4,32.4,555.0,18.8,18.6,6.9,200.0,9.0,14.0,32.0
"2026-04-27 06:51:09.266966","collector_001",21.5,32.2,549.0,18.8,18.7,6.9,200.0,9.0,14.0,32.0
"2026-04-27 06:56:11.526953","collector_001",21.5,32.5,539.0,18.8,18.6,6.9,200.0,9.0,14.0,32.0
"2026-04-27 07:01:13.536968","collector_001",21.4,32.8,678.0,18.8,18.7,6.9,199.0,9.0,14.0,32.0
"2026-04-27 07:06:15.559723","collector_001",21.4,32.8,977.0,18.8,18.7,6.9,199.0,9.0,14.0,32.0
"2026-04-27 07:11:17.767745","collector_001",21.5,33.0,1355.0,18.8,18.7,6.9,199.0,9.0,14.0,32.0
"2026-04-27 07:16:19.823798","collector_001",21.6,32.5,1685.0,18.8,18.6,6.9,200.0,9.0,14.0,32.0
"2026-04-27 07:21:21.468728","collector_001",21.6,32.3,1892.0,18.8,18.6,6.9,199.0,9.0,14.0,32.0
"2026-04-27 07:26:23.437774","collector_001",21.7,32.6,1947.0,18.9,18.7,6.9,200.0,9.0,14.0,32.0
"2026-04-27 07:31:25.205719","collector_001",21.7,32.0,1831.0,18.9,18.6,6.9,200.0,9.0,14.0,32.0
"2026-04-27 07:36:26.515719","collector_001",21.8,32.2,2035.0,18.9,18.7,6.9,200.0,9.0,14.0,32.0
"2026-04-27 07:41:28.107728","collector_001",21.7,32.9,2280.0,18.9,18.7,6.9,200.0,9.0,14.0,32.0
"2026-04-27 07:46:29.631726","collector_001",21.8,32.1,2265.0,18.9,18.6,6.9,200.0,9.0,14.0,32.0
"2026-04-27 07:51:31.179724","collector_001",21.7,32.2,1654.0,18.9,18.6,6.9,200.0,9.0,14.0,32.0
"2026-04-27 07:56:32.656235","collector_001",21.8,33.4,1883.0,19.0,18.6,6.9,200.0,9.0,14.0,32.0
"2026-04-27 08:01:34.23673","collector_001",21.8,32.5,1996.0,19.0,18.7,6.9,201.0,9.0,14.0,32.0
"2026-04-27 08:06:35.780719","collector_001",21.8,32.2,2085.0,19.0,18.7,6.9,201.0,9.0,14.0,32.0
"2026-04-27 08:11:37.147732","collector_001",21.9,31.9,2095.0,19.0,18.7,6.9,201.0,9.0,14.0,32.0
"2026-04-27 08:16:38.882228","collector_001",21.8,32.1,2108.0,19.1,18.7,6.9,201.0,9.0,14.0,32.0
"2026-04-27 08:21:40.242768","collector_001",21.9,32.1,2112.0,19.1,18.7,6.9,201.0,9.0,14.0,32.0
"2026-04-27 08:26:41.99073","collector_001",21.9,31.7,2128.0,19.1,18.7,6.9,201.0,9.0,14.0,32.0
"2026-04-27 08:31:43.457716","collector_001",21.9,31.8,2157.0,19.2,18.7,6.9,202.0,9.0,14.0,33.0
"2026-04-27 08:36:45.218233","collector_001",21.9,32.0,2173.0,19.2,18.7,6.9,202.0,9.0,14.0,33.0
"2026-04-27 08:41:47.147758","collector_001",21.9,31.7,2199.0,19.2,18.6,6.9,202.0,9.0,14.0,33.0
"2026-04-27 08:46:48.43673","collector_001",22.0,31.8,2233.0,19.2,18.6,6.9,202.0,9.0,14.0,33.0
"2026-04-27 08:51:50.160716","collector_001",21.9,32.6,2250.0,19.3,18.7,6.9,202.0,9.0,14.0,33.0
"2026-04-27 08:56:51.572719","collector_001",22.0,32.2,2272.0,19.3,18.7,6.9,202.0,9.0,14.0,33.0
"2026-04-27 09:01:53.220723","collector_001",22.1,31.9,2287.0,19.3,18.7,6.9,202.0,9.0,14.0,33.0
"2026-04-27 09:06:54.73473","collector_001",22.0,32.2,2295.0,19.3,18.7,6.9,203.0,9.0,14.0,33.0
"2026-04-27 09:11:56.497235","collector_001",22.1,32.5,2301.0,19.4,18.7,6.9,203.0,9.0,14.0,33.0
"2026-04-27 09:16:58.094734","collector_001",22.2,32.0,2312.0,19.4,18.7,6.9,203.0,9.0,14.0,33.0
"2026-04-27 09:21:59.677732","collector_001",22.2,32.2,2322.0,19.5,18.7,6.9,203.0,9.0,14.0,33.0
"2026-04-27 09:27:01.401796","collector_001",22.2,31.7,2318.0,19.5,18.7,6.9,203.0,9.0,14.0,33.0
"2026-04-27 09:32:02.89673","collector_001",22.2,32.1,2303.0,19.5,18.7,6.9,203.0,9.0,14.0,33.0
"2026-04-27 09:37:04.565723","collector_001",22.3,31.5,2300.0,19.5,18.7,6.9,204.0,9.0,14.0,33.0
"2026-04-27 09:42:06.223778","collector_001",22.3,31.8,2303.0,19.6,18.7,6.9,204.0,9.0,14.0,33.0
"2026-04-27 09:47:07.687735","collector_001",22.3,31.7,2326.0,19.6,18.7,7.0,204.0,9.0,14.0,33.0
"2026-04-27 09:52:09.778728","collector_001",22.3,31.8,2338.0,19.7,18.7,7.0,204.0,9.0,14.0,33.0
"2026-04-27 09:57:11.369742","collector_001",22.3,32.7,2343.0,19.7,18.7,7.0,204.0,9.0,14.0,33.0
"2026-04-27 10:02:13.154004","collector_001",22.2,32.7,2363.0,19.7,18.7,7.0,205.0,9.0,14.0,33.0
"2026-04-27 10:07:14.961051","collector_001",22.3,32.7,2378.0,19.7,18.7,7.0,205.0,9.0,14.0,33.0
"2026-04-27 10:12:16.932995","collector_001",22.2,34.0,2390.0,19.8,18.7,7.0,205.0,9.0,14.0,33.0
"2026-04-27 10:17:18.740497","collector_001",22.3,32.6,2398.0,19.8,18.7,7.0,205.0,9.0,14.0,33.0
"2026-04-27 10:22:20.556009","collector_001",22.4,32.2,2383.0,19.8,18.7,7.0,205.0,9.0,14.0,33.0
"2026-04-27 10:27:22.209015","collector_001",22.4,32.9,2364.0,19.9,18.7,7.0,206.0,9.0,14.0,33.0
"2026-04-27 10:32:23.864048","collector_001",22.5,32.4,2371.0,19.9,18.7,7.0,206.0,9.0,14.0,33.0
"2026-04-27 10:37:25.328998","collector_001",22.5,33.0,2356.0,19.9,18.7,7.0,206.0,9.0,14.0,33.0
"2026-04-27 10:42:26.945004","collector_001",22.6,33.3,2453.0,20.0,18.7,7.0,206.0,9.0,14.0,33.0
"2026-04-27 10:47:28.695998","collector_001",22.7,33.7,2458.0,20.0,18.7,7.0,206.0,9.0,14.0,33.0
"2026-04-27 10:52:30.265997","collector_001",22.5,35.4,2454.0,20.0,18.7,7.0,206.0,9.0,14.0,33.0
"2026-04-27 10:57:31.994998","collector_001",22.4,36.9,2457.0,20.1,18.7,7.0,207.0,9.0,14.0,33.0
"2026-04-27 11:02:34.190497","collector_001",22.3,38.0,2435.0,20.1,18.7,7.0,207.0,9.0,14.0,33.0
"2026-04-27 11:07:36.753002","collector_001",22.6,37.2,2434.0,20.1,18.7,7.0,207.0,9.0,14.0,33.0
"2026-04-27 11:12:38.616019","collector_001",22.9,36.8,2462.0,20.2,18.7,7.0,207.0,9.0,14.0,33.0
"2026-04-27 11:17:40.384993","collector_001",22.8,35.9,2502.0,20.2,18.7,7.0,207.0,9.0,14.0,33.0
"2026-04-27 11:22:42.083993","collector_001",23.1,34.9,2568.0,20.2,18.7,7.0,208.0,9.0,14.0,34.0
"2026-04-27 11:27:43.842542","collector_001",23.2,34.6,2872.0,20.3,18.7,7.0,208.0,9.0,14.0,34.0
"2026-04-27 11:32:46.378041","collector_001",23.2,34.5,3019.0,20.3,18.7,7.0,208.0,9.0,14.0,34.0
"2026-04-27 11:37:48.915996","collector_001",23.2,34.5,2817.0,20.3,18.7,7.0,208.0,9.0,14.0,34.0
"2026-04-27 11:42:51.527998","collector_001",23.2,35.0,2830.0,20.4,18.7,7.0,209.0,9.0,14.0,34.0
"2026-04-27 11:47:54.198993","collector_001",23.2,34.9,2942.0,20.4,18.7,7.0,210.0,9.0,14.0,34.0
"2026-04-27 11:52:56.68902","collector_001",23.3,34.5,3078.0,20.5,18.7,7.0,209.0,9.0,14.0,34.0
"2026-04-27 11:58:00.116506","collector_001",23.4,34.6,3108.0,20.6,18.7,7.0,210.0,9.0,14.0,34.0
"2026-04-27 12:03:03.10899","collector_001",23.5,34.0,3070.0,20.6,18.7,7.0,210.0,9.0,14.0,34.0
"2026-04-27 12:08:05.103065","collector_001",23.5,34.8,3127.0,20.6,18.7,7.0,210.0,9.0,14.0,34.0
"2026-04-27 12:13:07.694191","collector_001",23.6,34.8,3467.0,20.7,18.7,7.0,210.0,9.0,14.0,34.0
"2026-04-27 12:18:09.905008","collector_001",23.7,34.2,3968.0,20.7,18.7,7.0,211.0,9.0,14.0,34.0
"2026-04-27 12:23:12.775019","collector_001",23.8,33.9,4214.0,20.8,18.7,7.0,211.0,9.0,14.0,34.0
"2026-04-27 12:28:15.338023","collector_001",23.7,33.5,4392.0,20.9,18.8,7.0,212.0,9.0,14.0,34.0
"2026-04-27 12:33:17.801008","collector_001",23.8,33.9,4331.0,20.9,18.7,7.0,212.0,9.0,14.0,34.0
"2026-04-27 12:38:20.268991","collector_001",23.8,32.6,4494.0,21.0,18.7,7.0,212.0,9.0,14.0,34.0
"2026-04-27 12:43:22.351029","collector_001",23.8,32.6,4582.0,21.1,18.8,7.0,213.0,9.0,15.0,34.0
"2026-04-27 12:48:24.857025","collector_001",23.7,32.2,4658.0,21.1,18.8,7.0,213.0,9.0,15.0,34.0
"2026-04-27 12:53:27.149025","collector_001",23.6,33.3,4739.0,21.1,18.8,7.0,214.0,9.0,15.0,34.0
"2026-04-27 12:58:29.226998","collector_001",23.6,32.2,4748.0,21.2,18.8,7.0,214.0,9.0,15.0,34.0
"2026-04-27 13:03:31.467636","collector_001",23.4,32.6,4690.0,21.2,18.8,7.0,213.0,9.0,15.0,34.0
"2026-04-27 13:08:34.136631","collector_001",23.4,32.2,4761.0,21.3,18.7,7.0,214.0,9.0,15.0,34.0
"2026-04-27 13:13:36.28863","collector_001",23.6,31.9,4743.0,21.3,18.7,7.0,214.0,9.0,15.0,34.0
"2026-04-27 13:18:38.952629","collector_001",23.7,32.0,4893.0,21.3,18.7,7.0,214.0,9.0,15.0,34.0
"2026-04-27 13:23:41.325629","collector_001",23.7,32.3,4954.0,21.3,18.7,7.0,214.0,9.0,15.0,34.0
"2026-04-27 13:28:44.021659","collector_001",23.7,32.8,4658.0,21.4,18.7,7.0,214.0,9.0,15.0,34.0
"2026-04-27 13:33:46.755136","collector_001",23.8,33.1,4577.0,21.4,18.7,7.0,214.0,9.0,15.0,34.0
"2026-04-27 13:38:49.74464","collector_001",23.7,32.3,4441.0,21.4,18.7,7.0,214.0,9.0,15.0,34.0
"2026-04-27 13:43:52.750635","collector_001",23.7,32.2,4273.0,21.4,18.7,7.0,214.0,9.0,15.0,34.0
"2026-04-27 13:48:55.448147","collector_001",23.6,32.3,4049.0,21.5,18.7,7.0,214.0,9.0,15.0,34.0
"2026-04-27 13:53:58.525648","collector_001",23.6,31.9,3778.0,21.5,18.7,7.0,214.0,9.0,15.0,34.0
"2026-04-27 13:59:02.408626","collector_001",23.5,31.9,3603.0,21.5,18.7,7.0,214.0,9.0,15.0,34.0
"2026-04-27 14:04:04.68563","collector_001",23.6,31.6,3541.0,21.5,18.7,7.0,214.0,9.0,15.0,34.0
"2026-04-27 14:09:07.079629","collector_001",23.7,31.9,3378.0,21.5,18.7,7.0,215.0,9.0,15.0,35.0
"2026-04-27 14:14:09.047663","collector_001",23.8,31.6,3375.0,21.5,18.7,7.0,214.0,9.0,15.0,34.0
"2026-04-27 14:19:11.282642","collector_001",23.7,31.2,3261.0,21.5,18.7,7.0,214.0,9.0,15.0,34.0
"2026-04-27 14:24:13.60363","collector_001",23.7,30.3,2274.0,21.5,18.7,7.0,214.0,9.0,15.0,34.0
"2026-04-27 14:29:17.928635","collector_001",23.6,31.8,1819.0,21.6,18.7,7.0,214.0,9.0,15.0,34.0
"2026-04-27 14:34:20.522626","collector_001",23.6,33.0,2076.0,21.6,18.7,7.0,214.0,9.0,15.0,34.0
"2026-04-27 14:39:23.72566","collector_001",23.6,29.8,2175.0,21.6,18.7,7.0,214.0,9.0,15.0,34.0
"2026-04-27 14:44:26.75063","collector_001",23.7,29.6,2150.0,21.6,18.7,7.0,214.0,9.0,15.0,34.0
"2026-04-27 14:49:30.053635","collector_001",23.7,30.0,2154.0,21.6,18.7,7.0,214.0,9.0,15.0,34.0
"2026-04-27 14:54:35.06566","collector_001",23.7,30.2,1842.0,21.6,18.7,7.0,214.0,9.0,15.0,34.0
"2026-04-27 14:59:38.499648","collector_001",23.8,30.0,1660.0,21.6,18.7,7.0,213.0,9.0,15.0,34.0
"2026-04-27 15:04:41.051626","collector_001",23.8,29.6,1539.0,21.6,18.7,7.0,213.0,9.0,15.0,34.0
"2026-04-27 15:09:44.28968","collector_001",23.7,28.6,1450.0,21.6,18.7,7.0,213.0,9.0,15.0,34.0
"2026-04-27 15:14:48.221643","collector_001",23.7,28.8,1371.0,21.6,18.7,7.1,212.0,9.0,14.0,34.0
"2026-04-27 15:19:51.266631","collector_001",23.7,29.0,1199.0,21.6,18.7,7.1,212.0,9.0,14.0,34.0
"2026-04-27 15:24:54.94263","collector_001",23.7,27.9,1448.0,21.5,18.7,7.1,212.0,9.0,14.0,34.0
"2026-04-27 15:29:58.520642","collector_001",23.8,27.0,1676.0,21.6,18.7,7.1,212.0,9.0,14.0,34.0
"2026-04-27 15:35:02.259626","collector_001",23.8,27.4,1752.0,21.5,18.7,7.1,212.0,9.0,14.0,34.0
"2026-04-27 15:40:05.813636","collector_001",23.8,26.7,1859.0,21.5,18.7,7.1,211.0,9.0,14.0,34.0
"2026-04-27 15:45:08.928665","collector_001",23.6,25.8,1653.0,21.5,18.7,7.1,211.0,9.0,14.0,34.0
"2026-04-27 15:50:12.358662","collector_001",23.6,26.1,1508.0,21.5,18.7,7.1,211.0,9.0,14.0,34.0
"2026-04-27 15:55:15.72266","collector_001",23.6,25.0,1358.0,21.5,18.7,7.1,211.0,9.0,14.0,34.0
"2026-04-27 16:00:18.210673","collector_001",23.6,26.3,1130.0,21.5,18.7,7.1,210.0,9.0,14.0,34.0
"2026-04-27 16:05:21.490608","collector_001",23.7,26.0,1161.0,21.5,18.7,7.1,210.0,9.0,14.0,34.0
"2026-04-27 16:10:24.301581","collector_001",23.7,26.4,1213.0,21.5,18.7,7.1,210.0,9.0,14.0,34.0
"2026-04-27 16:15:26.571574","collector_001",23.7,26.4,1169.0,21.5,18.6,7.1,210.0,9.0,14.0,34.0
"2026-04-27 16:20:28.904598","collector_001",23.7,26.2,1227.0,21.4,18.7,7.1,210.0,9.0,14.0,34.0
"2026-04-27 16:25:31.770085","collector_001",23.6,27.2,1148.0,21.4,18.7,7.1,209.0,9.0,14.0,34.0
"2026-04-27 16:30:35.49858","collector_001",23.6,26.5,1028.0,21.4,18.7,7.1,209.0,9.0,14.0,34.0
"2026-04-27 16:35:38.575584","collector_001",23.6,25.7,861.0,21.4,18.6,7.1,209.0,9.0,14.0,34.0
"2026-04-27 16:40:41.542599","collector_001",23.4,27.9,678.0,21.4,18.6,7.1,208.0,9.0,14.0,34.0
"2026-04-27 16:45:44.562582","collector_001",23.5,27.2,633.0,21.4,18.6,7.1,208.0,9.0,14.0,34.0
"2026-04-27 16:50:47.559586","collector_001",23.5,26.4,713.0,21.4,18.6,7.1,208.0,9.0,14.0,34.0
"2026-04-27 16:55:51.133649","collector_001",23.5,26.2,612.0,21.4,18.6,7.1,208.0,9.0,14.0,34.0
"2026-04-27 17:00:53.483582","collector_001",23.4,27.8,523.0,21.3,18.6,7.1,208.0,9.0,14.0,34.0
"2026-04-27 17:05:55.964106","collector_001",23.3,26.0,568.0,21.3,18.6,7.1,207.0,9.0,14.0,33.0
"2026-04-27 17:10:58.923089","collector_001",23.4,26.0,602.0,21.3,18.6,7.1,207.0,9.0,14.0,33.0
"2026-04-27 17:16:01.452593","collector_001",23.3,26.9,623.0,21.3,18.6,7.1,206.0,9.0,14.0,33.0
"2026-04-27 17:21:03.546088","collector_001",23.4,25.9,495.0,21.3,18.6,7.1,206.0,9.0,14.0,33.0
"2026-04-27 17:26:05.811578","collector_001",23.3,26.1,458.0,21.3,18.6,7.1,206.0,9.0,14.0,33.0
"2026-04-27 17:31:08.863627","collector_001",23.3,26.2,450.0,21.2,18.6,7.1,206.0,9.0,14.0,33.0
"2026-04-27 17:36:11.339574","collector_001",23.4,27.1,420.0,21.2,18.6,7.1,205.0,9.0,14.0,33.0
"2026-04-27 17:41:14.40759","collector_001",23.4,26.5,440.0,21.2,18.5,7.1,204.0,9.0,14.0,33.0
"2026-04-27 17:46:16.616597","collector_001",23.4,26.5,450.0,21.2,18.5,7.1,204.0,9.0,14.0,33.0
"2026-04-27 17:51:19.415147","collector_001",23.0,28.9,556.0,21.1,18.5,7.1,204.0,9.0,14.0,33.0
"2026-04-27 17:56:21.7406","collector_001",22.4,29.9,563.0,21.1,18.5,7.1,204.0,9.0,14.0,33.0
"2026-04-27 18:01:24.089594","collector_001",22.5,30.0,565.0,21.1,18.5,7.1,203.0,9.0,14.0,33.0
"2026-04-27 18:06:26.380614","collector_001",22.7,29.6,438.0,21.1,18.5,7.1,202.0,9.0,14.0,33.0
"2026-04-27 18:11:28.729582","collector_001",22.5,32.1,283.0,21.0,18.5,7.1,202.0,9.0,14.0,33.0
"2026-04-27 18:16:30.873609","collector_001",22.9,30.3,327.0,20.9,18.5,7.1,201.0,9.0,14.0,32.0
"2026-04-27 18:21:33.322603","collector_001",23.0,32.6,355.0,20.9,18.5,7.1,200.0,9.0,14.0,32.0
"2026-04-27 18:26:36.105582","collector_001",22.9,32.5,261.0,20.9,18.5,7.1,200.0,9.0,14.0,32.0
"2026-04-27 18:31:40.023582","collector_001",22.6,34.0,268.0,20.8,18.5,7.1,200.0,9.0,14.0,32.0
"2026-04-27 18:36:43.746588","collector_001",22.8,33.6,258.0,20.8,18.5,7.1,199.0,9.0,14.0,32.0
"2026-04-27 18:41:47.548629","collector_001",22.7,35.2,215.0,20.7,18.5,7.1,199.0,9.0,14.0,32.0
"2026-04-27 18:46:50.857584","collector_001",22.7,35.8,179.0,20.7,18.5,7.1,199.0,9.0,14.0,32.0
"2026-04-27 18:51:59.979593","collector_001",22.4,37.4,168.0,20.7,18.5,7.1,199.0,9.0,14.0,32.0
"2026-04-27 18:57:02.037581","collector_001",22.4,37.2,185.0,20.6,18.5,7.1,199.0,9.0,14.0,32.0
"2026-04-27 19:02:04.603053","collector_001",22.4,36.8,158.0,20.6,18.5,7.1,199.0,9.0,14.0,32.0
"2026-04-27 19:07:07.313045","collector_001",22.4,37.2,133.0,20.5,18.5,7.1,199.0,9.0,14.0,32.0
"2026-04-27 19:12:10.202046","collector_001",22.4,38.6,116.0,20.5,18.5,7.1,198.0,9.0,13.0,32.0
"2026-04-27 19:17:12.760049","collector_001",22.4,39.3,107.0,20.4,18.5,7.1,198.0,9.0,13.0,32.0
"2026-04-27 19:22:15.953047","collector_001",22.4,38.4,99.0,20.4,18.5,7.1,198.0,9.0,13.0,32.0
"2026-04-27 19:27:18.843047","collector_001",22.3,40.1,96.0,20.4,18.5,7.1,198.0,9.0,13.0,32.0
"2026-04-27 19:32:21.090115","collector_001",22.4,39.9,91.0,20.3,18.4,7.1,198.0,9.0,13.0,32.0
"2026-04-27 19:37:23.898208","collector_001",22.5,43.6,92.0,20.3,18.6,7.1,196.0,8.0,13.0,32.0
"2026-04-27 19:56:22.585054","collector_002",23.7,40.6,0.0,25.3,0.0,9.0,0.0,0.0,0.0,0.0
"2026-04-27 19:58:24.572695","collector_002",25.6,40.5,182.0,24.9,0.0,9.0,0.0,0.0,0.0,0.0
"2026-04-27 19:58:42.891382","collector_002",25.2,35.6,188.0,24.8,0.0,9.0,0.0,0.0,0.0,0.0
"2026-04-27 19:58:59.855497","collector_002",24.9,36.8,188.0,24.7,0.0,9.0,0.0,0.0,0.0,0.0
"2026-04-27 19:59:16.918472","collector_002",24.6,37.2,186.0,24.6,0.0,9.0,0.0,0.0,0.0,0.0
"2026-04-27 19:59:34.062392","collector_002",24.3,37.5,187.0,24.6,0.0,9.0,0.0,0.0,0.0,0.0
"2026-04-27 19:59:50.949381","collector_002",24.2,38.1,180.0,24.6,0.0,9.0,0.0,0.0,0.0,0.0
"2026-04-27 20:00:08.762384","collector_002",23.8,38.1,188.0,24.6,0.0,9.0,0.0,0.0,0.0,0.0
"2026-04-27 20:00:26.079384","collector_002",23.8,38.6,187.0,24.5,0.0,9.0,0.0,0.0,0.0,0.0
"2026-04-27 20:00:43.752456","collector_002",23.7,38.7,188.0,24.5,0.0,9.0,0.0,0.0,0.0,0.0
"2026-04-27 20:13:15.76115","collector_002",22.6,39.7,270.0,23.9,0.0,9.0,0.0,0.0,0.0,0.0
"2026-04-27 20:15:24.530109","collector_002",22.9,39.6,278.0,24.2,0.0,9.0,0.0,0.0,0.0,0.0
"2026-04-27 20:15:43.999029","collector_002",22.9,39.9,276.0,24.2,0.0,9.0,0.0,0.0,0.0,0.0
"2026-04-27 20:16:01.070047","collector_002",22.8,39.4,277.0,24.0,0.0,9.0,0.0,0.0,0.0,0.0
"2026-04-27 20:16:17.735031","collector_002",22.9,39.9,168.0,24.0,0.0,9.0,0.0,0.0,0.0,0.0
"2026-04-27 20:16:34.433027","collector_002",23.0,39.4,163.0,24.4,0.0,9.0,0.0,0.0,0.0,0.0
"2026-04-27 20:16:52.128073","collector_002",23.2,40.5,165.0,24.5,0.0,9.0,0.0,0.0,0.0,0.0
"2026-04-27 20:17:09.142043","collector_002",23.2,40.4,249.0,24.4,0.0,9.0,0.0,0.0,0.0,0.0
"2026-04-27 20:17:26.247027","collector_002",23.4,39.6,393.0,24.3,0.0,9.0,0.0,0.0,0.0,0.0
"2026-04-27 20:17:45.143072","collector_002",23.5,42.0,387.0,24.4,0.0,9.0,0.0,0.0,0.0,0.0
"2026-04-27 20:18:03.244035","collector_002",23.5,39.4,363.0,24.4,0.0,9.0,0.0,0.0,0.0,0.0
"2026-04-27 20:18:20.781043","collector_002",23.6,39.0,385.0,24.2,0.0,9.0,0.0,0.0,0.0,0.0
"2026-04-27 20:18:38.139029","collector_002",23.7,41.1,378.0,24.4,0.0,9.0,0.0,0.0,0.0,0.0
"2026-04-27 20:18:55.493037","collector_002",23.6,40.1,114.0,24.4,0.0,9.0,0.0,0.0,0.0,0.0
"2026-04-27 20:19:12.528033","collector_002",23.5,39.2,113.0,24.4,0.0,9.0,0.0,0.0,0.0,0.0
"2026-04-27 20:19:29.417035","collector_002",23.5,39.4,113.0,23.5,0.0,9.0,0.0,0.0,0.0,0.0
"2026-04-27 20:22:53.317256","collector_002",23.7,38.9,95.0,24.5,0.0,9.0,0.0,0.0,0.0,0.0
"2026-04-27 20:24:30.585012","collector_002",23.7,39.6,94.0,24.5,0.0,9.0,0.0,0.0,0.0,0.0
"2026-04-27 20:24:57.930037","collector_002",23.8,39.3,97.0,24.5,0.0,9.0,0.0,0.0,0.0,0.0
"2026-04-27 20:25:15.339005","collector_002",23.8,39.0,96.0,24.5,0.0,9.0,0.0,0.0,0.0,0.0
"2026-04-27 20:25:32.983008","collector_002",23.8,38.8,98.0,24.6,0.0,9.0,0.0,0.0,0.0,0.0
"2026-04-27 21:37:18.276925","collector_001",21.9,42.8,231.0,20.5,19.9,7.0,216.0,9.0,15.0,35.0
"2026-04-27 21:42:21.206925","collector_001",21.7,42.2,231.0,20.2,19.9,7.0,213.0,9.0,15.0,34.0
"2026-04-27 21:42:34.652246","collector_002",21.6,49.8,248.0,20.5,11.7,5.2,52.0,1.0,3.0,9.0
"2026-04-27 21:45:13.856781","collector_002",21.6,45.7,177.0,20.4,11.9,5.3,37.0,0.0,2.0,6.0
"2026-04-27 21:50:17.250777","collector_002",21.5,46.6,177.0,20.4,11.9,5.0,40.0,1.0,2.0,7.0
"2026-04-27 21:55:20.410779","collector_002",21.4,46.1,173.0,20.3,12.0,5.5,40.0,1.0,2.0,7.0
"2026-04-27 22:00:22.393779","collector_002",21.4,46.3,173.0,20.1,12.0,5.6,40.0,1.0,2.0,7.0
"2026-04-27 22:05:24.526778","collector_002",21.4,45.9,2.0,20.0,12.0,5.1,41.0,1.0,2.0,7.0
"2026-04-27 22:10:29.584812","collector_002",21.3,46.8,2.0,19.9,12.0,5.5,41.0,1.0,2.0,7.0
"2026-04-27 22:15:32.025802","collector_002",21.3,45.7,2.0,19.8,12.0,5.0,41.0,1.0,2.0,7.0
"2026-04-27 22:20:33.886773","collector_002",21.4,45.1,150.0,19.8,12.1,5.1,41.0,1.0,2.0,7.0
"2026-04-27 22:25:36.916785","collector_002",21.4,45.8,2.0,19.7,12.0,5.9,41.0,1.0,2.0,7.0
"2026-04-27 22:30:39.767807","collector_002",21.4,45.2,2.0,19.7,12.1,5.6,42.0,1.0,3.0,7.0
"2026-04-27 22:35:43.703773","collector_002",21.4,46.3,2.0,19.7,12.1,5.4,42.0,1.0,3.0,7.0
"2026-04-27 22:40:46.681789","collector_002",21.3,45.6,2.0,19.6,12.1,5.5,43.0,1.0,3.0,7.0
"2026-04-27 22:45:47.856785","collector_002",21.3,45.0,2.0,19.6,12.1,5.5,43.0,1.0,3.0,7.0
"2026-04-27 22:50:52.099785","collector_002",21.3,45.2,2.0,19.5,12.1,5.5,43.0,1.0,3.0,7.0
"2026-04-27 22:55:55.400781","collector_002",21.3,44.7,2.0,19.5,12.1,5.0,43.0,1.0,3.0,7.0
"2026-04-27 23:00:56.9508","collector_002",21.3,44.7,2.0,19.5,12.1,5.4,43.0,1.0,3.0,7.0
"2026-04-27 23:06:00.836818","collector_002",21.3,46.4,2.0,19.5,12.1,5.4,43.0,1.0,3.0,7.0
"2026-04-27 23:11:05.389819","collector_002",21.3,44.8,1.0,19.4,12.1,5.3,43.0,1.0,3.0,7.0
"2026-04-27 23:16:08.112783","collector_002",21.3,45.4,1.0,19.4,12.1,5.3,43.0,1.0,3.0,7.0
"2026-04-27 23:21:14.690789","collector_002",21.2,45.5,1.0,19.4,12.1,5.3,43.0,1.0,3.0,7.0
"2026-04-27 23:26:16.418789","collector_002",21.2,45.4,1.0,19.4,12.1,5.3,43.0,1.0,3.0,7.0
"2026-04-27 23:31:22.191777","collector_002",21.2,44.8,1.0,19.4,12.1,5.2,44.0,1.0,3.0,7.0
"2026-04-27 23:36:26.424783","collector_002",21.2,44.3,1.0,19.3,12.1,5.1,44.0,1.0,3.0,7.0
"2026-04-27 23:41:29.316786","collector_002",21.2,44.1,1.0,19.3,12.1,5.4,44.0,1.0,3.0,7.0
"2026-04-27 23:46:30.501791","collector_002",21.2,45.6,1.0,19.3,12.1,5.2,44.0,1.0,3.0,7.0
"2026-04-27 23:51:33.532778","collector_002",21.2,44.9,1.0,19.3,12.3,5.3,44.0,1.0,3.0,7.0
"2026-04-27 23:56:37.467773","collector_002",21.2,43.9,1.0,19.3,12.1,5.3,44.0,1.0,3.0,7.0
"2026-04-28 00:01:39.726778","collector_002",21.2,43.8,1.0,19.3,12.3,5.5,44.0,1.0,3.0,7.0
"2026-04-28 00:06:45.321789","collector_002",21.1,43.1,1.0,19.3,12.3,5.7,44.0,1.0,3.0,7.0
"2026-04-28 00:11:46.870791","collector_002",21.2,44.3,1.0,19.3,12.1,5.4,44.0,1.0,3.0,7.0
"2026-04-28 00:16:50.797778","collector_002",21.3,42.8,1.0,19.2,12.1,5.5,44.0,1.0,3.0,7.0
"2026-04-28 00:21:53.651783","collector_002",21.4,43.0,1.0,19.2,12.3,5.6,45.0,1.0,3.0,7.0
"2026-04-28 00:26:54.933801","collector_002",21.4,41.9,1.0,19.3,12.3,5.4,45.0,1.0,3.0,7.0
"2026-04-28 00:31:58.740783","collector_002",21.5,41.7,1.0,19.3,12.3,5.5,45.0,1.0,3.0,7.0
"2026-04-28 00:37:00.391778","collector_002",21.6,40.6,1.0,19.3,12.3,5.6,45.0,1.0,3.0,7.0
"2026-04-28 00:42:01.963814","collector_002",21.6,40.4,1.0,19.4,12.3,5.4,45.0,1.0,3.0,7.0
"2026-04-28 00:47:02.911495","collector_002",21.6,39.8,1.0,19.4,12.4,5.4,45.0,1.0,3.0,7.0
"2026-04-28 00:52:06.671458","collector_002",21.7,40.2,1.0,19.4,12.3,5.4,46.0,1.0,3.0,8.0
"2026-04-28 00:57:10.484458","collector_002",21.7,39.9,1.0,19.4,12.4,5.3,46.0,1.0,3.0,8.0
"2026-04-28 01:02:11.983459","collector_002",21.7,40.4,1.0,19.4,12.4,5.3,46.0,1.0,3.0,8.0
"2026-04-28 01:07:13.3445","collector_002",21.7,39.9,0.0,19.5,12.4,5.4,46.0,1.0,3.0,8.0
"2026-04-28 01:12:16.706457","collector_002",21.7,39.2,1.0,19.5,12.4,5.4,46.0,1.0,3.0,8.0
"2026-04-28 01:17:18.291458","collector_002",21.7,39.0,1.0,19.5,12.4,5.4,46.0,1.0,3.0,8.0
"2026-04-28 01:22:20.995465","collector_002",21.8,39.7,1.0,19.5,12.4,5.5,46.0,1.0,3.0,8.0
"2026-04-28 01:27:24.447458","collector_002",21.8,39.5,0.0,19.5,12.4,5.5,46.0,1.0,3.0,8.0
"2026-04-28 01:32:25.975473","collector_002",21.8,40.5,1.0,19.6,12.4,5.6,47.0,1.0,3.0,8.0
"2026-04-28 01:37:27.605475","collector_002",21.8,39.7,1.0,19.5,12.4,5.6,47.0,1.0,3.0,8.0
"2026-04-28 01:42:28.916458","collector_002",21.8,39.7,1.0,19.6,12.4,5.6,47.0,1.0,3.0,8.0
"2026-04-28 01:47:30.475458","collector_002",21.8,39.8,1.0,19.6,12.4,5.6,47.0,1.0,3.0,8.0
"2026-04-28 01:52:32.087458","collector_002",21.8,39.8,1.0,19.6,12.4,5.6,47.0,1.0,3.0,8.0
"2026-04-28 01:57:33.596461","collector_002",21.6,41.5,1.0,19.6,12.4,5.6,47.0,1.0,3.0,8.0
"2026-04-28 02:02:36.519457","collector_002",21.7,40.6,1.0,19.6,12.4,5.6,47.0,1.0,3.0,8.0
"2026-04-28 02:07:37.765458","collector_002",21.8,41.3,1.0,19.6,12.4,5.8,47.0,1.0,3.0,8.0
"2026-04-28 02:12:38.978453","collector_002",21.8,41.5,1.0,19.6,12.4,5.7,47.0,1.0,3.0,8.0
"2026-04-28 02:17:40.27149","collector_002",21.8,42.0,1.0,19.6,12.4,5.7,47.0,1.0,3.0,8.0
"2026-04-28 02:22:41.418465","collector_002",21.7,42.3,1.0,19.6,12.4,5.7,47.0,1.0,3.0,8.0
"2026-04-28 02:27:42.764475","collector_002",21.7,43.4,1.0,19.6,12.4,5.7,47.0,1.0,3.0,8.0
"2026-04-28 02:32:43.98648","collector_002",21.7,42.7,1.0,19.6,12.4,5.8,48.0,1.0,3.0,8.0
"2026-04-28 02:37:45.332459","collector_002",21.7,43.9,1.0,19.5,12.4,5.8,48.0,1.0,3.0,8.0
"2026-04-28 02:42:46.565498","collector_002",21.7,43.7,1.0,19.5,12.4,5.8,48.0,1.0,3.0,8.0
"2026-04-28 02:47:47.699467","collector_002",21.6,44.4,1.0,19.6,12.4,5.8,48.0,1.0,3.0,8.0
"2026-04-28 02:52:50.313458","collector_002",21.7,44.2,1.0,19.5,12.4,5.9,48.0,1.0,3.0,8.0
"2026-04-28 02:57:51.379465","collector_002",21.6,44.2,1.0,19.5,12.4,5.9,48.0,1.0,3.0,8.0
"2026-04-28 03:02:52.796461","collector_002",21.6,43.8,1.0,19.5,12.4,5.9,48.0,1.0,3.0,8.0
"2026-04-28 03:07:55.355459","collector_002",21.6,45.4,1.0,19.5,12.4,5.9,48.0,1.0,3.0,8.0
"2026-04-28 03:12:57.740458","collector_002",21.5,44.6,1.0,19.5,12.4,5.9,48.0,1.0,3.0,8.0
"2026-04-28 03:17:59.320499","collector_002",21.5,44.7,1.0,19.5,12.4,6.0,48.0,1.0,3.0,8.0
"2026-04-28 03:23:02.807457","collector_002",21.5,44.6,1.0,19.4,12.4,6.0,48.0,1.0,3.0,8.0
"2026-04-28 03:28:04.185458","collector_002",21.6,44.9,1.0,19.5,12.4,6.0,49.0,1.0,3.0,8.0
"2026-04-28 03:33:05.579458","collector_002",21.6,45.3,1.0,19.5,12.4,6.0,49.0,1.0,3.0,8.0
"2026-04-28 03:38:06.933483","collector_002",21.6,45.1,1.0,19.5,12.4,6.1,49.0,1.0,3.0,8.0
"2026-04-28 03:43:10.860483","collector_002",21.6,45.8,1.0,19.5,12.4,6.1,49.0,1.0,3.0,8.0
"2026-04-28 03:48:12.337327","collector_002",21.6,45.1,1.0,19.5,12.4,6.1,49.0,1.0,3.0,8.0
"2026-04-28 03:53:13.560329","collector_002",21.6,44.7,1.0,19.5,12.4,6.1,49.0,1.0,3.0,8.0
"2026-04-28 03:58:14.658325","collector_002",21.6,46.0,1.0,19.5,12.4,6.1,49.0,1.0,3.0,8.0
"2026-04-28 04:03:17.08732","collector_002",21.5,45.3,1.0,19.5,12.4,6.2,49.0,1.0,3.0,8.0
"2026-04-28 04:08:18.438331","collector_002",21.6,45.9,1.0,19.5,12.4,6.2,49.0,1.0,3.0,8.0
"2026-04-28 04:13:19.48232","collector_002",21.6,46.1,1.0,19.5,12.4,6.2,49.0,1.0,3.0,8.0
"2026-04-28 04:18:20.965351","collector_002",21.6,45.3,1.0,19.5,12.4,6.2,49.0,1.0,3.0,8.0
"2026-04-28 04:23:23.799327","collector_002",21.6,46.2,1.0,19.5,12.4,6.2,50.0,1.0,3.0,8.0
"2026-04-28 04:28:24.995327","collector_002",21.6,46.1,1.0,19.5,12.4,6.2,50.0,1.0,3.0,8.0
"2026-04-28 04:33:26.057327","collector_002",21.6,46.5,1.0,19.5,12.4,6.3,50.0,1.0,3.0,8.0
"2026-04-28 04:38:27.148319","collector_002",21.6,45.9,1.0,19.5,12.4,6.3,50.0,1.0,3.0,8.0
"2026-04-28 04:43:29.835339","collector_002",21.5,46.2,1.0,19.5,12.4,6.3,50.0,1.0,3.0,8.0
"2026-04-28 04:48:30.936335","collector_002",21.5,46.7,2.0,19.5,12.4,6.3,50.0,1.0,3.0,8.0
"2026-04-28 04:53:32.673321","collector_002",21.5,46.3,2.0,19.4,12.4,6.3,50.0,1.0,3.0,8.0
"2026-04-28 04:58:34.063319","collector_002",21.5,47.5,2.0,19.5,12.4,6.4,50.0,1.0,3.0,8.0
"2026-04-28 05:03:35.454323","collector_002",21.5,46.2,2.0,19.4,12.4,6.4,50.0,1.0,3.0,8.0
"2026-04-28 05:08:36.89032","collector_002",21.5,46.7,2.0,19.4,12.4,6.4,50.0,1.0,3.0,8.0
"2026-04-28 05:13:39.432351","collector_002",21.3,47.4,2.0,19.4,12.4,6.4,50.0,1.0,3.0,8.0
"2026-04-28 05:18:42.349321","collector_002",21.4,47.1,2.0,19.4,12.4,6.4,50.0,1.0,3.0,8.0
"2026-04-28 05:23:43.93732","collector_002",21.4,47.0,2.0,19.3,12.4,6.4,50.0,1.0,3.0,8.0
"2026-04-28 05:28:45.31332","collector_002",21.3,47.2,3.0,19.3,12.4,6.4,50.0,1.0,3.0,8.0
"2026-04-28 05:33:50.714315","collector_002",21.2,47.7,4.0,19.3,12.3,6.4,50.0,1.0,3.0,8.0
"2026-04-28 05:38:52.517321","collector_002",21.2,47.4,7.0,19.2,12.3,6.5,50.0,1.0,3.0,8.0
"2026-04-28 05:43:57.469329","collector_002",21.2,47.2,8.0,19.2,12.4,6.5,50.0,1.0,3.0,8.0
"2026-04-28 05:48:59.56532","collector_002",21.1,47.7,17.0,19.2,12.3,6.5,50.0,1.0,3.0,8.0
"2026-04-28 05:54:01.676403","collector_002",21.1,47.9,19.0,19.2,12.3,6.5,50.0,1.0,3.0,8.0
"2026-04-28 05:59:05.011382","collector_002",21.0,47.7,30.0,19.1,12.3,6.5,50.0,1.0,3.0,8.0
"2026-04-28 06:04:06.758827","collector_002",21.1,47.7,48.0,19.1,12.3,6.5,50.0,1.0,3.0,8.0
"2026-04-28 06:09:10.988331","collector_002",21.1,48.0,33.0,19.1,12.3,6.5,50.0,1.0,3.0,8.0
"2026-04-28 06:14:13.803327","collector_002",21.1,47.3,68.0,19.0,12.3,6.5,51.0,1.0,3.0,8.0
"2026-04-28 06:19:19.611399","collector_002",20.7,47.9,63.0,19.0,12.3,6.5,50.0,1.0,3.0,8.0
"2026-04-28 06:24:22.928352","collector_002",20.3,48.7,99.0,19.0,12.3,6.6,50.0,1.0,3.0,8.0
"2026-04-28 06:29:25.091358","collector_002",20.7,47.3,112.0,18.9,12.1,6.6,51.0,1.0,3.0,8.0
"2026-04-28 06:34:28.57932","collector_002",20.2,48.2,121.0,18.9,12.1,6.6,51.0,1.0,3.0,8.0
"2026-04-28 06:39:31.95832","collector_002",20.2,48.7,131.0,18.8,12.1,6.6,51.0,1.0,3.0,8.0
"2026-04-28 06:44:35.580321","collector_002",20.4,47.8,188.0,18.8,12.1,6.6,51.0,1.0,3.0,8.0
"2026-04-28 06:49:40.457427","collector_002",20.1,50.0,224.0,18.7,12.1,6.6,51.0,1.0,3.0,8.0
"2026-04-28 06:54:43.938442","collector_002",20.4,47.4,279.0,18.7,12.1,6.6,51.0,1.0,3.0,8.0
"2026-04-28 06:59:48.859436","collector_002",20.5,47.9,248.0,18.6,12.1,6.6,51.0,1.0,3.0,8.0
"2026-04-28 07:04:53.65451","collector_002",20.1,48.1,310.0,18.6,12.1,6.6,51.0,1.0,3.0,8.0
"2026-04-28 07:09:57.942429","collector_002",20.1,48.0,423.0,18.6,12.1,6.6,51.0,1.0,3.0,8.0
"2026-04-28 07:15:00.477929","collector_002",20.2,47.5,383.0,18.5,12.1,6.7,51.0,1.0,3.0,8.0
"2026-04-28 07:20:03.678445","collector_002",20.5,47.1,487.0,18.5,12.1,6.7,51.0,1.0,3.0,8.0
"2026-04-28 07:25:05.994453","collector_002",20.6,46.4,425.0,18.5,12.1,6.7,51.0,1.0,3.0,8.0
"2026-04-28 07:30:10.242433","collector_002",20.7,46.5,455.0,18.5,12.1,6.7,51.0,1.0,3.0,8.0
"2026-04-28 07:35:11.927427","collector_002",20.8,46.3,315.0,18.5,12.1,6.7,51.0,1.0,3.0,8.0
"2026-04-28 07:40:13.563474","collector_002",20.7,46.0,256.0,18.6,12.1,6.7,51.0,1.0,3.0,8.0
"2026-04-28 07:45:15.326421","collector_002",20.9,46.3,285.0,18.6,12.1,6.7,51.0,1.0,3.0,8.0
"2026-04-28 07:50:17.055429","collector_002",21.0,45.7,432.0,18.6,12.1,6.7,51.0,1.0,3.0,8.0
"2026-04-28 07:55:18.899423","collector_002",21.0,46.7,650.0,18.6,12.1,6.7,51.0,1.0,3.0,8.0
"2026-04-28 08:00:20.857422","collector_002",21.0,45.8,515.0,18.6,12.1,6.7,51.0,1.0,3.0,8.0
"2026-04-28 08:05:22.908422","collector_002",21.1,46.0,523.0,18.6,12.1,6.7,51.0,1.0,3.0,8.0
"2026-04-28 08:10:25.202453","collector_002",21.0,45.8,416.0,18.6,12.1,6.7,52.0,1.0,3.0,9.0
"2026-04-28 08:15:27.199422","collector_002",20.7,46.7,508.0,18.6,12.1,6.7,52.0,1.0,3.0,9.0
"2026-04-28 08:20:29.269423","collector_002",20.4,48.1,453.0,18.6,12.1,6.7,52.0,1.0,3.0,9.0
"2026-04-28 08:25:31.288421","collector_002",20.6,46.4,472.0,18.6,12.1,6.7,52.0,1.0,3.0,9.0
"2026-04-28 08:30:32.871431","collector_002",20.6,45.8,469.0,18.6,12.1,6.7,52.0,1.0,3.0,9.0
"2026-04-28 08:35:34.725442","collector_002",20.3,46.6,620.0,18.5,12.1,6.8,52.0,1.0,3.0,9.0
"2026-04-28 08:40:36.157422","collector_002",20.1,47.0,565.0,18.5,12.1,6.8,52.0,1.0,3.0,9.0
"2026-04-28 08:45:37.979698","collector_002",20.0,46.7,514.0,18.4,12.1,6.8,52.0,1.0,3.0,9.0
"2026-04-28 08:50:39.808427","collector_002",20.4,46.5,771.0,18.4,12.0,6.8,52.0,1.0,3.0,9.0
"2026-04-28 08:55:41.674421","collector_002",20.6,45.9,972.0,18.4,12.0,6.8,52.0,1.0,3.0,9.0
"2026-04-28 09:00:43.480439","collector_002",20.1,46.5,888.0,18.3,12.1,6.8,52.0,1.0,3.0,9.0
"2026-04-28 09:05:45.488422","collector_002",20.4,45.9,833.0,18.3,12.1,6.8,52.0,1.0,3.0,9.0
"2026-04-28 09:10:47.580425","collector_002",20.2,47.4,1366.0,18.3,12.1,6.8,52.0,1.0,3.0,9.0
"2026-04-28 09:15:49.437425","collector_002",20.2,46.8,1542.0,18.3,12.0,6.8,52.0,1.0,3.0,9.0
"2026-04-28 09:20:50.939427","collector_002",20.4,46.1,1734.0,18.3,12.0,6.8,52.0,1.0,3.0,9.0
"2026-04-28 09:25:52.46845","collector_002",20.6,45.1,1631.0,18.3,12.1,6.8,52.0,1.0,3.0,9.0
"2026-04-28 09:30:53.941441","collector_002",20.9,45.2,1582.0,18.3,12.1,6.8,52.0,1.0,3.0,9.0
"2026-04-28 09:35:55.572433","collector_002",21.1,44.9,1522.0,18.3,12.1,6.8,52.0,1.0,3.0,9.0
"2026-04-28 09:40:57.379477","collector_002",21.2,45.1,1543.0,18.3,12.1,6.8,52.0,1.0,3.0,9.0
"2026-04-28 09:45:58.785309","collector_002",21.4,44.8,1323.0,18.4,12.1,6.8,52.0,1.0,3.0,9.0
"2026-04-28 09:51:00.232304","collector_002",21.4,45.6,1481.0,18.5,12.1,6.8,53.0,1.0,3.0,9.0
"2026-04-28 09:56:03.979321","collector_002",21.3,45.4,1682.0,18.5,12.1,6.8,53.0,1.0,3.0,9.0
"2026-04-28 10:01:05.690336","collector_002",21.3,44.8,2493.0,18.6,12.1,6.8,53.0,1.0,3.0,9.0
"2026-04-28 10:06:07.704307","collector_002",21.0,44.3,2265.0,18.6,12.1,6.8,53.0,1.0,3.0,9.0
"2026-04-28 10:11:10.096323","collector_002",21.4,43.8,1752.0,18.6,12.1,6.8,53.0,1.0,3.0,9.0
"2026-04-28 10:16:12.021336","collector_002",21.1,44.3,2155.0,18.6,12.1,6.8,53.0,1.0,3.0,9.0
"2026-04-28 10:21:13.959318","collector_002",21.0,45.1,1619.0,18.6,12.1,6.8,53.0,1.0,3.0,9.0
"2026-04-28 10:26:15.510334","collector_002",21.3,44.3,1340.0,18.6,12.1,6.9,53.0,1.0,3.0,9.0
"2026-04-28 10:31:17.201396","collector_002",21.6,44.4,2183.0,18.6,12.1,6.9,53.0,1.0,3.0,9.0
"2026-04-28 10:36:18.776304","collector_002",21.9,43.7,2538.0,18.7,12.1,6.9,53.0,1.0,3.0,9.0
"2026-04-28 10:41:20.584307","collector_002",21.9,44.2,1765.0,18.8,12.1,6.9,53.0,1.0,3.0,9.0
"2026-04-28 10:46:22.519342","collector_002",21.6,44.5,1223.0,18.8,12.3,6.9,54.0,1.0,3.0,9.0
"2026-04-28 10:51:24.081315","collector_002",21.3,44.5,987.0,18.8,12.1,6.9,54.0,1.0,3.0,9.0
"2026-04-28 10:56:25.584344","collector_002",21.4,43.3,928.0,18.8,12.1,6.9,54.0,1.0,3.0,9.0
"2026-04-28 11:01:27.144304","collector_002",21.7,43.3,1718.0,18.9,12.1,6.9,54.0,1.0,3.0,9.0
"2026-04-28 11:06:28.673304","collector_002",21.7,43.4,2371.0,18.9,12.1,6.9,54.0,1.0,3.0,9.0
"2026-04-28 11:11:30.287305","collector_002",21.9,42.7,1792.0,18.9,12.1,6.9,54.0,1.0,3.0,9.0
"2026-04-28 11:16:31.845346","collector_002",22.1,43.6,1688.0,18.9,12.1,6.9,54.0,1.0,3.0,9.0
"2026-04-28 11:21:33.156307","collector_002",22.1,42.4,1433.0,19.0,12.1,6.9,54.0,1.0,3.0,9.0
"2026-04-28 11:26:34.724346","collector_002",22.2,42.7,1563.0,19.0,12.3,6.9,54.0,1.0,3.0,9.0
"2026-04-28 11:31:36.514299","collector_002",21.9,42.7,1507.0,19.1,12.1,6.9,54.0,1.0,3.0,9.0
"2026-04-28 11:36:38.090304","collector_002",22.0,43.8,1303.0,19.1,12.1,6.9,54.0,1.0,3.0,9.0
"2026-04-28 11:41:39.700345","collector_002",21.9,42.7,1167.0,19.2,12.1,6.9,54.0,1.0,3.0,9.0
"2026-04-28 11:46:41.924813","collector_002",22.2,43.1,1081.0,19.2,12.1,6.9,55.0,1.0,3.0,9.0
"2026-04-28 11:51:44.587819","collector_002",21.6,46.0,882.0,19.2,12.1,6.9,55.0,1.0,3.0,9.0
"2026-04-28 11:56:47.801304","collector_002",21.5,43.3,758.0,19.2,12.1,6.9,55.0,1.0,3.0,9.0
"2026-04-28 12:01:51.66834","collector_002",21.4,42.9,857.0,19.2,12.1,7.0,55.0,1.0,3.0,9.0
"2026-04-28 12:06:53.96438","collector_002",20.9,43.9,944.0,19.2,12.1,7.0,55.0,1.0,3.0,9.0
"2026-04-28 12:11:55.500315","collector_002",21.1,44.1,1197.0,19.1,12.1,7.0,55.0,1.0,3.0,9.0
"2026-04-28 12:16:57.750362","collector_002",20.9,43.0,2189.0,19.0,12.1,7.0,55.0,1.0,3.0,9.0
"2026-04-28 12:22:00.592309","collector_002",21.2,47.6,2353.0,19.0,12.1,7.0,55.0,1.0,3.0,9.0
"2026-04-28 12:27:05.228309","collector_002",21.1,43.0,1449.0,18.9,12.1,7.0,55.0,1.0,3.0,9.0
"2026-04-28 12:32:36.945304","collector_002",21.3,42.4,2066.0,18.9,12.1,7.0,55.0,1.0,3.0,9.0
"2026-04-28 12:38:11.634325","collector_002",21.1,41.9,2796.0,18.9,12.1,7.1,55.0,1.0,3.0,9.0
"2026-04-28 12:43:27.375335","collector_002",21.4,43.9,2696.0,18.9,12.1,7.1,55.0,1.0,3.0,9.0
"2026-04-28 12:49:36.565408","collector_002",21.8,43.0,2511.0,18.9,12.1,7.1,55.0,1.0,3.0,9.0
"2026-04-28 12:54:54.563396","collector_002",22.0,42.8,2455.0,19.0,12.1,7.1,55.0,1.0,3.0,9.0
"2026-04-28 13:00:06.742406","collector_002",21.9,43.2,2340.0,19.0,12.1,7.1,55.0,1.0,3.0,9.0
"2026-04-28 13:05:21.597438","collector_002",21.4,43.3,2528.0,19.0,12.1,7.1,55.0,1.0,3.0,9.0
"2026-04-28 13:10:36.291412","collector_002",21.6,44.7,2871.0,19.1,12.1,7.1,55.0,1.0,3.0,9.0
"2026-04-28 13:15:55.119401","collector_002",21.4,43.0,2735.0,19.1,12.1,7.1,55.0,1.0,3.0,9.0
"2026-04-28 13:21:21.948434","collector_002",21.1,40.8,2568.0,19.0,12.1,7.2,55.0,1.0,3.0,9.0
"2026-04-28 13:26:31.134402","collector_002",21.5,41.2,2514.0,19.0,12.1,7.2,55.0,1.0,3.0,9.0
"2026-04-28 13:31:38.172484","collector_002",21.1,40.8,2682.0,19.0,12.1,7.2,55.0,1.0,3.0,9.0
"2026-04-28 13:36:45.724412","collector_002",21.1,41.9,2623.0,19.0,12.1,7.2,55.0,1.0,3.0,9.0
"2026-04-28 13:41:57.083455","collector_002",21.3,43.5,2364.0,19.0,12.1,7.2,55.0,1.0,3.0,9.0
"2026-04-28 13:47:08.226412","collector_002",21.1,42.5,2205.0,19.0,12.1,7.2,55.0,1.0,3.0,9.0
"2026-04-28 13:52:22.013449","collector_002",21.1,42.1,1516.0,19.0,12.1,7.2,55.0,1.0,3.0,9.0
"2026-04-28 13:57:33.926906","collector_002",20.6,42.8,1452.0,19.0,12.1,7.2,55.0,1.0,3.0,9.0
"2026-04-28 14:03:46.711406","collector_002",20.9,41.6,1448.0,18.9,12.0,7.2,55.0,1.0,3.0,9.0
"2026-04-28 14:09:44.44743","collector_002",21.2,42.3,1664.0,18.9,12.1,7.2,56.0,1.0,4.0,9.0
"2026-04-28 14:14:55.160455","collector_002",21.1,41.1,2103.0,18.9,12.1,7.2,56.0,1.0,4.0,9.0
"2026-04-28 14:20:01.857402","collector_002",21.3,43.1,2246.0,18.9,12.1,7.2,56.0,1.0,4.0,9.0
"2026-04-28 14:25:04.852438","collector_002",21.7,41.1,2270.0,18.9,12.1,7.2,56.0,1.0,4.0,9.0
"2026-04-28 14:30:08.392401","collector_002",21.5,43.6,2028.0,18.9,12.1,7.2,56.0,1.0,4.0,9.0
"2026-04-28 14:35:12.012408","collector_002",21.6,42.8,2050.0,18.9,12.1,7.2,56.0,1.0,4.0,9.0
"2026-04-28 14:40:22.649414","collector_002",21.9,40.7,2074.0,19.0,12.1,7.2,56.0,1.0,4.0,9.0
"2026-04-28 14:45:28.770406","collector_002",21.4,41.2,1932.0,19.0,12.1,7.2,56.0,1.0,4.0,9.0
"2026-04-28 14:50:33.239402","collector_002",21.3,42.2,2053.0,19.0,12.1,7.2,56.0,1.0,4.0,9.0
"2026-04-28 14:55:35.510431","collector_002",21.6,42.3,1951.0,19.0,12.1,7.2,56.0,1.0,4.0,9.0
"2026-04-28 15:00:38.568402","collector_002",21.4,44.6,1907.0,19.0,12.0,7.2,56.0,1.0,4.0,9.0
"2026-04-28 15:05:43.078641","collector_002",21.7,41.7,1884.0,19.0,12.1,7.2,56.0,1.0,4.0,9.0
"2026-04-28 15:10:45.77742","collector_002",21.9,41.3,1244.0,19.0,12.1,7.2,56.0,1.0,4.0,9.0
"2026-04-28 14:55:18.261063","collector_002",22.0,40.3,1880.0,19.2,12.1,7.2,57.0,1.0,4.0,9.0
"2026-04-28 15:26:26.285005","collector_002",22.2,40.8,2178.0,19.2,12.1,7.2,57.0,1.0,4.0,9.0
"2026-04-28 15:31:32.141978","collector_002",22.4,40.8,2061.0,19.3,12.1,7.2,57.0,1.0,4.0,9.0
"2026-04-28 15:36:38.171983","collector_002",22.4,42.3,2174.0,19.3,12.1,7.2,57.0,1.0,4.0,9.0
"2026-04-28 15:41:42.534501","collector_002",22.5,41.4,1863.0,19.4,12.1,7.2,57.0,1.0,4.0,9.0
"2026-04-28 15:46:46.692003","collector_002",22.8,41.1,2110.0,19.4,12.1,7.2,57.0,1.0,4.0,9.0
"2026-04-28 15:51:51.349008","collector_002",22.3,41.5,1778.0,19.5,12.1,7.2,57.0,1.0,4.0,9.0
"2026-04-28 15:56:52.924971","collector_002",22.3,40.2,1887.0,19.5,12.1,7.2,57.0,1.0,4.0,9.0
"2026-04-28 16:01:54.195001","collector_002",22.4,42.0,2036.0,19.5,12.1,7.2,57.0,1.0,4.0,9.0
"2026-04-28 16:06:55.817977","collector_002",22.4,39.4,1932.0,19.5,12.1,7.2,58.0,2.0,4.0,9.0
"2026-04-28 16:11:57.064964","collector_002",22.3,39.3,1807.0,19.6,12.1,7.2,58.0,2.0,4.0,9.0
"2026-04-28 16:16:58.486985","collector_002",22.2,39.2,1677.0,19.6,12.1,7.2,58.0,2.0,4.0,9.0
"2026-04-28 16:22:00.24797","collector_002",22.2,42.0,1877.0,19.6,12.1,7.2,58.0,2.0,4.0,9.0
"2026-04-28 16:27:01.467982","collector_002",22.5,40.1,1607.0,19.6,12.1,7.2,58.0,2.0,4.0,9.0
"2026-04-28 16:32:02.712976","collector_002",22.0,39.5,1308.0,19.6,12.1,7.2,58.0,2.0,4.0,9.0
"2026-04-28 16:37:04.026031","collector_002",22.1,39.8,1438.0,19.6,12.1,7.2,58.0,2.0,4.0,9.0
"2026-04-28 16:42:05.33298","collector_002",22.0,41.3,1408.0,19.6,12.1,7.2,58.0,2.0,4.0,9.0
"2026-04-28 16:47:06.674971","collector_002",22.1,39.8,1582.0,19.6,12.1,7.2,58.0,2.0,4.0,9.0
"2026-04-28 16:52:07.962974","collector_002",21.9,42.9,1581.0,19.6,12.1,7.2,58.0,2.0,4.0,9.0
"2026-04-28 16:57:09.593035","collector_002",22.1,39.5,1320.0,19.6,12.1,7.2,58.0,2.0,4.0,9.0
"2026-04-28 17:02:10.988482","collector_002",22.2,41.0,1112.0,19.6,12.1,7.2,58.0,2.0,4.0,9.0
"2026-04-28 17:07:12.796972","collector_002",22.1,41.2,758.0,19.6,12.1,7.2,58.0,2.0,4.0,9.0
"2026-04-28 17:12:14.056994","collector_002",22.1,39.9,585.0,19.6,12.1,7.2,58.0,2.0,4.0,9.0
"2026-04-28 17:17:16.316978","collector_002",22.2,40.1,743.0,19.7,12.1,7.2,58.0,2.0,4.0,9.0
"2026-04-28 17:22:17.730978","collector_002",22.4,40.3,1015.0,19.7,12.1,7.2,58.0,2.0,4.0,9.0
"2026-04-28 17:27:19.121971","collector_002",22.1,41.4,1303.0,19.7,12.1,7.2,58.0,2.0,4.0,9.0
"2026-04-28 17:32:20.31897","collector_002",22.1,39.0,867.0,19.7,12.1,7.2,59.0,2.0,4.0,10.0
"2026-04-28 17:37:22.371974","collector_002",22.1,39.4,903.0,19.7,12.1,7.2,59.0,2.0,4.0,10.0
"2026-04-28 17:42:23.648971","collector_002",21.3,39.9,923.0,19.7,12.1,7.2,59.0,2.0,4.0,10.0
"2026-04-28 17:47:25.166974","collector_002",21.4,41.6,1237.0,19.7,12.1,7.2,59.0,2.0,4.0,10.0
"2026-04-28 17:52:27.008974","collector_002",21.5,39.8,848.0,19.6,12.0,7.2,59.0,2.0,4.0,10.0
"2026-04-28 17:57:28.744972","collector_002",21.6,40.4,837.0,19.6,12.1,7.2,59.0,2.0,4.0,10.0
"2026-04-28 18:02:30.098966","collector_002",21.7,40.2,880.0,19.6,12.1,7.2,58.0,2.0,4.0,9.0
"2026-04-28 18:07:31.422487","collector_002",21.6,41.4,739.0,19.6,12.1,7.1,59.0,2.0,4.0,10.0
"2026-04-28 18:12:33.16798","collector_002",21.8,40.6,510.0,19.6,12.0,7.1,59.0,2.0,4.0,10.0
"2026-04-28 18:17:34.872009","collector_002",21.9,40.9,402.0,19.6,12.1,7.1,59.0,2.0,4.0,10.0
"2026-04-28 18:22:36.261107","collector_002",21.7,41.0,482.0,19.6,12.1,7.1,59.0,2.0,4.0,10.0
"2026-04-28 18:27:37.692106","collector_002",21.8,40.5,493.0,19.6,12.1,7.1,59.0,2.0,4.0,10.0
"2026-04-28 18:32:39.004126","collector_002",22.0,41.0,422.0,19.6,12.1,7.1,59.0,2.0,4.0,10.0
"2026-04-28 18:37:40.342107","collector_002",22.0,41.4,332.0,19.6,12.1,7.1,59.0,2.0,4.0,10.0
"2026-04-28 18:42:41.688147","collector_002",22.0,40.8,343.0,19.7,12.1,7.1,59.0,2.0,4.0,10.0
"2026-04-28 18:47:43.292167","collector_002",22.0,42.5,305.0,19.7,12.1,7.1,59.0,2.0,4.0,10.0
"2026-04-28 18:52:44.944134","collector_002",21.9,42.2,288.0,19.7,12.1,7.1,59.0,2.0,4.0,10.0
"2026-04-28 18:57:46.453102","collector_002",21.9,41.7,262.0,19.7,12.1,7.1,59.0,2.0,4.0,10.0
"2026-04-28 19:02:47.95013","collector_002",21.9,41.2,245.0,19.7,12.1,7.1,59.0,2.0,4.0,10.0
"2026-04-28 19:07:49.489126","collector_002",22.0,41.5,221.0,19.7,12.1,7.1,59.0,2.0,4.0,10.0
"2026-04-28 19:12:51.101114","collector_002",21.9,41.3,205.0,19.7,12.1,7.1,59.0,2.0,4.0,10.0
"2026-04-28 19:17:52.30714","collector_002",21.9,41.6,195.0,19.7,12.1,7.1,59.0,2.0,4.0,10.0
"2026-04-28 19:22:53.86311","collector_002",21.8,42.5,190.0,19.7,12.1,7.1,59.0,2.0,4.0,10.0
"2026-04-28 19:27:55.278107","collector_002",21.8,42.4,183.0,19.7,12.0,7.0,59.0,2.0,4.0,10.0
"2026-04-28 19:32:57.441107","collector_002",21.7,42.4,178.0,19.7,12.1,7.0,59.0,2.0,4.0,10.0
"2026-04-28 19:37:58.896108","collector_002",21.7,42.1,176.0,19.6,12.1,7.0,59.0,2.0,4.0,10.0
"2026-04-28 19:43:00.650164","collector_002",21.7,42.1,178.0,19.6,12.1,7.0,59.0,2.0,4.0,10.0
"2026-04-28 19:48:02.214122","collector_002",21.7,42.3,177.0,19.6,12.0,7.0,59.0,2.0,4.0,10.0
"2026-04-28 19:53:04.285102","collector_002",21.7,42.3,178.0,19.6,12.0,7.0,59.0,2.0,4.0,10.0
"2026-04-28 19:58:06.340139","collector_002",21.6,42.0,178.0,19.6,12.0,7.0,60.0,2.0,4.0,10.0
"2026-04-28 20:03:08.357165","collector_002",21.7,41.7,179.0,19.6,12.0,7.0,60.0,2.0,4.0,10.0
"2026-04-28 20:08:09.814102","collector_002",21.6,41.7,175.0,19.6,12.0,7.0,60.0,2.0,4.0,10.0
"2026-04-28 20:13:11.197205","collector_002",21.6,42.6,178.0,19.5,12.0,7.0,60.0,2.0,4.0,10.0
"2026-04-28 20:18:13.217158","collector_002",21.5,43.0,178.0,19.5,12.0,7.0,60.0,2.0,4.0,10.0
"2026-04-28 20:23:14.834107","collector_002",21.4,43.3,178.0,19.5,12.0,7.0,60.0,2.0,4.0,10.0
"2026-04-28 20:28:16.765124","collector_002",21.2,43.2,178.0,19.5,12.0,7.0,60.0,2.0,4.0,10.0
"2026-04-28 20:33:18.372128","collector_002",21.1,41.8,175.0,19.4,11.9,7.0,60.0,2.0,4.0,10.0
"2026-04-28 20:38:20.02711","collector_002",21.1,41.8,175.0,19.4,11.9,7.0,60.0,2.0,4.0,10.0
"2026-04-28 20:43:21.829122","collector_002",20.7,42.9,1.0,19.3,11.9,7.0,59.0,2.0,4.0,10.0
"2026-04-28 20:48:23.3141","collector_002",20.8,42.0,1.0,19.3,11.9,7.0,59.0,2.0,4.0,10.0
"2026-04-28 20:53:24.824114","collector_002",20.6,43.6,1.0,19.2,11.9,7.0,59.0,2.0,4.0,10.0
"2026-04-28 20:58:26.080107","collector_002",20.5,44.2,1.0,19.2,11.7,7.0,59.0,2.0,4.0,10.0
"2026-04-28 21:03:27.401107","collector_002",19.8,43.4,1.0,19.1,11.7,7.0,59.0,2.0,4.0,10.0
"2026-04-28 21:08:28.773106","collector_002",19.8,43.2,1.0,18.9,11.7,7.0,59.0,2.0,4.0,10.0
"2026-04-28 21:13:30.160114","collector_002",19.6,44.7,1.0,18.9,11.6,7.0,59.0,2.0,4.0,10.0
"2026-04-28 21:18:31.38811","collector_002",19.2,43.7,1.0,18.8,11.6,7.0,59.0,2.0,4.0,10.0
"2026-04-28 21:23:32.469731","collector_002",19.4,43.5,1.0,18.6,11.6,7.0,59.0,2.0,4.0,10.0
"2026-04-28 21:28:33.55472","collector_002",19.7,43.0,1.0,18.6,11.6,7.0,59.0,2.0,4.0,10.0
"2026-04-28 21:33:34.83672","collector_002",19.8,42.5,1.0,18.5,11.6,7.0,59.0,2.0,4.0,10.0
"2026-04-28 21:38:35.944711","collector_002",19.7,42.7,1.0,18.5,11.6,7.0,59.0,2.0,4.0,10.0
"2026-04-28 21:43:36.997711","collector_002",19.6,42.6,1.0,18.4,11.6,7.0,59.0,2.0,4.0,10.0
"2026-04-28 21:48:38.253726","collector_002",19.7,43.2,1.0,18.4,11.6,6.9,59.0,2.0,4.0,10.0
"2026-04-28 21:53:39.646827","collector_002",19.8,42.5,1.0,18.3,11.6,6.9,59.0,2.0,4.0,10.0
"2026-04-28 21:58:40.844711","collector_002",19.7,42.6,1.0,18.3,11.6,6.9,59.0,2.0,4.0,10.0
"2026-04-28 22:03:42.024706","collector_002",19.5,43.6,1.0,18.3,11.6,6.9,59.0,2.0,4.0,10.0
"2026-04-28 22:08:43.239733","collector_002",19.5,42.9,1.0,18.3,11.6,6.9,58.0,2.0,4.0,9.0
"2026-04-28 22:13:44.465733","collector_002",19.6,42.3,1.0,18.2,11.6,6.9,58.0,2.0,4.0,9.0
"2026-04-28 22:18:45.865712","collector_002",19.6,45.1,1.0,18.2,11.6,6.9,58.0,2.0,4.0,9.0
"2026-04-28 22:23:47.183716","collector_002",19.5,44.4,1.0,18.2,11.6,6.9,58.0,2.0,4.0,9.0
"2026-04-28 22:28:48.355724","collector_002",19.6,42.3,1.0,18.1,11.6,6.9,58.0,2.0,4.0,9.0
"2026-04-28 22:33:49.631711","collector_002",19.5,43.7,1.0,18.1,11.6,6.9,58.0,2.0,4.0,9.0
"2026-04-28 22:38:50.915711","collector_002",19.5,43.8,1.0,18.1,11.4,6.9,58.0,2.0,4.0,9.0
"2026-04-28 22:43:52.07172","collector_002",19.4,43.0,1.0,18.0,11.6,6.9,58.0,2.0,4.0,9.0
"2026-04-28 22:48:53.277747","collector_002",19.5,42.9,1.0,18.0,11.6,6.9,58.0,2.0,4.0,9.0
"2026-04-28 22:53:54.44171","collector_002",19.5,42.5,1.0,18.0,11.6,6.9,58.0,2.0,4.0,9.0
"2026-04-28 22:58:55.600712","collector_002",19.6,42.5,0.0,18.0,11.4,6.9,58.0,2.0,4.0,9.0
"2026-04-28 23:03:56.703711","collector_002",19.6,42.7,0.0,17.9,11.6,6.9,58.0,2.0,4.0,9.0
"2026-04-28 23:08:57.86071","collector_002",19.5,43.2,0.0,17.9,11.6,6.9,58.0,2.0,4.0,9.0
"2026-04-28 23:13:58.96371","collector_002",19.6,43.0,0.0,17.9,11.6,6.9,58.0,2.0,4.0,9.0
"2026-04-28 23:19:00.119716","collector_002",19.6,42.6,0.0,17.9,11.6,6.9,58.0,2.0,4.0,9.0
"2026-04-28 23:24:01.16571","collector_002",19.8,42.6,0.0,17.9,11.6,6.9,58.0,2.0,4.0,9.0
"2026-04-28 23:29:02.208711","collector_002",19.8,42.4,0.0,17.9,11.6,6.9,58.0,2.0,4.0,9.0
"2026-04-28 23:34:03.330234","collector_002",19.9,42.6,0.0,17.9,11.6,6.9,58.0,2.0,4.0,9.0
"2026-04-28 23:39:04.283716","collector_002",19.9,42.4,0.0,17.9,11.6,6.9,59.0,2.0,4.0,10.0
"2026-04-28 23:44:05.324712","collector_002",19.9,42.9,0.0,17.9,11.6,6.9,59.0,2.0,4.0,10.0
"2026-04-28 23:49:06.588716","collector_002",19.8,42.9,0.0,17.9,11.4,6.9,59.0,2.0,4.0,10.0
"2026-04-28 23:54:07.61472","collector_002",19.6,42.9,0.0,17.8,11.6,6.9,59.0,2.0,4.0,10.0
"2026-04-28 23:59:08.697711","collector_002",19.6,43.2,0.0,17.8,11.4,6.9,59.0,2.0,4.0,10.0
"2026-04-29 00:04:09.689711","collector_002",19.6,43.1,0.0,17.8,11.4,6.9,59.0,2.0,4.0,10.0
"2026-04-29 00:09:10.981702","collector_002",19.3,44.0,0.0,17.7,11.4,6.9,58.0,2.0,4.0,9.0
"2026-04-29 00:14:12.143726","collector_002",19.0,44.3,0.0,17.7,11.4,6.9,58.0,2.0,4.0,9.0
"2026-04-29 00:19:14.48879","collector_002",19.1,43.7,0.0,17.6,11.3,6.9,58.0,2.0,4.0,9.0
"2026-04-29 00:24:15.447012","collector_002",19.4,43.1,0.0,17.6,11.3,6.9,58.0,2.0,4.0,9.0
"2026-04-29 00:29:16.548984","collector_002",19.5,43.4,0.0,17.5,11.3,6.9,58.0,2.0,4.0,9.0
"2026-04-29 00:34:17.60601","collector_002",19.3,43.8,0.0,17.5,11.3,6.9,58.0,2.0,4.0,9.0
"2026-04-29 00:39:18.862977","collector_002",19.2,43.9,0.0,17.5,11.3,6.9,58.0,2.0,4.0,9.0
"2026-04-29 00:44:19.930992","collector_002",19.2,43.9,0.0,17.5,11.3,6.9,58.0,2.0,4.0,9.0
"2026-04-29 00:49:21.135972","collector_002",19.0,44.1,0.0,17.4,11.3,6.9,58.0,2.0,4.0,9.0
"2026-04-29 00:54:22.288984","collector_002",19.4,43.3,0.0,17.4,11.3,6.9,58.0,2.0,4.0,9.0
"2026-04-29 00:59:23.443999","collector_002",19.0,44.4,0.0,17.4,11.2,6.9,58.0,2.0,4.0,9.0
"2026-04-29 01:04:24.532978","collector_002",19.0,45.8,0.0,17.3,11.2,6.9,58.0,2.0,4.0,9.0
"2026-04-29 01:09:25.753015","collector_002",18.8,45.0,0.0,17.3,11.2,6.9,58.0,2.0,4.0,9.0
"2026-04-29 01:14:26.82198","collector_002",18.7,45.1,0.0,17.3,11.2,6.9,58.0,2.0,4.0,9.0
"2026-04-29 01:19:28.20298","collector_002",18.5,45.5,0.0,17.2,11.2,6.9,58.0,2.0,4.0,9.0
"2026-04-29 01:24:29.318977","collector_002",18.8,44.5,0.0,17.2,11.2,6.9,58.0,2.0,4.0,9.0
"2026-04-29 01:29:30.314978","collector_002",19.0,44.7,0.0,17.2,11.2,6.9,58.0,2.0,4.0,9.0
"2026-04-29 01:34:31.323998","collector_002",19.1,44.9,0.0,17.1,11.2,6.9,58.0,2.0,4.0,9.0
"2026-04-29 01:39:32.315982","collector_002",18.9,45.0,0.0,17.1,11.2,6.9,58.0,2.0,4.0,9.0
"2026-04-29 01:44:33.286999","collector_002",19.0,44.5,0.0,17.1,11.2,6.9,58.0,2.0,4.0,9.0
"2026-04-29 01:49:34.414977","collector_002",19.0,44.6,0.0,17.1,11.2,6.9,58.0,2.0,4.0,9.0
"2026-04-29 01:54:35.851991","collector_002",19.0,44.6,0.0,17.1,11.2,6.9,58.0,2.0,4.0,9.0
"2026-04-29 01:59:37.146999","collector_002",19.1,44.4,0.0,17.1,11.2,6.9,58.0,2.0,4.0,9.0
"2026-04-29 02:04:38.135982","collector_002",19.0,44.7,0.0,17.1,11.2,6.9,58.0,2.0,4.0,9.0
"2026-04-29 02:09:39.236975","collector_002",19.1,44.3,0.0,17.1,11.2,6.9,58.0,2.0,4.0,9.0
"2026-04-29 02:14:40.397977","collector_002",19.0,44.9,0.0,17.1,11.2,6.9,58.0,2.0,4.0,9.0
"2026-04-29 02:19:41.713978","collector_002",19.1,44.5,0.0,17.1,11.2,6.9,58.0,2.0,4.0,9.0
"2026-04-29 02:24:42.91601","collector_002",19.1,44.2,0.0,17.1,11.2,6.9,58.0,2.0,4.0,9.0
"2026-04-29 02:29:44.206976","collector_002",19.1,44.4,0.0,17.1,11.2,6.9,58.0,2.0,4.0,9.0
"2026-04-29 02:34:45.485977","collector_002",19.1,44.6,0.0,17.1,11.2,6.9,58.0,2.0,4.0,9.0
"2026-04-29 02:39:46.856986","collector_002",18.5,45.8,0.0,17.1,11.2,6.9,58.0,2.0,4.0,9.0
"2026-04-29 02:44:47.904977","collector_002",18.5,45.9,0.0,17.0,11.0,6.8,58.0,2.0,4.0,9.0
"2026-04-29 02:49:49.083973","collector_002",18.6,45.7,0.0,17.0,11.0,6.8,58.0,2.0,4.0,9.0
"2026-04-29 02:54:50.91598","collector_002",18.7,45.1,0.0,16.9,11.0,6.8,58.0,2.0,4.0,9.0
"2026-04-29 02:59:52.285982","collector_002",18.8,45.4,0.0,16.9,11.0,6.8,58.0,2.0,4.0,9.0
"2026-04-29 03:04:53.488978","collector_002",18.9,44.9,0.0,16.9,11.0,6.8,58.0,2.0,4.0,9.0
"2026-04-29 03:09:54.534986","collector_002",18.9,44.9,0.0,16.9,11.0,6.8,58.0,2.0,4.0,9.0
"2026-04-29 03:14:55.535988","collector_002",18.7,45.6,0.0,16.9,11.0,6.8,58.0,2.0,4.0,9.0
"2026-04-29 03:19:56.785977","collector_002",18.9,45.2,0.0,16.9,11.0,6.8,58.0,2.0,4.0,9.0
"2026-04-29 03:24:58.141152","collector_002",19.0,44.7,0.0,16.9,11.0,6.8,58.0,2.0,4.0,9.0
"2026-04-29 03:29:59.447126","collector_002",18.8,47.4,0.0,16.9,11.0,6.8,58.0,2.0,4.0,9.0
"2026-04-29 03:35:00.624125","collector_002",18.8,45.2,0.0,16.9,11.0,6.8,58.0,2.0,4.0,9.0
"2026-04-29 03:40:01.776144","collector_002",18.8,45.4,0.0,16.9,11.0,6.8,58.0,2.0,4.0,9.0
"2026-04-29 03:45:02.774118","collector_002",18.8,45.2,0.0,16.9,11.0,6.8,58.0,2.0,4.0,9.0
"2026-04-29 03:50:03.747126","collector_002",18.8,45.4,0.0,16.9,11.0,6.8,58.0,2.0,4.0,9.0
"2026-04-29 03:55:04.841138","collector_002",18.5,46.1,0.0,16.9,11.0,6.8,58.0,2.0,4.0,9.0
"2026-04-29 04:00:05.900128","collector_002",18.8,45.0,0.0,16.8,11.0,6.8,58.0,2.0,4.0,9.0
"2026-04-29 04:05:07.113126","collector_002",18.8,45.4,0.0,16.8,11.0,6.8,58.0,2.0,4.0,9.0
"2026-04-29 04:10:08.175125","collector_002",18.8,45.1,0.0,16.8,11.0,6.8,58.0,2.0,4.0,9.0
"2026-04-29 04:15:09.287627","collector_002",18.9,44.8,0.0,16.8,11.0,6.8,58.0,2.0,4.0,9.0
"2026-04-29 04:20:10.40414","collector_002",18.8,45.6,0.0,16.8,11.0,6.8,58.0,2.0,4.0,9.0
"2026-04-29 04:25:11.619125","collector_002",18.8,45.4,0.0,16.8,11.0,6.8,58.0,2.0,4.0,9.0
"2026-04-29 04:30:12.59013","collector_002",18.9,45.1,1.0,16.8,11.0,6.8,58.0,2.0,4.0,9.0
"2026-04-29 04:35:14.034136","collector_002",18.9,45.0,1.0,16.7,11.0,6.8,58.0,2.0,4.0,9.0
"2026-04-29 04:40:15.26913","collector_002",18.9,44.9,1.0,16.8,11.0,6.8,58.0,2.0,4.0,9.0
"2026-04-29 04:45:16.644125","collector_002",18.9,45.5,1.0,16.8,11.0,6.8,58.0,2.0,4.0,9.0
"2026-04-29 04:50:18.453125","collector_002",18.7,45.6,1.0,16.8,11.0,6.8,58.0,2.0,4.0,9.0
"2026-04-29 04:55:20.076126","collector_002",18.8,45.1,1.0,16.7,11.0,6.8,58.0,2.0,4.0,9.0
"2026-04-29 05:00:21.569118","collector_002",18.8,45.4,1.0,16.7,11.0,6.8,58.0,2.0,4.0,9.0
"2026-04-29 05:05:22.797126","collector_002",18.7,45.9,1.0,16.7,11.0,6.8,58.0,2.0,4.0,9.0
"2026-04-29 05:10:23.952132","collector_002",18.7,45.6,1.0,16.7,11.0,6.8,58.0,2.0,4.0,9.0
"2026-04-29 05:15:25.252161","collector_002",18.6,45.7,2.0,16.7,11.0,6.8,58.0,2.0,4.0,9.0
"2026-04-29 05:20:26.700125","collector_002",18.6,46.0,3.0,16.7,11.0,6.8,58.0,2.0,4.0,9.0
"2026-04-29 05:25:28.042157","collector_002",18.4,46.0,7.0,16.6,11.0,6.8,58.0,2.0,4.0,9.0
"2026-04-29 05:30:29.614179","collector_002",18.4,46.2,16.0,16.6,10.9,6.8,58.0,2.0,4.0,9.0
"2026-04-29 05:35:31.235174","collector_002",18.5,45.9,32.0,16.5,10.9,6.8,58.0,2.0,4.0,9.0
"2026-04-29 05:40:32.915126","collector_002",18.6,45.6,51.0,16.5,11.0,6.8,58.0,2.0,4.0,9.0
"2026-04-29 05:45:34.557136","collector_002",18.7,45.5,82.0,16.5,11.0,6.8,58.0,2.0,4.0,9.0
"2026-04-29 05:50:36.518665","collector_002",18.7,45.6,127.0,16.5,11.0,6.8,58.0,2.0,4.0,9.0
"2026-04-29 05:55:38.267167","collector_002",18.7,45.8,169.0,16.5,11.0,6.8,58.0,2.0,4.0,9.0
"2026-04-29 06:00:40.043132","collector_002",18.8,45.4,202.0,16.5,11.0,6.8,58.0,2.0,4.0,9.0
"2026-04-29 06:05:41.879124","collector_002",18.8,45.4,235.0,16.5,11.0,6.8,58.0,2.0,4.0,9.0
"2026-04-29 06:10:43.567648","collector_002",18.9,45.2,297.0,16.5,11.0,6.8,58.0,2.0,4.0,9.0
"2026-04-29 06:15:45.224166","collector_002",19.0,45.0,386.0,16.5,11.0,6.8,58.0,2.0,4.0,9.0
"2026-04-29 06:20:46.969151","collector_002",19.1,44.9,465.0,16.5,11.0,6.8,58.0,2.0,4.0,9.0
"2026-04-29 06:25:48.490753","collector_002",19.1,44.8,528.0,16.5,11.0,6.8,58.0,2.0,4.0,9.0
"2026-04-29 06:30:49.98375","collector_002",19.2,44.8,608.0,16.5,11.0,6.8,58.0,2.0,4.0,9.0
"2026-04-29 06:35:51.471792","collector_002",19.2,45.2,696.0,16.6,11.0,6.8,58.0,2.0,4.0,9.0
"2026-04-29 06:40:53.319769","collector_002",19.2,45.2,741.0,16.6,11.0,6.8,58.0,2.0,4.0,9.0
"2026-04-29 06:45:55.070751","collector_002",19.3,45.0,787.0,16.6,11.0,6.8,58.0,2.0,4.0,9.0
"2026-04-29 06:50:56.91375","collector_002",19.4,44.9,862.0,16.6,11.0,6.8,58.0,2.0,4.0,9.0
"2026-04-29 06:55:58.739751","collector_002",19.4,44.9,905.0,16.6,11.0,6.8,58.0,2.0,4.0,9.0
"2026-04-29 07:01:00.669751","collector_002",19.5,44.6,930.0,16.7,11.0,6.8,58.0,2.0,4.0,9.0
"2026-04-29 07:06:02.315771","collector_002",19.5,44.6,919.0,16.7,11.0,6.8,58.0,2.0,4.0,9.0
"2026-04-29 07:11:04.095755","collector_002",19.5,45.3,960.0,16.7,11.0,6.8,58.0,2.0,4.0,9.0
"2026-04-29 07:16:05.634759","collector_002",19.6,44.4,967.0,16.8,11.0,6.8,59.0,2.0,4.0,10.0
"2026-04-29 07:21:07.453785","collector_002",19.6,44.9,1102.0,16.8,11.0,6.8,59.0,2.0,4.0,10.0
"2026-04-29 07:26:08.993755","collector_002",19.7,44.2,1125.0,16.8,11.0,6.8,59.0,2.0,4.0,10.0
"2026-04-29 07:31:10.565788","collector_002",19.7,44.4,1132.0,16.9,11.0,6.8,59.0,2.0,4.0,10.0
"2026-04-29 07:36:11.981763","collector_002",19.8,44.2,1186.0,16.9,11.0,6.8,59.0,2.0,4.0,10.0
"2026-04-29 07:41:13.231788","collector_002",19.7,44.9,1148.0,16.9,11.0,6.8,59.0,2.0,4.0,10.0
"2026-04-29 07:46:14.446745","collector_002",19.8,43.9,1253.0,16.9,11.0,6.8,59.0,2.0,4.0,10.0
"2026-04-29 07:51:15.667751","collector_002",19.9,44.7,1284.0,17.0,11.0,6.8,59.0,2.0,4.0,10.0
"2026-04-29 07:56:17.151787","collector_002",19.9,44.9,1318.0,17.0,11.0,6.8,59.0,2.0,4.0,10.0
"2026-04-29 08:01:18.37275","collector_002",20.0,44.9,1286.0,17.0,11.0,6.8,59.0,2.0,4.0,10.0
"2026-04-29 08:06:19.840773","collector_002",19.9,44.7,1340.0,17.0,11.0,6.8,59.0,2.0,4.0,10.0
"2026-04-29 08:11:21.38183","collector_002",20.0,46.7,1411.0,17.1,11.0,6.8,59.0,2.0,4.0,10.0
"2026-04-29 08:16:22.803774","collector_002",20.1,45.3,1408.0,17.1,11.0,6.8,59.0,2.0,4.0,10.0
"2026-04-29 08:21:24.254791","collector_002",20.0,45.2,1491.0,17.1,11.0,6.8,59.0,2.0,4.0,10.0
"2026-04-29 08:26:25.931757","collector_002",19.5,43.6,1507.0,17.2,11.0,6.8,59.0,2.0,4.0,10.0
"2026-04-29 08:31:27.58875","collector_002",19.2,46.2,1484.0,17.1,11.0,6.8,59.0,2.0,4.0,10.0
"2026-04-29 08:36:29.213759","collector_002",19.4,44.4,1448.0,17.1,11.0,6.8,59.0,2.0,4.0,10.0
"2026-04-29 08:41:30.87978","collector_002",19.6,45.2,1508.0,17.1,11.0,6.8,59.0,2.0,4.0,10.0
"2026-04-29 08:46:32.529749","collector_002",19.8,44.3,1463.0,17.1,11.0,6.8,59.0,2.0,4.0,10.0
"2026-04-29 08:51:34.372751","collector_002",19.9,43.6,1513.0,17.1,11.0,6.8,59.0,2.0,4.0,10.0
"2026-04-29 08:56:35.78782","collector_002",19.6,42.3,1445.0,17.1,11.0,6.8,59.0,2.0,4.0,10.0
"2026-04-29 09:01:37.227761","collector_002",19.7,43.1,1432.0,17.2,11.0,6.8,59.0,2.0,4.0,10.0
"2026-04-29 09:06:38.67375","collector_002",20.0,41.8,1435.0,17.2,11.0,6.8,59.0,2.0,4.0,10.0
"2026-04-29 09:11:40.327757","collector_002",20.0,44.7,1362.0,17.2,11.0,6.8,59.0,2.0,4.0,10.0
"2026-04-29 09:16:41.67575","collector_002",20.0,41.6,1361.0,17.2,11.0,6.8,60.0,2.0,4.0,10.0
"2026-04-29 09:21:43.081866","collector_002",20.1,41.3,1370.0,17.2,11.0,6.8,60.0,2.0,4.0,10.0
"2026-04-29 09:26:44.560879","collector_002",19.7,41.4,1334.0,17.2,11.0,6.8,60.0,2.0,4.0,10.0
"2026-04-29 09:31:46.031861","collector_002",19.6,41.9,1211.0,17.2,11.0,6.8,60.0,2.0,4.0,10.0
"2026-04-29 09:36:47.682867","collector_002",19.7,43.0,1160.0,17.2,11.0,6.8,60.0,2.0,4.0,10.0
"2026-04-29 09:41:49.336867","collector_002",19.7,42.9,1163.0,17.2,11.0,6.8,60.0,2.0,4.0,10.0
"2026-04-29 09:46:51.031893","collector_002",19.8,42.1,1182.0,17.2,11.0,6.8,60.0,2.0,4.0,10.0
"2026-04-29 09:51:52.502904","collector_002",19.7,42.0,1084.0,17.2,11.0,6.8,60.0,2.0,4.0,10.0
"2026-04-29 09:56:53.872864","collector_002",19.8,42.5,1143.0,17.2,11.0,6.8,60.0,2.0,4.0,10.0
"2026-04-29 10:01:55.344867","collector_002",19.8,41.1,1098.0,17.2,11.0,6.8,60.0,2.0,4.0,10.0
"2026-04-29 10:06:56.963866","collector_002",19.9,42.0,1088.0,17.2,11.0,6.8,60.0,2.0,4.0,10.0
"2026-04-29 10:11:58.464869","collector_002",20.1,41.5,1100.0,17.3,11.0,6.8,60.0,2.0,4.0,10.0
"2026-04-29 10:16:59.933889","collector_002",20.0,44.0,1086.0,17.3,11.0,6.8,60.0,2.0,4.0,10.0
"2026-04-29 10:22:01.346505","collector_002",19.7,42.1,1076.0,17.3,11.0,6.8,60.0,2.0,4.0,10.0
"2026-04-29 10:27:03.002861","collector_002",19.8,40.8,1072.0,17.3,11.0,6.8,60.0,2.0,4.0,10.0
"2026-04-29 10:32:04.717918","collector_002",20.1,41.0,1073.0,17.3,11.0,6.8,60.0,2.0,4.0,10.0
"2026-04-29 10:37:06.157869","collector_002",20.3,41.0,1204.0,17.4,11.0,6.8,60.0,2.0,4.0,10.0
"2026-04-29 10:42:08.641885","collector_002",20.2,40.9,1155.0,17.4,11.0,6.8,60.0,2.0,4.0,10.0
"2026-04-29 10:47:10.529395","collector_002",20.4,40.5,1141.0,17.4,11.0,6.8,60.0,2.0,4.0,10.0
"2026-04-29 10:52:12.141885","collector_002",20.7,41.8,1281.0,17.5,11.0,6.8,60.0,2.0,4.0,10.0
"2026-04-29 10:57:14.493867","collector_002",20.8,41.0,1145.0,17.6,11.2,6.8,60.0,2.0,4.0,10.0
"2026-04-29 11:02:16.282879","collector_002",21.0,41.3,1146.0,17.7,11.2,6.8,60.0,2.0,4.0,10.0
"2026-04-29 11:07:18.476895","collector_002",21.1,39.8,1178.0,17.8,11.2,6.8,60.0,2.0,4.0,10.0
"2026-04-29 11:12:20.734493","collector_002",21.2,39.8,1128.0,17.9,11.2,6.8,61.0,2.0,4.0,10.0
"2026-04-29 11:17:23.298866","collector_002",21.3,39.3,1164.0,17.9,11.2,6.8,61.0,2.0,4.0,10.0
"2026-04-29 11:22:25.463991","collector_002",21.1,38.6,1189.0,18.0,11.2,6.8,61.0,2.0,4.0,10.0
"2026-04-29 11:27:27.764865","collector_002",21.2,39.9,1311.0,18.1,11.2,6.8,61.0,2.0,4.0,10.0
"2026-04-29 11:32:31.703904","collector_002",21.3,39.1,1210.0,18.1,11.2,6.8,61.0,2.0,4.0,10.0
"2026-04-29 11:37:34.173866","collector_002",21.5,39.0,1413.0,18.2,11.2,6.8,61.0,2.0,4.0,10.0
"2026-04-29 11:42:36.253903","collector_002",21.6,38.6,1628.0,18.3,11.3,6.8,61.0,2.0,4.0,10.0
"2026-04-29 11:47:38.554865","collector_002",21.7,37.9,1802.0,18.3,11.3,6.8,62.0,2.0,4.0,10.0
"2026-04-29 11:52:40.691866","collector_002",21.7,38.4,1369.0,18.4,11.2,6.8,62.0,2.0,4.0,10.0
"2026-04-29 11:57:43.027877","collector_002",21.3,37.5,1260.0,18.4,11.3,6.8,62.0,2.0,4.0,10.0
"2026-04-29 12:02:45.930869","collector_002",21.4,36.8,1223.0,18.4,11.3,6.8,62.0,2.0,4.0,10.0
"2026-04-29 12:07:49.241866","collector_002",21.2,35.7,1327.0,18.5,11.2,6.8,62.0,2.0,4.0,10.0
"2026-04-29 12:18:32.005898","collector_002",21.0,35.4,1312.0,18.4,11.2,6.8,62.0,2.0,4.0,10.0
"2026-04-29 12:27:03.858597","collector_002",21.1,36.4,1482.0,18.4,11.2,6.8,62.0,2.0,4.0,10.0
"2026-04-29 12:33:59.650597","collector_002",21.1,34.0,1346.0,18.4,11.2,6.8,62.0,2.0,4.0,10.0
"2026-04-29 12:40:00.484598","collector_002",20.8,34.6,1330.0,18.4,11.2,6.8,62.0,2.0,4.0,10.0
"2026-04-29 12:45:34.420634","collector_002",21.2,34.2,1338.0,18.4,11.2,6.8,62.0,2.0,4.0,10.0
"2026-04-29 12:52:39.923637","collector_002",21.0,33.6,1353.0,18.4,11.2,6.8,62.0,2.0,4.0,10.0
"2026-04-29 12:57:43.637604","collector_002",21.0,32.3,1312.0,18.4,11.2,6.8,62.0,2.0,4.0,10.0
"2026-04-29 13:02:46.352597","collector_002",20.8,33.8,1130.0,18.4,11.2,6.8,62.0,2.0,4.0,10.0
"2026-04-29 13:07:48.510592","collector_002",20.8,35.0,1210.0,18.4,11.2,6.8,62.0,2.0,4.0,10.0
"2026-04-29 13:12:50.211608","collector_002",20.8,30.9,1153.0,18.4,11.0,6.8,62.0,2.0,4.0,10.0
"2026-04-29 13:17:51.865633","collector_002",21.1,32.4,1159.0,18.4,11.2,6.8,62.0,2.0,4.0,10.0
"2026-04-29 13:22:53.113604","collector_002",21.1,32.6,1102.0,18.4,11.2,6.8,62.0,2.0,4.0,10.0
"2026-04-29 13:27:54.366628","collector_002",21.0,30.3,1198.0,18.4,11.2,6.8,62.0,2.0,4.0,10.0
"2026-04-29 13:32:55.846657","collector_002",21.2,34.2,1212.0,18.4,11.2,6.8,62.0,2.0,4.0,10.0
"2026-04-29 13:37:57.145623","collector_002",21.3,33.7,1273.0,18.4,11.2,6.8,62.0,2.0,4.0,10.0
"2026-04-29 13:42:58.516597","collector_002",21.2,30.1,1272.0,18.4,11.2,6.8,62.0,2.0,4.0,10.0
"2026-04-29 13:47:59.710618","collector_002",21.1,29.0,1229.0,18.5,11.0,6.8,62.0,2.0,4.0,10.0
"2026-04-29 13:53:01.090604","collector_002",21.1,29.7,1303.0,18.5,11.2,6.8,62.0,2.0,4.0,10.0
"2026-04-29 13:58:02.533614","collector_002",21.3,30.2,1303.0,18.5,11.2,6.8,62.0,2.0,4.0,10.0
"2026-04-29 14:03:03.970604","collector_002",21.4,31.5,1211.0,18.5,11.2,6.8,62.0,2.0,4.0,10.0
"2026-04-29 14:08:05.848598","collector_002",21.4,29.5,1278.0,18.6,11.2,6.8,62.0,2.0,4.0,10.0
"2026-04-29 14:13:07.327598","collector_002",21.4,30.9,1302.0,18.6,11.0,6.8,62.0,2.0,4.0,10.0
"2026-04-29 14:18:08.880608","collector_002",21.5,30.2,1378.0,18.6,11.2,6.8,62.0,2.0,4.0,10.0
"2026-04-29 14:23:10.237597","collector_002",21.5,30.8,1265.0,18.6,11.2,6.8,62.0,2.0,4.0,10.0
"2026-04-29 14:28:11.857611","collector_002",21.5,31.8,1328.0,18.6,11.2,6.9,62.0,2.0,4.0,10.0
"2026-04-29 14:33:13.221639","collector_002",21.5,31.0,1366.0,18.6,11.2,6.9,62.0,2.0,4.0,10.0
"2026-04-29 14:38:14.725909","collector_002",21.5,32.8,1332.0,18.6,11.2,6.9,62.0,2.0,4.0,10.0
"2026-04-29 14:43:15.902109","collector_002",21.5,30.5,1335.0,18.7,11.2,6.9,62.0,2.0,4.0,10.0
"2026-04-29 14:48:17.200616","collector_002",21.5,31.0,1376.0,18.7,11.2,6.9,62.0,2.0,4.0,10.0
"2026-04-29 14:53:18.87461","collector_002",21.5,33.0,1418.0,18.7,11.2,6.9,62.0,2.0,4.0,10.0
"2026-04-29 14:58:20.501939","collector_002",21.7,34.1,1453.0,18.7,11.2,6.9,63.0,2.0,4.0,10.0
"2026-04-29 15:03:21.964721","collector_002",21.9,33.0,1464.0,18.8,11.2,6.9,63.0,2.0,4.0,10.0
"2026-04-29 15:08:23.4356","collector_002",21.8,32.6,1502.0,18.8,11.2,6.9,63.0,2.0,4.0,10.0
"2026-04-29 15:13:24.711598","collector_002",22.0,35.1,1448.0,18.8,11.2,6.8,63.0,2.0,4.0,10.0
"2026-04-29 15:18:26.149631","collector_002",22.1,31.6,1471.0,18.9,11.2,6.9,63.0,2.0,4.0,10.0
"2026-04-29 15:23:27.377676","collector_002",22.0,31.6,1498.0,18.9,11.2,6.9,63.0,2.0,4.0,10.0
"2026-04-29 15:28:28.697276","collector_002",22.1,33.9,1513.0,18.9,11.2,6.9,63.0,2.0,4.0,10.0
"2026-04-29 15:33:29.969177","collector_002",22.0,33.4,1393.0,19.0,11.3,6.9,63.0,2.0,4.0,10.0
"2026-04-29 15:38:31.628176","collector_002",22.0,32.4,1492.0,19.0,11.3,6.9,63.0,2.0,4.0,10.0
"2026-04-29 15:43:32.789186","collector_002",22.1,34.0,1450.0,19.0,11.2,6.9,63.0,2.0,4.0,10.0
"2026-04-29 15:48:34.431177","collector_002",22.2,34.7,1431.0,19.1,11.3,6.9,63.0,2.0,4.0,10.0
"2026-04-29 15:53:35.602264","collector_002",22.2,34.4,1360.0,19.1,11.3,6.9,63.0,2.0,4.0,10.0
"2026-04-29 15:58:36.82717","collector_002",22.2,32.9,1404.0,19.2,11.2,6.9,63.0,2.0,4.0,10.0
"2026-04-29 16:03:38.131178","collector_002",22.1,32.2,1353.0,19.2,11.2,6.9,63.0,2.0,4.0,10.0
"2026-04-29 16:08:39.449172","collector_002",21.8,29.0,1339.0,19.2,11.3,6.9,63.0,2.0,4.0,10.0
"2026-04-29 16:13:40.486211","collector_002",21.9,28.5,1313.0,19.2,11.2,6.9,63.0,2.0,4.0,10.0
"2026-04-29 16:18:41.700233","collector_002",21.9,31.8,1202.0,19.2,11.3,6.9,64.0,2.0,4.0,10.0
"2026-04-29 16:23:42.942182","collector_002",21.9,32.3,1068.0,19.2,11.2,6.9,64.0,2.0,4.0,10.0
"2026-04-29 16:28:44.266184","collector_002",22.0,33.2,1371.0,19.2,11.2,6.9,64.0,2.0,4.0,10.0
"2026-04-29 16:33:45.762178","collector_002",22.0,29.1,1288.0,19.3,11.2,6.9,64.0,2.0,4.0,10.0
"2026-04-29 16:38:46.949178","collector_002",22.0,30.6,1320.0,19.3,11.2,6.9,64.0,2.0,4.0,10.0
"2026-04-29 16:43:48.240177","collector_002",22.2,33.5,1370.0,19.3,11.2,6.9,64.0,2.0,4.0,10.0
"2026-04-29 16:48:49.840177","collector_002",22.2,29.8,1322.0,19.3,11.2,6.9,64.0,2.0,4.0,10.0
"2026-04-29 16:53:51.578192","collector_002",22.3,34.2,1193.0,19.3,11.2,6.9,64.0,2.0,4.0,10.0
"2026-04-29 16:58:53.105192","collector_002",22.3,34.5,1211.0,19.4,11.3,6.9,64.0,2.0,4.0,10.0
"2026-04-29 17:03:54.310184","collector_002",22.2,33.7,1218.0,19.4,11.3,6.9,64.0,2.0,4.0,10.0
"2026-04-29 17:08:55.739182","collector_002",21.9,33.3,1177.0,19.4,11.2,6.9,64.0,2.0,4.0,10.0
"2026-04-29 17:13:57.265187","collector_002",21.8,33.8,1098.0,19.4,11.2,6.9,64.0,2.0,4.0,10.0
"2026-04-29 17:18:58.77318","collector_002",21.6,33.3,1033.0,19.4,11.2,6.9,64.0,2.0,4.0,10.0
"2026-04-29 17:23:59.86818","collector_002",21.8,32.6,1114.0,19.4,11.2,6.9,64.0,2.0,4.0,10.0
"2026-04-29 17:29:01.329172","collector_002",21.9,34.1,1091.0,19.4,11.2,6.9,64.0,2.0,4.0,10.0
"2026-04-29 17:34:02.542176","collector_002",21.8,34.1,982.0,19.4,11.2,6.9,64.0,2.0,4.0,10.0
"2026-04-29 17:39:03.718192","collector_002",21.8,35.2,975.0,19.4,11.2,6.9,64.0,2.0,4.0,10.0
"2026-04-29 17:44:04.920177","collector_002",21.5,34.2,932.0,19.4,11.2,6.9,64.0,2.0,4.0,10.0
"2026-04-29 17:49:06.224212","collector_002",21.5,33.8,857.0,19.4,11.2,6.9,64.0,2.0,4.0,10.0
"2026-04-29 17:54:08.119177","collector_002",21.6,32.5,788.0,19.3,11.2,6.9,64.0,2.0,4.0,10.0
"2026-04-29 17:59:09.787176","collector_002",21.4,34.7,755.0,19.3,11.2,6.9,64.0,2.0,4.0,10.0
"2026-04-29 18:04:11.471177","collector_002",21.4,33.7,703.0,19.3,11.2,6.9,64.0,2.0,4.0,10.0
"2026-04-29 18:09:13.220216","collector_002",20.9,32.8,627.0,19.3,11.0,6.9,64.0,2.0,4.0,10.0
"2026-04-29 18:14:14.651227","collector_002",21.0,33.5,546.0,19.3,11.0,6.9,64.0,2.0,4.0,10.0
"2026-04-29 18:19:16.33318","collector_002",21.0,33.0,445.0,19.2,11.0,6.9,64.0,2.0,4.0,10.0
"2026-04-29 18:24:17.960759","collector_002",20.6,34.1,382.0,19.2,11.0,6.9,63.0,2.0,4.0,10.0
"2026-04-29 18:29:19.9288","collector_002",20.8,34.5,347.0,19.1,11.0,6.9,63.0,2.0,4.0,10.0
"2026-04-29 18:34:21.700757","collector_002",20.7,33.8,315.0,19.0,11.0,6.9,63.0,2.0,4.0,10.0
"2026-04-29 18:39:23.327771","collector_002",20.6,33.5,258.0,19.0,11.0,6.9,63.0,2.0,4.0,10.0
"2026-04-29 18:44:25.478755","collector_002",20.7,33.9,208.0,19.0,11.0,6.9,63.0,2.0,4.0,10.0
"2026-04-29 18:49:27.266767","collector_002",20.5,33.8,188.0,18.9,11.0,6.9,63.0,2.0,4.0,10.0
"2026-04-29 18:54:30.860756","collector_002",20.3,33.7,131.0,18.9,11.0,6.9,63.0,2.0,4.0,10.0
"2026-04-29 18:59:32.98479","collector_002",20.1,33.3,97.0,18.9,11.0,6.9,63.0,2.0,4.0,10.0
"2026-04-29 19:04:34.992757","collector_002",19.9,34.3,67.0,18.8,10.9,6.9,63.0,2.0,4.0,10.0
"2026-04-29 19:09:36.837755","collector_002",19.8,32.8,43.0,18.7,10.9,6.9,63.0,2.0,4.0,10.0
"2026-04-29 19:14:38.195756","collector_002",19.5,34.1,27.0,18.7,10.9,6.8,63.0,2.0,4.0,10.0
"2026-04-29 19:19:39.542765","collector_002",19.7,32.8,16.0,18.6,10.9,6.8,63.0,2.0,4.0,10.0
"2026-04-29 19:24:41.218821","collector_002",19.8,33.4,12.0,18.5,10.9,6.8,63.0,2.0,4.0,10.0
"2026-04-29 19:29:42.515301","collector_002",19.7,33.8,7.0,18.5,10.7,6.8,63.0,2.0,4.0,10.0
"2026-04-29 19:34:44.053757","collector_002",19.7,33.9,3.0,18.4,10.9,6.8,62.0,2.0,4.0,10.0
"2026-04-29 19:39:45.542763","collector_002",19.7,32.7,2.0,18.4,10.7,6.8,63.0,2.0,4.0,10.0
"2026-04-29 19:44:46.950756","collector_002",19.7,32.9,2.0,18.3,10.7,6.8,62.0,2.0,4.0,10.0
"2026-04-29 19:49:48.351759","collector_002",19.7,32.8,2.0,18.3,10.7,6.8,62.0,2.0,4.0,10.0
"2026-04-29 19:54:49.725756","collector_002",19.7,35.3,2.0,18.3,10.7,6.8,62.0,2.0,4.0,10.0
"2026-04-29 19:59:51.027779","collector_002",19.5,33.4,2.0,18.2,10.7,6.8,62.0,2.0,4.0,10.0
"2026-04-29 20:04:52.192773","collector_002",19.7,33.4,2.0,18.2,10.7,6.8,62.0,2.0,4.0,10.0
"2026-04-29 20:09:53.373751","collector_002",19.5,36.2,2.0,18.2,10.7,6.8,62.0,2.0,4.0,10.0
"2026-04-29 20:14:54.630756","collector_002",19.6,35.6,2.0,18.1,10.7,6.8,62.0,2.0,4.0,10.0
"2026-04-29 20:19:56.073761","collector_002",19.6,34.3,2.0,18.1,10.7,6.8,62.0,2.0,4.0,10.0
"2026-04-29 20:24:57.203761","collector_002",19.6,34.3,2.0,18.1,10.7,6.8,62.0,2.0,4.0,10.0
"2026-04-29 20:29:58.600763","collector_002",19.5,34.4,2.0,18.1,10.6,6.8,62.0,2.0,4.0,10.0
"2026-04-29 20:34:59.998756","collector_002",19.6,34.5,2.0,18.0,10.7,6.8,62.0,2.0,4.0,10.0
"2026-04-29 20:40:01.138763","collector_002",19.8,34.4,2.0,18.0,10.7,6.8,62.0,2.0,4.0,10.0
"2026-04-29 20:45:02.215767","collector_002",19.6,36.0,2.0,18.0,10.7,6.8,62.0,2.0,4.0,10.0
"2026-04-29 20:50:03.384761","collector_002",19.4,35.3,2.0,18.0,10.7,6.8,62.0,2.0,4.0,10.0
"2026-04-29 20:55:04.627755","collector_002",19.2,35.9,2.0,17.9,10.7,6.8,62.0,2.0,4.0,10.0
"2026-04-29 21:00:05.719757","collector_002",19.1,35.5,2.0,17.9,10.6,6.8,62.0,2.0,4.0,10.0
"2026-04-29 21:05:06.850763","collector_002",19.1,35.3,2.0,17.9,10.6,6.8,62.0,2.0,4.0,10.0
"2026-04-29 21:10:08.111779","collector_002",19.0,35.5,2.0,17.8,10.6,6.8,62.0,2.0,4.0,10.0
"2026-04-29 21:15:09.275765","collector_002",19.1,35.6,2.0,17.8,10.6,6.8,62.0,2.0,4.0,10.0
"2026-04-29 21:20:10.531797","collector_002",19.1,36.5,2.0,17.8,10.6,6.8,62.0,2.0,4.0,10.0
"2026-04-29 21:25:11.745541","collector_002",19.2,35.5,2.0,17.7,10.6,6.8,62.0,2.0,4.0,10.0
"2026-04-29 21:30:13.159545","collector_002",19.3,35.4,2.0,17.7,10.6,6.8,62.0,2.0,4.0,10.0
"2026-04-29 21:35:14.721541","collector_002",19.4,35.9,2.0,17.7,10.6,6.8,62.0,2.0,4.0,10.0
"2026-04-29 21:40:16.133551","collector_002",19.4,35.3,2.0,17.7,10.6,6.8,62.0,2.0,4.0,10.0
"2026-04-29 21:45:17.700572","collector_002",19.5,35.8,2.0,17.7,10.6,6.8,62.0,2.0,4.0,10.0
"2026-04-29 21:50:19.047543","collector_002",19.5,35.2,2.0,17.7,10.5,6.8,62.0,2.0,4.0,10.0
"2026-04-29 21:55:20.412537","collector_002",19.6,35.2,2.0,17.7,10.6,6.8,62.0,2.0,4.0,10.0
"2026-04-29 22:00:21.764534","collector_002",19.7,34.9,2.0,17.7,10.6,6.8,62.0,2.0,4.0,10.0
"2026-04-29 22:05:22.948539","collector_002",19.8,35.1,2.0,17.7,10.6,6.8,62.0,2.0,4.0,10.0
"2026-04-29 22:10:24.091674","collector_002",19.8,34.9,2.0,17.7,10.6,6.8,62.0,2.0,4.0,10.0
"2026-04-29 22:15:25.411539","collector_002",19.9,36.3,2.0,17.7,10.6,6.8,62.0,2.0,4.0,10.0
"2026-04-29 22:20:27.073541","collector_002",19.9,36.7,2.0,17.8,10.6,6.8,62.0,2.0,4.0,10.0
"2026-04-29 22:25:28.463534","collector_002",20.0,35.5,2.0,17.8,10.7,6.8,62.0,2.0,4.0,10.0
"2026-04-29 22:30:30.014541","collector_002",20.0,36.7,2.0,17.8,10.6,6.8,62.0,2.0,4.0,10.0
"2026-04-29 22:35:31.634562","collector_002",20.0,37.9,2.0,17.8,10.6,6.8,62.0,2.0,4.0,10.0
"2026-04-29 22:40:32.978575","collector_002",20.0,37.5,2.0,17.9,10.6,6.8,62.0,2.0,4.0,10.0
"2026-04-29 22:45:34.461551","collector_002",20.1,37.0,2.0,17.9,10.6,6.8,62.0,2.0,4.0,10.0
"2026-04-29 22:50:35.794534","collector_002",20.1,36.7,2.0,17.9,10.7,6.8,62.0,2.0,4.0,10.0
"2026-04-29 22:55:37.270535","collector_002",20.1,37.8,1.0,17.9,10.7,6.8,62.0,2.0,4.0,10.0
"2026-04-29 23:00:38.334534","collector_002",20.1,38.4,1.0,17.9,10.7,6.8,62.0,2.0,4.0,10.0
"2026-04-29 23:05:39.552539","collector_002",20.2,36.9,0.0,17.9,10.6,6.8,62.0,2.0,4.0,10.0
"2026-04-29 23:10:40.729533","collector_002",20.2,37.1,1.0,17.9,10.6,6.8,62.0,2.0,4.0,10.0
"2026-04-29 23:15:41.901545","collector_002",20.2,36.7,1.0,17.9,10.7,6.8,62.0,2.0,4.0,10.0
"2026-04-29 23:20:42.918534","collector_002",20.2,37.9,1.0,17.9,10.7,6.8,62.0,2.0,4.0,10.0
"2026-04-29 23:25:44.069543","collector_002",20.2,36.8,0.0,17.9,10.6,6.8,62.0,2.0,4.0,10.0
"2026-04-29 23:30:45.209645","collector_002",20.2,37.7,1.0,18.0,10.7,6.8,62.0,2.0,4.0,10.0
"2026-04-29 23:35:46.423543","collector_002",20.2,36.9,1.0,18.0,10.7,6.8,62.0,2.0,4.0,10.0
"2026-04-29 23:40:47.479539","collector_002",20.2,38.4,0.0,18.0,10.6,6.8,62.0,2.0,4.0,10.0
"2026-04-29 23:45:48.505535","collector_002",20.2,37.1,0.0,18.0,10.6,6.8,62.0,2.0,4.0,10.0
"2026-04-29 23:50:49.740537","collector_002",20.2,37.9,0.0,18.0,10.6,6.8,62.0,2.0,4.0,10.0
"2026-04-29 23:55:50.947567","collector_002",20.2,37.4,0.0,18.0,10.7,6.8,62.0,2.0,4.0,10.0
"2026-04-30 00:00:52.224553","collector_002",20.2,37.4,1.0,18.0,10.6,6.8,62.0,2.0,4.0,10.0
"2026-04-30 00:05:53.368534","collector_002",20.2,37.1,0.0,18.0,10.6,6.8,62.0,2.0,4.0,10.0
"2026-04-30 00:10:54.446534","collector_002",20.2,37.1,0.0,18.0,10.6,6.8,62.0,2.0,4.0,10.0
"2026-04-30 00:15:55.660572","collector_002",20.2,37.2,0.0,18.0,10.6,6.8,62.0,2.0,4.0,10.0
"2026-04-30 00:20:56.709545","collector_002",20.2,37.3,0.0,18.0,10.6,6.8,62.0,2.0,4.0,10.0
"2026-04-30 00:25:57.811016","collector_002",20.2,38.2,1.0,18.0,10.6,6.8,62.0,2.0,4.0,10.0
"2026-04-30 00:30:58.961017","collector_002",20.2,37.0,0.0,18.0,10.6,6.8,62.0,2.0,4.0,10.0
"2026-04-30 00:36:00.004047","collector_002",20.2,37.4,0.0,18.0,10.6,6.8,62.0,2.0,4.0,10.0
"2026-04-30 00:41:01.130015","collector_002",20.2,37.2,0.0,17.9,10.6,6.8,62.0,2.0,4.0,10.0
"2026-04-30 00:46:02.209012","collector_002",20.2,37.3,1.0,17.9,10.5,6.9,62.0,2.0,4.0,10.0
"2026-04-30 00:51:03.602016","collector_002",20.2,37.5,1.0,18.0,10.6,6.9,62.0,2.0,4.0,10.0
"2026-04-30 00:56:05.774017","collector_002",20.3,37.7,0.0,18.0,10.6,6.9,62.0,2.0,4.0,10.0
"2026-04-30 01:01:07.031028","collector_002",20.3,38.0,0.0,18.0,10.6,6.9,62.0,2.0,4.0,10.0
"2026-04-30 01:06:08.077123","collector_002",20.3,38.1,0.0,18.0,10.6,6.9,62.0,2.0,4.0,10.0
"2026-04-30 01:11:09.194031","collector_002",20.2,38.3,1.0,18.0,10.6,6.9,62.0,2.0,4.0,10.0
"2026-04-30 01:16:10.134022","collector_002",20.3,37.3,0.0,18.0,10.5,6.9,62.0,2.0,4.0,10.0
"2026-04-30 01:21:11.208017","collector_002",20.3,37.6,0.0,18.0,10.6,6.9,62.0,2.0,4.0,10.0
"2026-04-30 01:26:12.365055","collector_002",20.2,37.8,1.0,18.0,10.6,6.8,62.0,2.0,4.0,10.0
"2026-04-30 01:31:13.570017","collector_002",20.2,37.7,0.0,18.0,10.6,6.8,62.0,2.0,4.0,10.0
"2026-04-30 01:36:14.629018","collector_002",20.3,37.5,1.0,18.0,10.6,6.8,62.0,2.0,4.0,10.0
"2026-04-30 01:41:15.853017","collector_002",20.3,38.3,0.0,18.0,10.6,6.9,62.0,2.0,4.0,10.0
"2026-04-30 01:46:16.90201","collector_002",20.2,37.9,0.0,18.0,10.6,6.9,62.0,2.0,4.0,10.0
"2026-04-30 01:51:17.92005","collector_002",20.3,37.5,0.0,18.0,10.6,6.9,62.0,2.0,4.0,10.0
"2026-04-30 01:56:19.101017","collector_002",20.2,38.0,0.0,18.0,10.6,6.9,62.0,2.0,4.0,10.0
"2026-04-30 02:01:20.37602","collector_002",20.2,37.8,0.0,18.0,10.6,6.9,62.0,2.0,4.0,10.0
"2026-04-30 02:06:21.671012","collector_002",20.2,38.1,0.0,18.0,10.5,6.9,62.0,2.0,4.0,10.0
"2026-04-30 02:11:22.82408","collector_002",20.2,39.0,0.0,18.0,10.5,6.9,62.0,2.0,4.0,10.0
"2026-04-30 02:16:23.86801","collector_002",20.2,38.6,0.0,17.9,10.5,6.9,62.0,2.0,4.0,10.0
"2026-04-30 02:21:25.106024","collector_002",20.2,38.9,0.0,18.0,10.5,6.9,62.0,2.0,4.0,10.0
"2026-04-30 02:26:26.582026","collector_002",20.2,39.0,0.0,18.0,10.5,6.9,62.0,2.0,4.0,10.0
"2026-04-30 02:31:28.087026","collector_002",20.1,39.6,0.0,18.0,10.5,6.9,62.0,2.0,4.0,10.0
"2026-04-30 02:36:29.255016","collector_002",20.1,38.9,0.0,17.9,10.5,6.9,62.0,2.0,4.0,10.0
"2026-04-30 02:41:30.448036","collector_002",20.1,40.4,0.0,17.9,10.5,6.9,62.0,2.0,4.0,10.0
"2026-04-30 02:46:31.504018","collector_002",20.1,39.1,0.0,17.9,10.5,6.9,62.0,2.0,4.0,10.0
"2026-04-30 02:51:32.64605","collector_002",20.1,38.8,1.0,17.9,10.5,6.9,62.0,2.0,4.0,10.0
"2026-04-30 02:56:33.610018","collector_002",20.1,39.6,0.0,17.9,10.5,6.9,62.0,2.0,4.0,10.0
"2026-04-30 03:01:34.710022","collector_002",20.0,39.0,0.0,17.9,10.5,6.8,62.0,2.0,4.0,10.0
"2026-04-30 03:06:35.906055","collector_002",20.0,40.5,0.0,17.9,10.5,6.8,62.0,2.0,4.0,10.0
"2026-04-30 03:11:37.41403","collector_002",20.0,40.0,0.0,17.9,10.5,6.8,62.0,2.0,4.0,10.0
"2026-04-30 03:16:38.904018","collector_002",20.0,41.0,0.0,17.9,10.5,6.8,62.0,2.0,4.0,10.0
"2026-04-30 03:21:39.9485","collector_002",20.0,40.1,0.0,17.9,10.5,6.8,62.0,2.0,4.0,10.0
"2026-04-30 03:26:41.039996","collector_002",20.0,39.6,0.0,17.9,10.5,6.8,62.0,2.0,4.0,10.0
"2026-04-30 03:31:42.149976","collector_002",20.0,39.7,1.0,17.9,10.5,6.8,62.0,2.0,4.0,10.0
"2026-04-30 03:36:43.254977","collector_002",19.9,40.6,0.0,17.9,10.5,6.8,62.0,2.0,4.0,10.0
"2026-04-30 03:41:44.615986","collector_002",19.9,40.8,0.0,17.9,10.5,6.8,62.0,2.0,4.0,10.0
"2026-04-30 03:46:45.807972","collector_002",19.9,40.3,0.0,17.9,10.5,6.8,62.0,2.0,4.0,10.0
"2026-04-30 03:51:47.140975","collector_002",19.9,40.2,0.0,17.9,10.5,6.8,62.0,2.0,4.0,10.0
"2026-04-30 03:56:48.300976","collector_002",19.9,40.8,1.0,17.9,10.5,6.8,62.0,2.0,4.0,10.0
"2026-04-30 04:01:49.675977","collector_002",19.9,40.3,0.0,17.9,10.5,6.8,62.0,2.0,4.0,10.0
"2026-04-30 04:06:51.201984","collector_002",19.9,40.7,0.0,17.9,10.5,6.8,62.0,2.0,4.0,10.0
"2026-04-30 04:11:52.433977","collector_002",19.9,40.2,0.0,17.9,10.5,6.8,62.0,2.0,4.0,10.0
"2026-04-30 04:16:53.551978","collector_002",19.8,40.7,0.0,17.8,10.5,6.8,62.0,2.0,4.0,10.0
"2026-04-30 04:21:54.931977","collector_002",19.9,41.2,0.0,17.8,10.5,6.8,62.0,2.0,4.0,10.0
"2026-04-30 04:26:56.254978","collector_002",19.9,40.3,0.0,17.9,10.5,6.8,62.0,2.0,4.0,10.0
"2026-04-30 04:31:57.339976","collector_002",19.9,40.5,0.0,17.8,10.5,6.8,62.0,2.0,4.0,10.0
"2026-04-30 04:36:58.522982","collector_002",19.7,41.6,0.0,17.8,10.5,6.8,62.0,2.0,4.0,10.0
"2026-04-30 04:41:59.799986","collector_002",19.6,40.9,2.0,17.8,10.5,6.8,62.0,2.0,4.0,10.0
"2026-04-30 04:47:01.297988","collector_002",19.6,40.2,2.0,17.8,10.5,6.8,62.0,2.0,4.0,10.0
"2026-04-30 04:52:02.718978","collector_002",19.7,40.3,2.0,17.8,10.5,6.8,62.0,2.0,4.0,10.0
"2026-04-30 04:57:04.295982","collector_002",19.7,40.4,2.0,17.7,10.5,6.8,62.0,2.0,4.0,10.0
"2026-04-30 05:02:05.754978","collector_002",19.7,40.4,2.0,17.7,10.3,6.8,62.0,2.0,4.0,10.0
"2026-04-30 05:07:07.098012","collector_002",19.6,40.5,2.0,17.7,10.5,6.8,62.0,2.0,4.0,10.0
"2026-04-30 05:12:08.513984","collector_002",19.7,39.8,2.0,17.6,10.5,6.8,62.0,2.0,4.0,10.0
"2026-04-30 05:17:09.798006","collector_002",19.6,39.8,2.0,17.6,10.5,6.8,62.0,2.0,4.0,10.0
"2026-04-30 05:22:11.30999","collector_002",19.6,39.6,3.0,17.6,10.3,6.8,62.0,2.0,4.0,10.0
"2026-04-30 05:27:13.501977","collector_002",19.6,39.3,7.0,17.6,10.5,6.8,61.0,2.0,4.0,10.0
"2026-04-30 05:32:14.949994","collector_002",19.6,39.3,15.0,17.6,10.5,6.8,61.0,2.0,4.0,10.0
"2026-04-30 05:37:16.88598","collector_002",19.6,39.2,31.0,17.6,10.5,6.8,61.0,2.0,4.0,10.0
"2026-04-30 05:42:18.571008","collector_002",19.7,39.3,50.0,17.6,10.5,6.8,61.0,2.0,4.0,10.0
"2026-04-30 05:47:20.403977","collector_002",19.6,39.1,78.0,17.6,10.3,6.8,61.0,2.0,4.0,10.0
"2026-04-30 05:52:22.025002","collector_002",19.7,39.3,103.0,17.6,10.3,6.8,61.0,2.0,4.0,10.0
"2026-04-30 05:57:23.715012","collector_002",19.6,39.0,138.0,17.6,10.5,6.8,61.0,2.0,4.0,10.0
"2026-04-30 06:02:25.567037","collector_002",19.6,39.5,178.0,17.6,10.3,6.8,61.0,2.0,4.0,10.0
"2026-04-30 06:07:27.342977","collector_002",19.7,39.2,243.0,17.6,10.3,6.8,61.0,2.0,4.0,10.0
"2026-04-30 06:12:28.825017","collector_002",19.7,39.6,332.0,17.5,10.3,6.8,61.0,2.0,4.0,10.0
"2026-04-30 06:17:30.849978","collector_002",19.7,40.0,431.0,17.6,10.5,6.8,61.0,2.0,4.0,10.0
"2026-04-30 06:22:32.599084","collector_002",19.8,39.3,520.0,17.5,10.3,6.8,61.0,2.0,4.0,10.0
"2026-04-30 06:27:34.367034","collector_002",19.8,39.1,578.0,17.5,10.3,6.8,61.0,2.0,4.0,10.0
"2026-04-30 06:32:36.365025","collector_002",19.9,39.2,631.0,17.5,10.3,6.8,61.0,2.0,4.0,10.0
"2026-04-30 06:37:37.890012","collector_002",19.9,39.6,681.0,17.5,10.3,6.8,61.0,2.0,4.0,10.0
"2026-04-30 06:42:39.345046","collector_002",19.9,39.7,722.0,17.5,10.5,6.8,61.0,2.0,4.0,10.0
"2026-04-30 06:47:40.891016","collector_002",20.0,39.7,758.0,17.5,10.3,6.8,61.0,2.0,4.0,10.0
"2026-04-30 06:52:42.472027","collector_002",19.9,40.9,791.0,17.5,10.3,6.8,61.0,2.0,4.0,10.0
"2026-04-30 06:57:44.107016","collector_002",20.0,39.6,825.0,17.5,10.5,6.8,61.0,2.0,4.0,10.0
"2026-04-30 07:02:45.791074","collector_002",20.0,39.8,862.0,17.5,10.3,6.8,61.0,2.0,4.0,10.0
"2026-04-30 07:07:47.232019","collector_002",20.1,39.4,897.0,17.6,10.3,6.8,61.0,2.0,4.0,10.0
"2026-04-30 07:12:48.834035","collector_002",20.1,42.4,928.0,17.6,10.5,6.8,61.0,2.0,4.0,10.0
"2026-04-30 07:17:50.177021","collector_002",20.1,41.9,950.0,17.6,10.5,6.8,61.0,2.0,4.0,10.0
"2026-04-30 07:22:51.680017","collector_002",20.2,40.5,971.0,17.6,10.3,6.8,61.0,2.0,4.0,10.0
"2026-04-30 07:27:53.277056","collector_002",20.2,40.0,992.0,17.6,10.3,6.8,61.0,2.0,4.0,10.0
"2026-04-30 07:32:54.790031","collector_002",20.3,41.7,1007.0,17.6,10.3,6.8,61.0,2.0,4.0,10.0
"2026-04-30 07:37:56.522016","collector_002",20.3,43.8,1017.0,17.6,10.5,6.8,61.0,2.0,4.0,10.0
"2026-04-30 07:42:58.210024","collector_002",20.3,43.2,1025.0,17.7,10.3,6.8,61.0,2.0,4.0,10.0
"2026-04-30 07:47:59.639015","collector_002",20.3,40.4,1032.0,17.7,10.3,6.8,61.0,2.0,4.0,10.0
"2026-04-30 07:53:00.998027","collector_002",20.3,41.8,1043.0,17.7,10.5,6.8,61.0,2.0,4.0,10.0
"2026-04-30 07:58:02.532016","collector_002",20.4,40.0,1053.0,17.7,10.5,6.8,62.0,2.0,4.0,10.0
"2026-04-30 08:03:04.138027","collector_002",20.4,40.3,1060.0,17.8,10.5,6.8,62.0,2.0,4.0,10.0
"2026-04-30 08:08:06.629016","collector_002",20.5,41.4,1064.0,17.8,10.5,6.8,62.0,2.0,4.0,10.0
"2026-04-30 08:13:08.088015","collector_002",20.5,42.9,1071.0,17.8,10.5,6.8,62.0,2.0,4.0,10.0
"2026-04-30 08:18:09.577016","collector_002",20.5,40.7,1071.0,17.9,10.5,6.8,62.0,2.0,4.0,10.0
"2026-04-30 08:23:11.121051","collector_002",20.6,40.0,1068.0,17.9,10.5,6.8,62.0,2.0,4.0,10.0
"2026-04-30 08:28:12.803017","collector_002",20.7,40.3,1073.0,17.9,10.5,6.8,62.0,2.0,4.0,10.0
"2026-04-30 08:33:14.445017","collector_002",20.6,40.1,1083.0,17.9,10.5,6.8,62.0,2.0,4.0,10.0
"2026-04-30 08:38:16.140015","collector_002",20.7,40.3,1098.0,18.0,10.5,6.8,62.0,2.0,4.0,10.0
"2026-04-30 08:43:17.799068","collector_002",20.9,39.3,1106.0,18.0,10.5,6.8,62.0,2.0,4.0,10.0
"2026-04-30 08:48:19.673027","collector_002",20.9,40.7,1108.0,18.0,10.5,6.8,62.0,2.0,4.0,10.0
"2026-04-30 08:53:21.352526","collector_002",21.0,39.9,1105.0,18.1,10.5,6.8,62.0,2.0,4.0,10.0
"2026-04-30 08:58:22.755065","collector_002",21.0,43.5,1108.0,18.1,10.5,6.8,62.0,2.0,4.0,10.0
"2026-04-30 09:03:24.074011","collector_002",21.1,38.5,1106.0,18.1,10.5,6.8,62.0,2.0,4.0,10.0
"2026-04-30 09:08:25.505058","collector_002",21.0,41.2,1112.0,18.2,10.5,6.8,62.0,2.0,4.0,10.0
"2026-04-30 09:13:26.875064","collector_002",20.9,38.2,1114.0,18.2,10.5,6.8,62.0,2.0,4.0,10.0
"2026-04-30 09:18:28.157016","collector_002",21.0,39.2,1115.0,18.2,10.5,6.8,62.0,2.0,4.0,10.0
"2026-04-30 09:23:29.2727","collector_002",21.1,40.0,1121.0,18.3,10.5,6.8,62.0,2.0,4.0,10.0
"2026-04-30 09:28:30.485706","collector_002",21.1,39.1,1122.0,18.3,10.5,6.8,62.0,2.0,4.0,10.0
"2026-04-30 09:33:31.671751","collector_002",21.2,38.5,1123.0,18.3,10.5,6.8,62.0,2.0,4.0,10.0
"2026-04-30 09:38:32.863716","collector_002",21.3,39.9,1124.0,18.3,10.5,6.8,62.0,2.0,4.0,10.0
"2026-04-30 09:43:34.197775","collector_002",21.4,37.9,1123.0,18.4,10.5,6.8,62.0,2.0,4.0,10.0
"2026-04-30 09:48:35.590239","collector_002",21.4,39.8,1126.0,18.5,10.5,6.8,62.0,2.0,4.0,10.0
"2026-04-30 09:53:36.732714","collector_002",21.5,37.8,1124.0,18.5,10.5,6.8,62.0,2.0,4.0,10.0
"2026-04-30 09:58:37.894701","collector_002",21.5,38.6,1127.0,18.5,10.5,6.8,62.0,2.0,4.0,10.0
"2026-04-30 10:03:39.172746","collector_002",21.6,37.8,1129.0,18.6,10.5,6.8,63.0,2.0,4.0,10.0
"2026-04-30 10:08:40.566722","collector_002",21.7,38.7,1129.0,18.6,10.5,6.8,63.0,2.0,4.0,10.0
"2026-04-30 10:13:41.702701","collector_002",21.7,37.1,1131.0,18.7,10.5,6.8,63.0,2.0,4.0,10.0
"2026-04-30 10:18:42.80173","collector_002",21.8,38.3,1128.0,18.7,10.5,6.8,63.0,2.0,4.0,10.0
"2026-04-30 10:23:44.007951","collector_002",21.8,37.4,1125.0,18.8,10.5,6.8,63.0,2.0,4.0,10.0
"2026-04-30 10:28:45.12672","collector_002",21.9,38.9,1118.0,18.8,10.5,6.8,63.0,2.0,4.0,10.0
"2026-04-30 10:33:46.5837","collector_002",21.9,38.4,1116.0,18.8,10.5,6.8,63.0,2.0,4.0,10.0
"2026-04-30 10:38:48.162746","collector_002",21.9,37.0,1287.0,18.9,10.6,6.8,63.0,2.0,4.0,10.0
"2026-04-30 10:43:49.814706","collector_002",22.0,36.6,1286.0,18.9,10.6,6.8,63.0,2.0,4.0,10.0
"2026-04-30 10:48:50.950702","collector_002",22.0,36.4,1274.0,18.9,10.6,6.8,63.0,2.0,4.0,10.0
"2026-04-30 10:53:52.339704","collector_002",22.1,36.4,1266.0,19.0,10.5,6.8,63.0,2.0,4.0,10.0
"2026-04-30 10:58:53.458716","collector_002",22.2,36.1,1261.0,19.1,10.6,6.8,63.0,2.0,4.0,10.0
"2026-04-30 11:03:54.762721","collector_002",22.3,36.6,1265.0,19.2,10.6,6.8,63.0,2.0,4.0,10.0
"2026-04-30 11:08:55.960708","collector_002",22.3,35.8,1282.0,19.2,10.6,6.8,63.0,2.0,4.0,10.0
"2026-04-30 11:13:57.429701","collector_002",22.4,36.8,1286.0,19.3,10.6,6.8,64.0,2.0,4.0,10.0
"2026-04-30 11:18:58.662701","collector_002",22.6,36.2,1289.0,19.3,10.6,6.8,64.0,2.0,4.0,10.0
"2026-04-30 11:24:00.234726","collector_002",22.4,35.6,1273.0,19.4,10.6,6.8,64.0,2.0,4.0,10.0
"2026-04-30 11:29:01.538704","collector_002",22.4,34.1,1276.0,19.4,10.6,6.8,64.0,2.0,4.0,10.0
"2026-04-30 11:34:02.856701","collector_002",22.4,34.3,1267.0,19.4,10.6,6.8,64.0,2.0,4.0,10.0
"2026-04-30 11:39:04.105701","collector_002",22.5,34.8,1259.0,19.4,10.6,6.8,64.0,2.0,4.0,10.0
"2026-04-30 11:44:05.5337","collector_002",22.6,35.0,1258.0,19.4,10.6,6.8,64.0,2.0,4.0,10.0
"2026-04-30 11:49:07.265734","collector_002",22.6,34.3,1262.0,19.5,10.6,6.8,64.0,2.0,4.0,10.0
"2026-04-30 11:54:08.731706","collector_002",22.5,32.5,1259.0,19.5,10.6,6.8,64.0,2.0,4.0,10.0
"2026-04-30 11:59:09.926732","collector_002",22.6,33.7,1252.0,19.5,10.6,6.8,64.0,2.0,4.0,10.0
"2026-04-30 12:04:11.065728","collector_002",22.5,33.0,1251.0,19.5,10.6,6.8,64.0,2.0,4.0,10.0
"2026-04-30 12:09:12.685708","collector_002",22.7,31.8,1246.0,19.6,10.6,6.8,64.0,2.0,4.0,10.0
"2026-04-30 12:14:14.568701","collector_002",22.6,31.7,1257.0,19.6,10.6,6.8,64.0,2.0,4.0,10.0
"2026-04-30 12:19:16.046742","collector_002",22.7,33.9,1254.0,19.6,10.6,6.8,64.0,2.0,4.0,10.0
"2026-04-30 12:24:17.383025","collector_002",22.7,33.3,1263.0,19.7,10.6,6.8,64.0,2.0,4.0,10.0
"2026-04-30 12:29:19.204067","collector_002",22.8,33.8,1274.0,19.7,10.6,6.8,64.0,2.0,4.0,10.0
"2026-04-30 12:34:20.768024","collector_002",22.7,31.1,1278.0,19.7,10.6,6.8,64.0,2.0,4.0,10.0
"2026-04-30 12:39:22.752528","collector_002",22.6,33.7,1298.0,19.7,10.6,6.8,64.0,2.0,4.0,10.0
"2026-04-30 12:44:24.404061","collector_002",22.8,32.2,1308.0,19.7,10.6,6.8,64.0,2.0,4.0,10.0
"2026-04-30 12:49:26.304039","collector_002",22.9,32.0,1312.0,19.8,10.6,6.8,64.0,2.0,4.0,10.0
"2026-04-30 12:54:28.255035","collector_002",23.0,32.5,1317.0,19.8,10.6,6.8,64.0,2.0,4.0,10.0
"2026-04-30 12:59:29.441029","collector_002",23.0,32.3,1329.0,19.9,10.7,6.8,64.0,2.0,4.0,10.0
"2026-04-30 13:04:30.716024","collector_002",23.1,32.2,1331.0,19.9,10.7,6.8,64.0,2.0,4.0,10.0
"2026-04-30 13:09:32.511024","collector_002",23.2,32.3,1353.0,19.9,10.6,6.8,64.0,2.0,4.0,10.0
"2026-04-30 13:14:34.501062","collector_002",23.2,31.8,1347.0,20.0,10.7,6.8,64.0,2.0,4.0,10.0
"2026-04-30 13:19:36.197072","collector_002",23.0,30.6,1359.0,20.0,10.7,6.8,64.0,2.0,4.0,10.0
"2026-04-30 13:24:38.019041","collector_002",23.1,31.3,1368.0,20.0,10.7,6.8,64.0,2.0,4.0,10.0
"2026-04-30 13:29:39.781024","collector_002",23.1,30.9,1373.0,20.0,10.6,6.8,64.0,2.0,4.0,10.0
"2026-04-30 13:34:41.612047","collector_002",23.0,30.6,1408.0,20.1,10.6,6.8,64.0,2.0,4.0,10.0
"2026-04-30 13:39:43.588031","collector_002",23.0,30.2,1423.0,20.1,10.6,6.8,64.0,2.0,4.0,10.0
"2026-04-30 13:44:45.553024","collector_002",23.0,32.7,1414.0,20.1,10.7,6.8,64.0,2.0,4.0,10.0
"2026-04-30 13:49:47.684079","collector_002",23.2,32.0,1417.0,20.1,10.6,6.8,64.0,2.0,4.0,10.0
"2026-04-30 14:00:59.808027","collector_002",23.3,31.3,1448.0,20.1,10.7,6.8,65.0,2.0,4.0,11.0
"2026-04-30 14:09:09.537019","collector_002",23.4,31.9,1481.0,20.2,10.7,6.8,65.0,2.0,4.0,11.0
"2026-04-30 14:18:29.783033","collector_002",23.6,35.0,1511.0,20.3,10.7,6.8,65.0,2.0,4.0,11.0
"2026-04-30 14:33:01.159023","collector_002",23.6,33.1,1586.0,20.4,10.7,6.8,65.0,2.0,4.0,11.0
"2026-04-30 14:41:56.053024","collector_002",23.4,31.6,1536.0,20.4,10.7,6.8,65.0,2.0,4.0,11.0
"2026-04-30 14:47:30.488031","collector_002",23.5,32.2,1541.0,20.4,10.6,6.8,65.0,2.0,4.0,11.0
"2026-04-30 14:53:40.357024","collector_002",23.5,35.6,1571.0,20.5,10.7,6.8,65.0,2.0,4.0,11.0
"2026-04-30 14:58:52.852024","collector_002",23.5,32.9,1611.0,20.5,10.7,6.8,65.0,2.0,4.0,11.0
"2026-04-30 15:03:58.621024","collector_002",23.4,32.8,1613.0,20.5,10.6,6.8,65.0,2.0,4.0,11.0
"2026-04-30 15:09:16.369024","collector_002",23.3,32.6,1617.0,20.5,10.7,6.8,65.0,2.0,4.0,11.0
"2026-04-30 15:15:36.170025","collector_002",23.3,32.4,1592.0,20.5,10.6,6.8,65.0,2.0,4.0,11.0
"2026-04-30 15:20:59.129024","collector_002",23.4,34.3,1528.0,20.5,10.7,6.8,65.0,2.0,4.0,11.0
"2026-04-30 15:26:34.85696","collector_002",23.3,33.8,1503.0,20.5,10.6,6.8,65.0,2.0,4.0,11.0
"2026-04-30 15:32:24.077455","collector_002",23.4,34.6,1468.0,20.6,10.6,6.8,65.0,2.0,4.0,11.0
"2026-04-30 15:37:42.102948","collector_002",23.1,33.4,1433.0,20.6,10.6,6.8,65.0,2.0,4.0,11.0
"2026-04-30 15:43:13.536943","collector_002",23.1,33.7,1405.0,20.5,10.7,6.8,65.0,2.0,4.0,11.0
"2026-04-30 15:50:42.396948","collector_002",23.2,33.1,1393.0,20.5,10.6,6.8,65.0,2.0,4.0,11.0
"2026-04-30 15:56:19.92298","collector_002",22.8,31.8,1387.0,20.5,10.6,6.8,65.0,2.0,4.0,11.0
"2026-04-30 16:01:23.698957","collector_002",22.8,32.7,1373.0,20.5,10.6,6.8,65.0,2.0,4.0,11.0
"2026-04-30 16:06:25.889948","collector_002",22.9,32.0,1363.0,20.5,10.6,6.8,65.0,2.0,4.0,11.0
"2026-04-30 16:11:30.335494","collector_002",23.1,32.1,1358.0,20.5,10.6,6.8,65.0,2.0,4.0,11.0
"2026-04-30 16:16:34.637943","collector_002",23.2,32.6,1348.0,20.5,10.6,6.8,65.0,2.0,4.0,11.0
"2026-04-30 16:21:42.043971","collector_002",22.9,31.7,1314.0,20.5,10.6,6.8,65.0,2.0,4.0,11.0
"2026-04-30 16:26:58.233947","collector_002",23.0,31.9,1296.0,20.5,10.6,6.8,65.0,2.0,4.0,11.0
"2026-04-30 16:32:06.480949","collector_002",23.2,31.4,1286.0,20.5,10.5,6.8,65.0,2.0,4.0,11.0
"2026-04-30 16:37:22.218953","collector_002",23.2,32.9,1278.0,20.5,10.6,6.8,65.0,2.0,4.0,11.0
"2026-04-30 16:42:34.328006","collector_002",23.3,31.8,1263.0,20.5,10.5,6.8,65.0,2.0,4.0,11.0
"2026-04-30 16:47:43.101946","collector_002",23.3,32.5,1257.0,20.6,10.6,6.8,65.0,2.0,4.0,11.0
"2026-04-30 16:52:58.306947","collector_002",23.2,33.3,1236.0,20.6,10.6,6.8,65.0,2.0,4.0,11.0
"2026-04-30 16:58:16.961976","collector_002",23.3,32.2,1238.0,20.6,10.6,6.8,65.0,2.0,4.0,11.0
"2026-04-30 17:03:27.482949","collector_002",23.1,30.1,1231.0,20.6,10.6,6.8,65.0,2.0,4.0,11.0
"2026-04-30 17:08:39.999974","collector_002",23.2,31.3,1230.0,20.6,10.5,6.8,65.0,2.0,4.0,11.0
"2026-04-30 17:13:50.461953","collector_002",23.3,31.0,1221.0,20.6,10.6,6.7,65.0,2.0,4.0,11.0
"2026-04-30 17:19:00.319962","collector_002",23.4,33.4,1214.0,20.7,10.5,6.8,65.0,2.0,4.0,11.0
"2026-04-30 17:24:13.097963","collector_002",23.4,31.7,1217.0,20.7,10.6,6.8,65.0,2.0,4.0,11.0
"2026-04-30 17:29:23.585983","collector_002",23.1,30.9,1209.0,20.7,10.5,6.8,65.0,2.0,4.0,11.0
"2026-04-30 17:34:31.37246","collector_002",23.3,30.9,1208.0,20.7,10.6,6.7,65.0,2.0,4.0,11.0
"2026-04-30 17:39:40.329965","collector_002",23.2,30.5,1186.0,20.7,10.6,6.8,65.0,2.0,4.0,11.0
"2026-04-30 17:44:48.478959","collector_002",23.0,31.8,1180.0,20.7,10.6,6.7,65.0,2.0,4.0,11.0
"2026-04-30 17:49:57.207947","collector_002",23.0,32.6,1204.0,20.6,10.5,6.7,65.0,2.0,4.0,11.0
"2026-04-30 17:55:21.78499","collector_002",23.2,32.1,1281.0,20.6,10.5,6.7,65.0,2.0,4.0,11.0
"2026-04-30 18:00:34.867144","collector_002",23.3,31.2,1339.0,20.6,10.5,6.7,65.0,2.0,4.0,11.0
"2026-04-30 18:06:12.276976","collector_002",23.4,30.9,1283.0,20.7,10.5,6.7,65.0,2.0,4.0,11.0
"2026-04-30 18:11:23.889948","collector_002",23.4,32.6,1130.0,20.7,10.5,6.7,65.0,2.0,4.0,11.0
"2026-04-30 18:16:44.300174","collector_002",23.2,33.2,1101.0,20.7,10.5,6.7,65.0,2.0,4.0,11.0
"2026-04-30 18:21:56.494347","collector_002",23.4,34.9,911.0,20.7,10.5,6.7,65.0,2.0,4.0,11.0
"2026-04-30 18:27:11.260331","collector_002",23.4,31.3,791.0,20.7,10.5,6.7,65.0,2.0,4.0,11.0
"2026-04-30 18:32:20.882345","collector_002",23.4,31.6,678.0,20.7,10.6,6.7,65.0,2.0,4.0,11.0
"2026-04-30 18:37:32.013393","collector_002",23.3,31.2,623.0,20.8,10.5,6.7,65.0,2.0,4.0,11.0
"2026-04-30 18:42:43.283369","collector_002",23.3,35.0,544.0,20.8,10.5,6.7,65.0,2.0,4.0,11.0
"2026-04-30 18:47:51.278328","collector_002",23.1,31.5,458.0,20.8,10.5,6.7,65.0,2.0,4.0,11.0
"2026-04-30 18:53:06.571328","collector_002",23.0,31.5,374.0,20.8,10.5,6.7,65.0,2.0,4.0,11.0
"2026-04-30 18:58:12.384328","collector_002",23.0,31.2,321.0,20.7,10.5,6.7,65.0,2.0,4.0,11.0
"2026-04-30 19:03:16.605337","collector_002",22.9,33.5,270.0,20.7,10.5,6.7,65.0,2.0,4.0,11.0
"2026-04-30 19:08:19.209343","collector_002",22.7,32.0,236.0,20.7,10.5,6.7,65.0,2.0,4.0,11.0
"2026-04-30 19:13:20.790434","collector_002",22.7,32.1,211.0,20.7,10.5,6.7,65.0,2.0,4.0,11.0
"2026-04-30 19:18:22.551345","collector_002",22.5,32.1,196.0,20.7,10.5,6.7,65.0,2.0,4.0,11.0
"2026-04-30 19:23:24.024364","collector_002",22.5,32.4,184.0,20.6,10.5,6.7,65.0,2.0,4.0,11.0
"2026-04-30 19:28:25.779335","collector_002",22.4,32.3,182.0,20.6,10.5,6.7,65.0,2.0,4.0,11.0
"2026-04-30 19:33:27.092335","collector_002",22.2,32.2,176.0,20.6,10.5,6.7,65.0,2.0,4.0,11.0
"2026-04-30 19:38:28.846368","collector_002",22.0,33.0,176.0,20.5,10.5,6.7,65.0,2.0,4.0,11.0
"2026-04-30 19:43:30.527337","collector_002",22.0,35.7,172.0,20.4,10.3,6.7,64.0,2.0,4.0,10.0
"2026-04-30 19:48:32.167328","collector_002",21.4,32.0,172.0,20.4,10.3,6.7,64.0,2.0,4.0,10.0
"2026-04-30 19:53:33.884335","collector_002",21.0,32.8,172.0,20.3,10.2,6.7,64.0,2.0,4.0,10.0
"2026-04-30 19:58:35.404328","collector_002",20.9,32.7,172.0,20.2,10.2,6.7,64.0,2.0,4.0,10.0
"2026-04-30 20:03:38.852377","collector_002",21.1,33.0,175.0,20.1,10.2,6.7,64.0,2.0,4.0,10.0
"2026-04-30 20:08:40.564331","collector_002",20.8,31.9,173.0,20.0,10.2,6.7,64.0,2.0,4.0,10.0
"2026-04-30 20:13:41.903343","collector_002",21.1,32.5,174.0,19.9,10.2,6.7,64.0,2.0,4.0,10.0
"2026-04-30 20:18:43.668328","collector_002",20.4,31.9,175.0,19.8,10.1,6.7,64.0,2.0,4.0,10.0
"2026-04-30 20:23:45.141333","collector_002",20.5,32.0,174.0,19.8,10.1,6.7,63.0,2.0,4.0,10.0
"2026-04-30 20:28:46.920363","collector_002",20.4,32.4,171.0,19.7,10.1,6.7,63.0,2.0,4.0,10.0
"2026-04-30 20:33:48.291345","collector_002",21.1,33.1,173.0,19.6,10.1,6.7,63.0,2.0,4.0,10.0
"2026-04-30 20:38:49.799375","collector_002",21.3,32.5,171.0,19.5,10.1,6.7,63.0,2.0,4.0,10.0
"2026-04-30 20:43:51.227327","collector_002",21.4,31.8,172.0,19.5,10.1,6.7,63.0,2.0,4.0,10.0
"2026-04-30 20:48:53.187345","collector_002",21.4,32.2,171.0,19.5,10.1,6.7,63.0,2.0,4.0,10.0
"2026-04-30 20:53:54.768327","collector_002",20.9,31.7,175.0,19.5,10.1,6.7,63.0,2.0,4.0,10.0
"2026-04-30 20:58:56.044358","collector_002",21.3,32.4,173.0,19.5,10.1,6.7,63.0,2.0,4.0,10.0
"2026-04-30 21:03:57.539323","collector_002",20.9,31.1,175.0,19.5,10.1,6.7,63.0,2.0,4.0,10.0
"2026-04-30 21:08:59.343346","collector_002",20.8,32.4,172.0,19.4,10.1,6.7,63.0,2.0,4.0,10.0
"2026-04-30 21:14:00.62037","collector_002",21.3,31.9,173.0,19.4,10.1,6.7,63.0,2.0,4.0,10.0
"2026-04-30 21:19:02.263335","collector_002",21.0,32.2,173.0,19.4,10.1,6.7,63.0,2.0,4.0,10.0
"2026-04-30 21:24:03.90506","collector_002",21.0,32.3,176.0,19.3,10.1,6.7,63.0,2.0,4.0,10.0
"2026-04-30 21:29:05.561056","collector_002",21.4,32.0,175.0,19.3,9.9,6.7,63.0,2.0,4.0,10.0
"2026-04-30 21:34:07.371033","collector_002",21.2,32.0,176.0,19.3,10.1,6.7,63.0,2.0,4.0,10.0
"2026-04-30 21:39:08.987035","collector_002",20.9,32.2,173.0,19.3,10.1,6.7,63.0,2.0,4.0,10.0
"2026-04-30 21:44:10.791033","collector_002",20.8,33.8,177.0,19.3,9.9,6.7,63.0,2.0,4.0,10.0
"2026-04-30 21:49:12.421032","collector_002",20.6,32.7,176.0,19.3,9.9,6.7,62.0,2.0,4.0,10.0
"2026-04-30 21:54:14.198033","collector_002",20.6,32.8,2.0,19.2,9.6,6.7,63.0,2.0,4.0,10.0
"2026-04-30 21:59:15.609062","collector_002",20.3,32.2,2.0,19.2,9.6,6.7,62.0,2.0,4.0,10.0
"2026-04-30 22:04:17.232025","collector_002",20.5,32.6,2.0,19.1,9.6,6.7,62.0,2.0,4.0,10.0
"2026-04-30 22:09:18.629043","collector_002",20.5,32.8,2.0,19.0,9.6,6.7,62.0,2.0,4.0,10.0
"2026-04-30 22:14:20.063031","collector_002",20.8,32.1,2.0,19.0,9.6,6.7,62.0,2.0,4.0,10.0
"2026-04-30 22:19:21.418069","collector_002",20.4,32.5,2.0,19.0,9.6,6.7,62.0,2.0,4.0,10.0
"2026-04-30 22:24:22.651053","collector_002",19.9,32.7,1.0,18.9,9.6,6.7,62.0,2.0,4.0,10.0
"2026-04-30 22:29:24.124078","collector_002",19.8,33.1,2.0,18.9,9.5,6.7,62.0,2.0,4.0,10.0
"2026-04-30 22:34:25.280552","collector_002",20.2,32.3,2.0,18.8,9.5,6.7,62.0,2.0,4.0,10.0
"2026-04-30 22:39:26.689027","collector_002",19.8,33.0,2.0,18.8,9.5,6.7,62.0,2.0,4.0,10.0
"2026-04-30 22:44:27.952035","collector_002",19.9,32.6,2.0,18.7,9.5,6.7,62.0,2.0,4.0,10.0
"2026-04-30 22:49:29.238032","collector_002",20.1,32.7,2.0,18.7,9.5,6.7,62.0,2.0,4.0,10.0
"2026-04-30 22:54:30.600537","collector_002",20.3,32.8,2.0,18.7,9.5,6.7,62.0,2.0,4.0,10.0
"2026-04-30 22:59:31.856043","collector_002",20.5,33.2,2.0,18.7,9.5,6.7,62.0,2.0,4.0,10.0
"2026-04-30 23:04:33.510032","collector_002",20.2,33.0,2.0,18.7,9.5,6.7,62.0,2.0,4.0,10.0
"2026-04-30 23:09:35.003027","collector_002",20.6,32.7,2.0,18.7,9.5,6.7,62.0,2.0,4.0,10.0
"2026-04-30 23:14:36.341062","collector_002",20.5,33.7,0.0,18.6,9.5,6.7,62.0,2.0,4.0,10.0
"2026-04-30 23:19:37.393265","collector_002",20.4,32.9,1.0,18.6,9.5,6.7,62.0,2.0,4.0,10.0
"2026-04-30 23:24:38.620032","collector_002",20.3,33.5,0.0,18.6,9.5,6.7,62.0,2.0,4.0,10.0
"2026-04-30 23:29:40.010031","collector_002",20.7,34.0,0.0,18.6,9.5,6.7,62.0,2.0,4.0,10.0
"2026-04-30 23:34:41.176055","collector_002",20.3,33.3,0.0,18.7,9.5,6.7,62.0,2.0,4.0,10.0
"2026-04-30 23:39:42.297033","collector_002",19.8,34.2,1.0,18.6,9.5,6.7,62.0,2.0,4.0,10.0
"2026-04-30 23:44:43.453041","collector_002",19.9,34.3,1.0,18.6,9.4,6.7,61.0,2.0,4.0,10.0
"2026-04-30 23:49:44.445049","collector_002",20.1,34.6,0.0,18.6,9.4,6.7,61.0,2.0,4.0,10.0
"2026-04-30 23:54:45.640037","collector_002",19.4,35.0,0.0,18.5,9.4,6.7,61.0,2.0,4.0,10.0
"2026-04-30 23:59:46.964031","collector_002",19.7,34.8,1.0,18.5,9.4,6.7,61.0,2.0,4.0,10.0
"2026-05-01 00:04:48.260039","collector_002",20.0,34.5,0.0,18.5,9.4,6.7,61.0,2.0,4.0,10.0
"2026-05-01 00:09:49.508037","collector_002",19.5,35.3,0.0,18.4,9.4,6.7,61.0,2.0,4.0,10.0
"2026-05-01 00:14:50.685032","collector_002",20.0,34.6,1.0,18.4,9.4,6.7,61.0,2.0,4.0,10.0
"2026-05-01 00:19:51.873032","collector_002",19.8,36.1,0.0,18.4,9.4,6.7,61.0,2.0,4.0,10.0
"2026-05-01 00:24:52.85111","collector_002",19.9,36.9,0.0,18.3,9.4,6.7,61.0,2.0,4.0,10.0
"2026-05-01 00:29:54.002144","collector_002",20.0,35.1,0.0,18.3,9.4,6.7,61.0,2.0,4.0,10.0
"2026-05-01 00:34:55.06411","collector_002",20.4,35.2,0.0,18.3,9.4,6.7,61.0,2.0,4.0,10.0
"2026-05-01 00:39:56.11411","collector_002",20.4,35.0,0.0,18.3,9.4,6.7,61.0,2.0,4.0,10.0
"2026-05-01 00:44:57.37811","collector_002",20.0,35.0,0.0,18.3,9.4,6.7,61.0,2.0,4.0,10.0
"2026-05-01 00:49:58.483117","collector_002",20.5,35.5,1.0,18.3,9.4,6.7,61.0,2.0,4.0,10.0
"2026-05-01 00:54:59.583113","collector_002",20.6,35.0,0.0,18.4,9.4,6.8,61.0,2.0,4.0,10.0
"2026-05-01 01:00:00.692172","collector_002",20.7,35.4,0.0,18.4,9.4,6.8,61.0,2.0,4.0,10.0
"2026-05-01 01:05:01.973113","collector_002",20.5,35.6,0.0,18.4,9.4,6.8,61.0,2.0,4.0,10.0
"2026-05-01 01:10:03.01213","collector_002",20.2,35.9,0.0,18.4,9.4,6.8,61.0,2.0,4.0,10.0
"2026-05-01 01:15:04.050115","collector_002",20.4,35.7,1.0,18.4,9.4,6.7,61.0,2.0,4.0,10.0
"2026-05-01 01:20:05.06911","collector_002",20.0,36.5,0.0,18.4,9.4,6.7,61.0,2.0,4.0,10.0
"2026-05-01 01:25:06.238628","collector_002",19.9,36.7,0.0,18.4,9.4,6.7,61.0,2.0,4.0,10.0
"2026-05-01 01:30:07.186111","collector_002",19.5,37.7,0.0,18.3,9.4,6.7,61.0,2.0,4.0,10.0
"2026-05-01 01:35:08.21711","collector_002",19.5,36.9,0.0,18.3,9.4,6.7,61.0,2.0,4.0,10.0
"2026-05-01 01:40:09.39311","collector_002",19.2,37.4,0.0,18.3,9.4,6.7,60.0,2.0,4.0,10.0
"2026-05-01 01:45:10.466123","collector_002",19.4,37.1,0.0,18.2,9.4,6.7,60.0,2.0,4.0,10.0
"2026-05-01 01:50:11.40011","collector_002",19.2,37.8,0.0,18.1,9.2,6.7,60.0,2.0,4.0,10.0
"2026-05-01 01:55:12.479119","collector_002",19.7,37.6,0.0,18.1,9.4,6.7,60.0,2.0,4.0,10.0
"2026-05-01 02:00:13.916115","collector_002",19.9,36.9,0.0,18.1,9.2,6.8,60.0,2.0,4.0,10.0
"2026-05-01 02:05:14.998124","collector_002",20.0,37.2,0.0,18.1,9.2,6.8,60.0,2.0,4.0,10.0
"2026-05-01 02:10:16.079111","collector_002",19.3,38.0,0.0,18.1,9.2,6.8,60.0,2.0,4.0,10.0
"2026-05-01 02:15:17.076109","collector_002",19.9,37.0,0.0,18.1,9.4,6.8,60.0,2.0,4.0,10.0
"2026-05-01 02:20:18.16711","collector_002",20.2,36.6,0.0,18.1,9.4,6.8,60.0,2.0,4.0,10.0
"2026-05-01 02:25:19.34211","collector_002",20.4,36.4,1.0,18.1,9.2,6.8,60.0,2.0,4.0,10.0
"2026-05-01 02:30:20.522113","collector_002",20.4,36.4,0.0,18.1,9.4,6.8,60.0,2.0,4.0,10.0
"2026-05-01 02:35:21.834108","collector_002",20.6,36.6,0.0,18.2,9.4,6.8,60.0,2.0,4.0,10.0
"2026-05-01 02:40:23.294141","collector_002",20.2,35.7,0.0,18.2,9.4,6.8,60.0,2.0,4.0,10.0
"2026-05-01 02:45:24.60211","collector_002",20.5,36.6,0.0,18.3,9.4,6.8,60.0,2.0,4.0,10.0
"2026-05-01 02:50:25.727109","collector_002",20.7,35.7,0.0,18.3,9.4,6.8,60.0,2.0,4.0,10.0
"2026-05-01 02:55:26.896111","collector_002",20.8,35.6,0.0,18.3,9.4,6.8,60.0,2.0,4.0,10.0
"2026-05-01 03:00:27.925127","collector_002",20.8,35.2,0.0,18.3,9.4,6.8,60.0,2.0,4.0,10.0
"2026-05-01 03:05:29.009105","collector_002",20.8,35.0,0.0,18.4,9.4,6.8,60.0,2.0,4.0,10.0
"2026-05-01 03:10:30.28611","collector_002",20.6,35.0,0.0,18.4,9.4,6.8,60.0,2.0,4.0,10.0
"2026-05-01 03:15:31.410109","collector_002",20.3,35.1,0.0,18.4,9.4,6.8,60.0,2.0,4.0,10.0
"2026-05-01 03:20:32.425105","collector_002",20.1,33.7,0.0,18.4,9.4,6.8,60.0,2.0,4.0,10.0
"2026-05-01 03:25:33.698454","collector_002",19.3,35.1,0.0,18.3,9.4,6.8,60.0,2.0,4.0,10.0
"2026-05-01 03:30:34.91745","collector_002",19.8,34.7,0.0,18.3,9.2,6.8,60.0,2.0,4.0,10.0
"2026-05-01 03:35:36.17245","collector_002",20.0,35.2,0.0,18.2,9.2,6.8,60.0,2.0,4.0,10.0
"2026-05-01 03:40:37.105474","collector_002",19.4,35.7,0.0,18.2,9.2,6.8,60.0,2.0,4.0,10.0
"2026-05-01 03:45:38.27946","collector_002",19.4,35.5,0.0,18.1,9.2,6.8,60.0,2.0,4.0,10.0
"2026-05-01 03:50:39.367456","collector_002",19.1,35.8,0.0,18.1,9.1,6.8,60.0,2.0,4.0,10.0
"2026-05-01 03:55:40.560486","collector_002",19.4,35.3,0.0,18.0,9.1,6.8,60.0,2.0,4.0,10.0
"2026-05-01 04:00:41.79746","collector_002",19.6,35.5,0.0,17.9,9.1,6.8,60.0,2.0,4.0,10.0
"2026-05-01 04:05:43.152456","collector_002",19.8,35.3,0.0,17.9,9.1,6.8,60.0,2.0,4.0,10.0
"2026-05-01 04:10:44.475451","collector_002",19.8,35.8,0.0,17.9,9.1,6.8,60.0,2.0,4.0,10.0
"2026-05-01 04:15:45.816456","collector_002",18.9,38.3,0.0,17.9,9.1,6.8,59.0,2.0,4.0,10.0
"2026-05-01 04:20:46.796462","collector_002",19.1,37.2,0.0,17.9,9.1,6.8,59.0,2.0,4.0,10.0
"2026-05-01 04:25:47.720462","collector_002",19.0,38.1,0.0,17.8,9.0,6.8,59.0,2.0,4.0,10.0
"2026-05-01 04:30:48.840528","collector_002",18.7,39.4,1.0,17.7,9.0,6.8,59.0,2.0,4.0,10.0
"2026-05-01 04:35:50.04445","collector_002",19.0,39.4,1.0,17.7,9.0,6.8,59.0,2.0,4.0,10.0
"2026-05-01 04:40:51.310446","collector_002",18.8,40.6,1.0,17.6,9.0,6.8,59.0,2.0,4.0,10.0
"2026-05-01 04:45:52.409451","collector_002",18.9,41.0,1.0,17.6,9.0,6.8,59.0,2.0,4.0,10.0
"2026-05-01 04:50:53.760464","collector_002",19.0,40.1,1.0,17.6,9.0,6.8,59.0,2.0,4.0,10.0
"2026-05-01 04:55:54.84447","collector_002",19.2,40.2,1.0,17.5,9.0,6.8,59.0,2.0,4.0,10.0
"2026-05-01 05:00:56.199451","collector_002",18.5,41.6,1.0,17.5,9.0,6.8,59.0,2.0,4.0,10.0
"2026-05-01 05:05:57.208451","collector_002",18.9,41.1,1.0,17.5,9.0,6.8,59.0,2.0,4.0,10.0
"2026-05-01 05:10:58.4345","collector_002",18.5,42.0,1.0,17.5,8.8,6.8,59.0,2.0,4.0,10.0
"2026-05-01 05:15:59.884487","collector_002",18.9,41.2,2.0,17.4,8.8,6.8,59.0,2.0,4.0,10.0
"2026-05-01 05:21:01.12845","collector_002",18.6,41.8,2.0,17.4,9.0,6.8,59.0,2.0,4.0,10.0
"2026-05-01 05:26:02.361451","collector_002",19.2,41.5,3.0,17.4,8.8,6.8,59.0,2.0,4.0,10.0
"2026-05-01 05:31:03.772464","collector_002",19.2,41.3,5.0,17.4,8.8,6.8,59.0,2.0,4.0,10.0
"2026-05-01 05:36:05.257452","collector_002",19.3,42.0,9.0,17.4,9.0,6.8,59.0,2.0,4.0,10.0
"2026-05-01 05:41:06.992514","collector_002",18.7,43.2,19.0,17.4,8.8,6.8,59.0,2.0,4.0,10.0
"2026-05-01 05:46:08.680965","collector_002",19.0,42.4,31.0,17.4,8.8,6.8,58.0,2.0,4.0,9.0
"2026-05-01 05:51:10.370497","collector_002",18.9,42.6,44.0,17.4,9.0,6.8,59.0,2.0,4.0,10.0
"2026-05-01 05:56:11.986456","collector_002",18.6,42.7,60.0,17.4,9.0,6.8,58.0,2.0,4.0,9.0
"2026-05-01 06:01:13.548462","collector_002",18.6,43.4,72.0,17.3,8.8,6.8,58.0,2.0,4.0,9.0
"2026-05-01 06:06:15.233468","collector_002",18.9,42.6,93.0,17.3,8.8,6.8,58.0,2.0,4.0,9.0
"2026-05-01 06:11:16.937477","collector_002",19.4,41.7,125.0,17.3,8.8,6.8,58.0,2.0,4.0,9.0
"2026-05-01 06:16:18.663497","collector_002",19.7,40.7,147.0,17.3,9.0,6.8,58.0,2.0,4.0,9.0
"2026-05-01 06:21:20.566451","collector_002",19.9,40.2,174.0,17.3,8.8,6.8,58.0,2.0,4.0,9.0
"2026-05-01 06:26:22.242068","collector_002",20.0,40.1,216.0,17.4,9.0,6.8,59.0,2.0,4.0,10.0
"2026-05-01 06:31:23.894115","collector_002",20.2,40.0,267.0,17.5,9.0,6.8,59.0,2.0,4.0,10.0
"2026-05-01 06:36:25.65707","collector_002",20.3,39.2,350.0,17.5,9.0,6.8,59.0,2.0,4.0,10.0
"2026-05-01 06:41:27.358074","collector_002",20.5,39.4,434.0,17.6,9.1,6.8,59.0,2.0,4.0,10.0
"2026-05-01 06:46:29.158081","collector_002",20.5,39.6,558.0,17.7,9.1,6.8,59.0,2.0,4.0,10.0
"2026-05-01 06:51:30.95609","collector_002",19.6,40.6,617.0,17.8,9.1,6.8,59.0,2.0,4.0,10.0
"2026-05-01 06:56:32.803119","collector_002",20.2,40.0,671.0,17.8,9.1,6.8,59.0,2.0,4.0,10.0
"2026-05-01 07:01:34.558084","collector_002",20.3,39.3,742.0,17.8,9.0,6.8,59.0,2.0,4.0,10.0
"2026-05-01 07:06:35.917069","collector_002",20.2,39.9,839.0,17.8,9.0,6.8,59.0,2.0,4.0,10.0
"2026-05-01 07:11:37.325123","collector_002",20.5,39.3,891.0,17.8,9.0,6.8,59.0,2.0,4.0,10.0
"2026-05-01 07:16:38.619068","collector_002",20.4,39.1,878.0,17.9,9.0,6.8,59.0,2.0,4.0,10.0
"2026-05-01 07:21:40.222086","collector_002",20.6,39.0,885.0,17.9,9.0,6.8,59.0,2.0,4.0,10.0
"2026-05-01 07:26:41.669094","collector_002",20.2,39.5,937.0,17.9,9.1,6.8,59.0,2.0,4.0,10.0
"2026-05-01 07:31:43.241069","collector_002",20.3,39.3,916.0,17.9,9.0,6.8,59.0,2.0,4.0,10.0
"2026-05-01 07:36:44.765101","collector_002",20.6,38.0,916.0,17.9,9.0,6.8,59.0,2.0,4.0,10.0
"2026-05-01 07:41:46.00008","collector_002",20.3,38.4,913.0,18.0,9.0,6.8,59.0,2.0,4.0,10.0
"2026-05-01 07:46:47.288076","collector_002",20.4,37.9,962.0,18.0,9.1,6.8,59.0,2.0,4.0,10.0
"2026-05-01 07:51:49.001068","collector_002",19.6,38.7,1023.0,18.0,9.0,6.8,59.0,2.0,4.0,10.0
"2026-05-01 07:56:50.426115","collector_002",19.7,38.7,1123.0,17.9,9.0,6.7,59.0,2.0,4.0,10.0
"2026-05-01 08:01:51.773096","collector_002",20.3,37.8,1253.0,17.9,9.0,6.7,59.0,2.0,4.0,10.0
"2026-05-01 08:06:53.179574","collector_002",20.3,39.4,1596.0,17.9,9.0,6.7,59.0,2.0,4.0,10.0
"2026-05-01 08:11:54.677119","collector_002",19.6,38.8,1218.0,17.9,9.0,6.7,59.0,2.0,4.0,10.0
"2026-05-01 08:16:56.12207","collector_002",20.2,37.6,1169.0,17.9,9.0,6.7,59.0,2.0,4.0,10.0
"2026-05-01 08:21:57.649074","collector_002",19.8,38.0,1104.0,17.9,9.0,6.7,59.0,2.0,4.0,10.0
"2026-05-01 08:26:59.049069","collector_002",20.4,37.8,1059.0,17.9,8.8,6.7,59.0,2.0,4.0,10.0
"2026-05-01 08:32:00.53211","collector_002",20.0,37.7,1238.0,17.9,9.0,6.7,59.0,2.0,4.0,10.0
"2026-05-01 08:37:01.743076","collector_002",19.4,37.7,1225.0,17.9,9.0,6.7,59.0,2.0,4.0,10.0
"2026-05-01 08:42:03.132076","collector_002",20.1,37.3,1228.0,17.9,9.0,6.7,59.0,2.0,4.0,10.0
"2026-05-01 08:47:04.396074","collector_002",20.3,36.4,1223.0,17.9,9.0,6.7,59.0,2.0,4.0,10.0
"2026-05-01 08:52:05.944086","collector_002",20.5,36.1,1209.0,17.9,9.0,6.7,59.0,2.0,4.0,10.0
"2026-05-01 08:57:07.378068","collector_002",20.5,35.1,1195.0,17.9,9.0,6.7,59.0,2.0,4.0,10.0
"2026-05-01 09:02:08.75107","collector_002",20.3,34.8,1178.0,18.0,9.0,6.7,59.0,2.0,4.0,10.0
"2026-05-01 09:07:10.072502","collector_002",20.4,34.6,1181.0,18.0,9.0,6.7,59.0,2.0,4.0,10.0
"2026-05-01 09:12:11.442069","collector_002",20.3,34.9,1172.0,18.0,9.0,6.7,59.0,2.0,4.0,10.0
"2026-05-01 09:17:12.537097","collector_002",20.1,33.2,1165.0,18.0,9.0,6.7,59.0,2.0,4.0,10.0
"2026-05-01 09:22:13.886475","collector_002",20.4,33.7,1167.0,18.0,8.8,6.7,59.0,2.0,4.0,10.0
"2026-05-01 09:27:15.711446","collector_002",20.2,33.6,1158.0,18.1,9.0,6.7,59.0,2.0,4.0,10.0
"2026-05-01 09:32:17.101446","collector_002",20.1,34.3,1150.0,18.1,9.0,6.7,59.0,2.0,4.0,10.0
"2026-05-01 09:37:18.747468","collector_002",20.2,33.7,1143.0,18.0,8.8,6.7,59.0,2.0,4.0,10.0
"2026-05-01 09:42:19.97945","collector_002",20.7,33.7,1132.0,18.1,8.8,6.7,59.0,2.0,4.0,10.0
"2026-05-01 09:47:21.216447","collector_002",20.7,33.9,1117.0,18.1,9.0,6.7,59.0,2.0,4.0,10.0
"2026-05-01 09:52:22.519491","collector_002",21.0,33.7,1106.0,18.1,9.0,6.7,59.0,2.0,4.0,10.0
"2026-05-01 09:57:23.77651","collector_002",20.8,34.8,1107.0,18.2,9.0,6.7,59.0,2.0,4.0,10.0
"2026-05-01 10:02:25.129472","collector_002",21.0,33.2,1109.0,18.2,9.0,6.8,59.0,2.0,4.0,10.0
"2026-05-01 10:07:26.558448","collector_002",21.0,33.2,1111.0,18.2,9.0,6.8,59.0,2.0,4.0,10.0
"2026-05-01 10:12:27.791448","collector_002",20.7,33.7,1116.0,18.3,9.0,6.8,59.0,2.0,4.0,10.0
"2026-05-01 10:17:29.15146","collector_002",20.4,32.5,1113.0,18.3,9.0,6.8,59.0,2.0,4.0,10.0
"2026-05-01 10:22:30.599452","collector_002",20.7,32.6,1115.0,18.3,9.0,6.7,59.0,2.0,4.0,10.0
"2026-05-01 10:27:32.084458","collector_002",20.3,32.1,1106.0,18.3,9.0,6.7,59.0,2.0,4.0,10.0
"2026-05-01 10:32:33.45345","collector_002",20.5,32.3,1109.0,18.3,8.8,6.7,59.0,2.0,4.0,10.0
"2026-05-01 10:37:34.834467","collector_002",20.6,32.5,1099.0,18.3,9.0,6.7,59.0,2.0,4.0,10.0
"2026-05-01 10:42:36.128458","collector_002",20.4,32.5,1098.0,18.3,8.8,6.7,59.0,2.0,4.0,10.0
"2026-05-01 10:47:37.505486","collector_002",20.6,32.8,1091.0,18.3,8.8,6.7,58.0,2.0,4.0,9.0
"2026-05-01 10:52:38.971448","collector_002",20.9,32.8,1088.0,18.3,8.8,6.7,59.0,2.0,4.0,10.0
"2026-05-01 10:57:40.075447","collector_002",20.8,33.0,1086.0,18.3,8.8,6.7,59.0,2.0,4.0,10.0
"2026-05-01 11:02:41.274447","collector_002",20.8,33.2,1086.0,18.4,8.8,6.7,59.0,2.0,4.0,10.0
"2026-05-01 11:07:42.403473","collector_002",21.0,32.8,1092.0,18.4,9.0,6.7,59.0,2.0,4.0,10.0
"2026-05-01 11:12:43.655447","collector_002",21.2,32.8,1093.0,18.4,9.0,6.7,59.0,2.0,4.0,10.0
"2026-05-01 11:17:45.09145","collector_002",21.4,32.7,1103.0,18.5,9.0,6.7,59.0,2.0,4.0,10.0
"2026-05-01 11:22:46.200446","collector_002",21.2,32.9,1108.0,18.5,9.0,6.7,59.0,2.0,4.0,10.0
"2026-05-01 11:27:47.721454","collector_002",21.3,33.7,1113.0,18.6,9.0,6.7,59.0,2.0,4.0,10.0
"2026-05-01 11:32:49.307474","collector_002",21.4,33.1,1113.0,18.6,9.1,6.7,59.0,2.0,4.0,10.0
"2026-05-01 11:37:50.610465","collector_002",21.5,33.5,1117.0,18.6,9.0,6.7,59.0,2.0,4.0,10.0
"2026-05-01 11:42:51.740521","collector_002",21.6,33.7,1113.0,18.7,9.0,6.7,59.0,2.0,4.0,10.0
"2026-05-01 11:47:52.892498","collector_002",21.7,34.6,1124.0,18.7,9.0,6.7,59.0,2.0,4.0,10.0
"2026-05-01 11:52:54.031447","collector_002",21.8,33.9,1124.0,18.8,9.1,6.7,59.0,2.0,4.0,10.0
"2026-05-01 11:57:55.243466","collector_002",21.9,34.5,1123.0,18.8,9.0,6.7,59.0,2.0,4.0,10.0
"2026-05-01 12:02:56.359442","collector_002",21.8,34.8,1128.0,18.9,9.0,6.7,59.0,2.0,4.0,10.0
"2026-05-01 12:07:57.639448","collector_002",21.9,36.3,1133.0,18.9,9.1,6.7,59.0,2.0,4.0,10.0
"2026-05-01 12:12:58.808489","collector_002",22.0,35.4,1132.0,19.0,9.1,6.7,59.0,2.0,4.0,10.0
"2026-05-01 12:18:00.06845","collector_002",22.0,36.3,1135.0,19.0,9.0,6.7,59.0,2.0,4.0,10.0
"2026-05-01 12:23:01.368235","collector_002",21.9,36.2,1124.0,19.1,9.0,6.7,59.0,2.0,4.0,10.0
"2026-05-01 12:28:02.520207","collector_002",22.1,36.0,1115.0,19.1,9.0,6.7,59.0,2.0,4.0,10.0
"2026-05-01 12:33:03.68618","collector_002",22.1,36.4,1114.0,19.2,9.1,6.7,59.0,2.0,4.0,10.0
"2026-05-01 12:38:04.87418","collector_002",22.3,36.2,1113.0,19.2,9.1,6.7,59.0,2.0,4.0,10.0
"2026-05-01 12:43:06.05521","collector_002",22.0,37.0,1112.0,19.3,9.1,6.7,59.0,2.0,4.0,10.0
"2026-05-01 12:48:07.344226","collector_002",22.1,37.0,1113.0,19.3,9.1,6.7,59.0,2.0,4.0,10.0
"2026-05-01 12:53:08.453716","collector_002",22.3,36.8,1122.0,19.3,9.1,6.7,59.0,2.0,4.0,10.0
"2026-05-01 12:58:09.76123","collector_002",22.1,37.4,1118.0,19.4,9.0,6.7,59.0,2.0,4.0,10.0
"2026-05-01 13:03:10.885231","collector_002",22.2,38.0,1118.0,19.4,9.0,6.7,59.0,2.0,4.0,10.0
"2026-05-01 13:08:12.350412","collector_002",22.0,38.5,1112.0,19.4,9.1,6.7,59.0,2.0,4.0,10.0
"2026-05-01 13:13:13.717238","collector_002",22.3,36.9,1113.0,19.5,9.1,6.7,60.0,2.0,4.0,10.0
"2026-05-01 13:18:14.794217","collector_002",22.5,37.3,1131.0,19.5,9.1,6.7,60.0,2.0,4.0,10.0
"2026-05-01 13:23:15.9412","collector_002",22.5,36.3,1104.0,19.5,9.1,6.7,60.0,2.0,4.0,10.0
"2026-05-01 13:28:17.085214","collector_002",22.6,37.4,1101.0,19.6,9.1,6.7,60.0,2.0,4.0,10.0
"2026-05-01 13:33:18.406215","collector_002",22.6,37.4,1097.0,19.6,9.1,6.7,60.0,2.0,4.0,10.0
"2026-05-01 13:38:19.821193","collector_002",22.6,38.3,1099.0,19.7,9.1,6.7,60.0,2.0,4.0,10.0
"2026-05-01 13:43:21.790175","collector_002",22.6,37.4,1100.0,19.7,9.1,6.7,60.0,2.0,4.0,10.0
"2026-05-01 13:48:23.241181","collector_002",22.6,36.9,1100.0,19.7,9.1,6.7,60.0,2.0,4.0,10.0
"2026-05-01 13:53:24.55918","collector_002",22.7,36.7,1108.0,19.8,9.1,6.7,60.0,2.0,4.0,10.0
"2026-05-01 13:58:26.091187","collector_002",22.7,37.1,1112.0,19.8,9.1,6.7,60.0,2.0,4.0,10.0
"2026-05-01 14:03:27.389179","collector_002",22.7,38.9,1106.0,19.9,9.1,6.7,60.0,2.0,4.0,10.0
"2026-05-01 14:08:28.904209","collector_002",22.8,37.9,1098.0,19.9,9.1,6.7,60.0,2.0,4.0,10.0
"2026-05-01 14:13:30.368181","collector_002",22.9,38.4,1083.0,19.9,9.1,6.7,60.0,2.0,4.0,10.0
"2026-05-01 14:18:31.930206","collector_002",22.9,36.3,1087.0,20.0,9.1,6.7,60.0,2.0,4.0,10.0
"2026-05-01 14:23:33.491185","collector_002",22.9,36.3,1083.0,20.0,9.1,6.7,60.0,2.0,4.0,10.0
"2026-05-01 14:28:34.972188","collector_002",22.8,36.5,1083.0,20.0,9.1,6.7,60.0,2.0,4.0,10.0
"2026-05-01 14:33:36.279574","collector_002",22.9,36.2,1081.0,20.1,9.1,6.7,60.0,2.0,4.0,10.0
"2026-05-01 14:38:37.811185","collector_002",22.9,36.4,1079.0,20.1,9.1,6.7,60.0,2.0,4.0,10.0
"2026-05-01 14:43:39.237229","collector_002",23.0,36.6,1084.0,20.2,9.2,6.7,60.0,2.0,4.0,10.0
"2026-05-01 14:48:40.482426","collector_002",23.0,36.3,1088.0,20.2,9.1,6.7,60.0,2.0,4.0,10.0
"2026-05-01 14:53:41.656181","collector_002",23.0,36.7,1090.0,20.2,9.1,6.7,60.0,2.0,4.0,10.0
"2026-05-01 14:58:43.027181","collector_002",23.0,37.1,1084.0,20.2,9.2,6.7,60.0,2.0,4.0,10.0
"2026-05-01 15:03:44.33018","collector_002",23.1,36.5,1078.0,20.2,9.1,6.7,60.0,2.0,4.0,10.0
"2026-05-01 15:08:46.027187","collector_002",23.2,37.7,1075.0,20.3,9.1,6.7,60.0,2.0,4.0,10.0
"2026-05-01 15:13:47.307849","collector_002",23.1,38.7,1084.0,20.3,9.2,6.7,60.0,2.0,4.0,10.0
"2026-05-01 15:18:48.870277","collector_002",23.1,38.1,1087.0,20.3,9.1,6.7,60.0,2.0,4.0,10.0
"2026-05-01 15:23:50.314251","collector_002",23.2,36.5,1081.0,20.3,9.2,6.7,60.0,2.0,4.0,10.0
"2026-05-01 15:28:52.100281","collector_002",23.1,38.9,1239.0,20.4,9.1,6.7,60.0,2.0,4.0,10.0
"2026-05-01 15:33:53.885266","collector_002",23.3,37.4,1238.0,20.4,9.1,6.7,60.0,2.0,4.0,10.0
"2026-05-01 15:38:55.521251","collector_002",23.3,38.6,1229.0,20.4,9.1,6.7,60.0,2.0,4.0,10.0
"2026-05-01 15:43:57.029252","collector_002",23.4,37.3,1212.0,20.5,9.2,6.7,60.0,2.0,4.0,10.0
"2026-05-01 15:48:58.848316","collector_002",23.6,37.4,1206.0,20.5,9.2,6.7,60.0,2.0,4.0,10.0
"2026-05-01 15:54:00.62825","collector_002",23.6,37.7,1204.0,20.6,9.2,6.7,60.0,2.0,4.0,10.0
"2026-05-01 15:59:02.408272","collector_002",23.5,37.3,1206.0,20.6,9.2,6.7,60.0,2.0,4.0,10.0
"2026-05-01 16:04:04.544251","collector_002",23.6,37.2,1195.0,20.7,9.2,6.7,60.0,2.0,4.0,10.0
"2026-05-01 16:09:06.636284","collector_002",23.7,37.5,1197.0,20.7,9.2,6.7,60.0,2.0,4.0,10.0
"2026-05-01 16:14:08.299766","collector_002",23.7,37.1,1183.0,20.7,9.2,6.7,60.0,2.0,4.0,10.0
"2026-05-01 16:19:09.685251","collector_002",23.8,37.4,1180.0,20.8,9.2,6.7,60.0,2.0,4.0,10.0
"2026-05-01 16:24:11.363251","collector_002",23.8,37.0,1159.0,20.8,9.2,6.7,60.0,2.0,4.0,10.0
"2026-05-01 16:29:12.985246","collector_002",23.8,36.9,1149.0,20.9,9.2,6.7,60.0,2.0,4.0,10.0
"2026-05-01 16:34:14.678258","collector_002",23.8,36.7,1143.0,20.9,9.2,6.7,60.0,2.0,4.0,10.0
"2026-05-01 16:39:16.82026","collector_002",23.8,36.6,1138.0,21.0,9.4,6.7,60.0,2.0,4.0,10.0
"2026-05-01 16:44:18.970252","collector_002",23.8,36.7,1141.0,21.0,9.2,6.7,60.0,2.0,4.0,10.0
"2026-05-01 16:49:20.292251","collector_002",23.9,36.3,1142.0,21.0,9.2,6.7,60.0,2.0,4.0,10.0
"2026-05-01 16:54:21.886256","collector_002",23.8,36.7,1143.0,21.1,9.4,6.7,60.0,2.0,4.0,10.0
"2026-05-01 16:59:23.765246","collector_002",23.8,36.8,1156.0,21.1,9.2,6.7,60.0,2.0,4.0,10.0
"2026-05-01 17:04:25.828279","collector_002",23.8,38.2,1165.0,21.1,9.2,6.7,61.0,2.0,4.0,10.0
"2026-05-01 17:09:27.957252","collector_002",23.8,36.1,1169.0,21.1,9.2,6.7,61.0,2.0,4.0,10.0
"2026-05-01 17:14:29.570252","collector_002",23.8,37.0,1170.0,21.1,9.2,6.7,60.0,2.0,4.0,10.0
"2026-05-01 17:19:31.39128","collector_002",23.8,36.7,1181.0,21.1,9.2,6.7,61.0,2.0,4.0,10.0
"2026-05-01 17:24:32.73928","collector_002",23.8,36.4,1193.0,21.2,9.2,6.7,60.0,2.0,4.0,10.0
"2026-05-01 17:29:34.699252","collector_002",23.7,36.0,1206.0,21.2,9.2,6.7,60.0,2.0,4.0,10.0
"2026-05-01 17:34:36.143254","collector_002",23.8,35.9,1210.0,21.2,9.2,6.7,60.0,2.0,4.0,10.0
"2026-05-01 17:39:37.996287","collector_002",23.8,35.8,1214.0,21.2,9.2,6.7,60.0,2.0,4.0,10.0
"2026-05-01 17:44:39.915264","collector_002",23.8,36.2,1205.0,21.2,9.2,6.6,60.0,2.0,4.0,10.0
"2026-05-01 17:49:41.249251","collector_002",23.7,35.8,1203.0,21.2,9.2,6.7,60.0,2.0,4.0,10.0
"2026-05-01 17:54:44.819762","collector_002",23.7,35.7,1192.0,21.2,9.2,6.7,60.0,2.0,4.0,10.0
"2026-05-01 17:59:46.223242","collector_002",23.8,37.5,1172.0,21.2,9.2,6.6,60.0,2.0,4.0,10.0
"2026-05-01 18:04:47.663254","collector_002",23.7,35.7,1152.0,21.3,9.2,6.6,60.0,2.0,4.0,10.0
"2026-05-01 18:09:49.248252","collector_002",23.8,35.9,1128.0,21.3,9.2,6.6,60.0,2.0,4.0,10.0
"2026-05-01 18:14:50.711256","collector_002",23.5,37.5,1083.0,21.3,9.2,6.6,60.0,2.0,4.0,10.0
"2026-05-01 18:19:52.250251","collector_002",23.6,36.7,1013.0,21.2,9.2,6.6,60.0,2.0,4.0,10.0
"2026-05-01 18:24:53.546411","collector_002",23.6,36.4,936.0,21.2,9.2,6.6,60.0,2.0,4.0,10.0
"2026-05-01 18:29:55.289924","collector_002",23.5,35.7,860.0,21.2,9.2,6.6,60.0,2.0,4.0,10.0
"2026-05-01 18:34:56.99042","collector_002",23.4,36.2,783.0,21.2,9.1,6.6,60.0,2.0,4.0,10.0
"2026-05-01 18:39:58.59941","collector_002",23.4,36.5,706.0,21.2,9.1,6.6,60.0,2.0,4.0,10.0
"2026-05-01 18:45:00.064416","collector_002",23.3,35.7,613.0,21.2,9.1,6.6,60.0,2.0,4.0,10.0
"2026-05-01 18:50:01.791432","collector_002",23.2,36.0,536.0,21.2,9.1,6.6,60.0,2.0,4.0,10.0
"2026-05-01 18:55:03.270418","collector_002",23.0,37.4,276.0,21.1,9.1,6.6,60.0,2.0,4.0,10.0
"2026-05-01 19:00:04.735424","collector_002",23.0,35.7,198.0,21.1,9.1,6.6,60.0,2.0,4.0,10.0
"2026-05-01 19:05:06.138411","collector_002",22.9,36.6,140.0,21.1,9.1,6.6,60.0,2.0,4.0,10.0
"2026-05-01 19:10:07.558411","collector_002",22.8,36.8,93.0,21.0,9.0,6.6,60.0,2.0,4.0,10.0
"2026-05-01 19:15:09.110411","collector_002",22.7,37.5,57.0,21.0,9.0,6.6,60.0,2.0,4.0,10.0
"2026-05-01 19:20:10.634412","collector_002",22.7,36.2,32.0,21.0,9.0,6.6,60.0,2.0,4.0,10.0
"2026-05-01 19:25:11.826411","collector_002",22.6,36.6,18.0,20.9,9.0,6.6,60.0,2.0,4.0,10.0
"2026-05-01 19:30:13.03842","collector_002",22.5,36.3,9.0,20.9,9.0,6.6,60.0,2.0,4.0,10.0
"2026-05-01 19:35:14.385412","collector_002",22.5,36.7,181.0,20.9,9.0,6.6,59.0,2.0,4.0,10.0
"2026-05-01 19:40:15.814436","collector_002",22.4,36.0,3.0,20.8,9.0,6.6,59.0,2.0,4.0,10.0
"2026-05-01 19:45:17.246411","collector_002",22.4,36.0,2.0,20.8,9.0,6.6,59.0,2.0,4.0,10.0
"2026-05-01 19:50:18.640418","collector_002",22.4,36.5,1.0,20.8,9.0,6.6,59.0,2.0,4.0,10.0
"2026-05-01 19:55:20.070416","collector_002",22.4,36.3,2.0,20.7,9.0,6.6,59.0,2.0,4.0,10.0
"2026-05-01 20:00:21.573418","collector_002",22.4,36.7,1.0,20.7,8.8,6.6,59.0,2.0,4.0,10.0
"2026-05-01 20:05:23.125412","collector_002",22.3,36.5,1.0,20.7,8.8,6.6,59.0,2.0,4.0,10.0
"2026-05-01 20:10:24.699444","collector_002",22.3,38.4,1.0,20.7,8.8,6.6,59.0,2.0,4.0,10.0
"2026-05-01 20:15:26.189414","collector_002",22.3,37.5,1.0,20.6,8.8,6.6,59.0,2.0,4.0,10.0
"2026-05-01 20:20:27.649411","collector_002",22.3,38.7,1.0,20.6,8.8,6.6,59.0,2.0,4.0,10.0
"2026-05-01 20:25:28.828418","collector_002",22.2,37.2,1.0,20.6,8.8,6.6,59.0,2.0,4.0,10.0
"2026-05-01 20:30:30.119423","collector_002",22.3,37.7,1.0,20.6,8.8,6.6,59.0,2.0,4.0,10.0
"2026-05-01 20:35:32.095414","collector_002",22.2,37.5,1.0,20.5,8.8,6.6,59.0,2.0,4.0,10.0
"2026-05-01 20:40:33.560406","collector_002",22.2,38.6,1.0,20.5,8.8,6.6,59.0,2.0,4.0,10.0
"2026-05-01 20:45:34.837416","collector_002",22.1,39.9,1.0,20.4,8.8,6.6,59.0,2.0,4.0,10.0
"2026-05-01 20:50:35.882414","collector_002",22.1,38.0,1.0,20.4,8.8,6.6,59.0,2.0,4.0,10.0
"2026-05-01 20:55:37.198411","collector_002",22.0,38.7,1.0,20.4,8.8,6.6,59.0,2.0,4.0,10.0
"2026-05-01 21:00:38.421416","collector_002",22.1,37.9,1.0,20.4,8.8,6.6,59.0,2.0,4.0,10.0
"2026-05-01 21:05:39.45341","collector_002",22.0,38.8,1.0,20.3,8.8,6.6,58.0,2.0,4.0,9.0
"2026-05-01 21:10:41.138404","collector_002",22.0,38.1,1.0,20.3,8.8,6.6,58.0,2.0,4.0,9.0
"2026-05-01 21:15:42.49241","collector_002",22.0,39.5,1.0,20.3,8.8,6.6,58.0,2.0,4.0,9.0
"2026-05-01 21:20:43.930426","collector_002",22.0,38.6,1.0,20.3,8.8,6.6,58.0,2.0,4.0,9.0
"2026-05-01 21:25:44.994466","collector_002",22.0,38.5,1.0,20.3,8.8,6.6,58.0,2.0,4.0,9.0
"2026-05-01 21:30:46.137483","collector_002",21.9,39.0,1.0,20.2,8.8,6.6,58.0,2.0,4.0,9.0
"2026-05-01 21:35:47.228481","collector_002",21.9,40.2,1.0,20.2,8.8,6.6,58.0,2.0,4.0,9.0
"2026-05-01 21:40:48.538461","collector_002",21.8,39.2,1.0,20.2,8.7,6.6,58.0,2.0,4.0,9.0
"2026-05-01 21:45:49.743466","collector_002",21.8,40.1,1.0,20.2,8.8,6.6,58.0,2.0,4.0,9.0
"2026-05-01 21:50:50.873466","collector_002",21.9,39.3,1.0,20.1,8.8,6.6,58.0,2.0,4.0,9.0
"2026-05-01 21:55:52.093492","collector_002",21.8,39.6,1.0,20.1,8.7,6.6,58.0,2.0,4.0,9.0
"2026-05-01 22:00:53.394499","collector_002",21.8,43.0,1.0,20.1,8.8,6.6,58.0,2.0,4.0,9.0
"2026-05-01 22:05:54.833971","collector_002",21.7,40.4,1.0,20.0,8.8,6.6,58.0,2.0,4.0,9.0
"2026-05-01 22:10:56.264466","collector_002",21.7,39.9,1.0,20.0,8.7,6.6,58.0,2.0,4.0,9.0
"2026-05-01 22:15:57.460482","collector_002",21.7,40.0,1.0,20.0,8.7,6.6,58.0,2.0,4.0,9.0
"2026-05-01 22:20:58.779485","collector_002",21.6,40.4,1.0,20.0,8.7,6.6,58.0,2.0,4.0,9.0
"2026-05-01 22:26:00.679483","collector_002",21.6,40.7,1.0,19.9,8.7,6.6,58.0,2.0,4.0,9.0
"2026-05-01 22:31:01.808466","collector_002",21.6,40.4,1.0,19.9,8.7,6.6,58.0,2.0,4.0,9.0
"2026-05-01 22:36:03.180466","collector_002",21.7,40.0,1.0,19.9,8.7,6.6,57.0,1.0,4.0,9.0
"2026-05-01 22:41:04.455466","collector_002",21.7,40.7,1.0,19.9,8.5,6.6,57.0,1.0,4.0,9.0
"2026-05-01 22:46:05.739471","collector_002",21.7,40.8,1.0,19.8,8.7,6.6,57.0,1.0,4.0,9.0
"2026-05-01 22:51:06.920465","collector_002",21.6,40.5,1.0,19.8,8.7,6.6,57.0,1.0,4.0,9.0
"2026-05-01 22:56:08.082987","collector_002",21.7,40.2,1.0,19.8,8.7,6.6,57.0,1.0,4.0,9.0
"2026-05-01 23:01:09.421484","collector_002",21.7,40.3,1.0,19.8,8.7,6.6,57.0,1.0,4.0,9.0
"2026-05-01 23:06:10.776461","collector_002",21.7,40.1,1.0,19.8,8.7,6.6,57.0,1.0,4.0,9.0
"2026-05-01 23:11:12.363496","collector_002",21.7,40.8,1.0,19.8,8.7,6.6,57.0,1.0,4.0,9.0
"2026-05-01 23:16:13.740492","collector_002",21.7,40.5,0.0,19.8,8.5,6.6,57.0,1.0,4.0,9.0
"2026-05-01 23:21:14.867499","collector_002",21.7,40.8,0.0,19.8,8.7,6.6,57.0,1.0,4.0,9.0
"2026-05-01 23:26:16.194469","collector_002",21.8,40.7,0.0,19.8,8.5,6.6,57.0,1.0,4.0,9.0
"2026-05-01 23:31:17.345461","collector_002",21.7,41.1,0.0,19.8,8.5,6.6,57.0,1.0,4.0,9.0
"2026-05-01 23:36:18.607465","collector_002",21.7,41.1,0.0,19.8,8.7,6.6,57.0,1.0,4.0,9.0
"2026-05-01 23:41:19.786588","collector_002",21.7,41.6,0.0,19.8,8.5,6.6,57.0,1.0,4.0,9.0
"2026-05-01 23:46:20.874466","collector_002",21.7,41.2,0.0,19.8,8.5,6.6,57.0,1.0,4.0,9.0
"2026-05-01 23:51:21.893469","collector_002",21.7,41.9,0.0,19.8,8.5,6.6,57.0,1.0,4.0,9.0
"2026-05-01 23:56:23.409466","collector_002",21.7,41.5,0.0,19.8,8.5,6.6,57.0,1.0,4.0,9.0
"2026-05-02 00:01:24.920466","collector_002",21.6,41.5,0.0,19.8,8.5,6.6,57.0,1.0,4.0,9.0
"2026-05-02 00:06:26.053467","collector_002",21.6,41.2,0.0,19.7,8.5,6.6,57.0,1.0,4.0,9.0
"2026-05-02 00:11:27.276471","collector_002",21.7,41.7,0.0,19.7,8.5,6.6,57.0,1.0,4.0,9.0
"2026-05-02 00:16:28.510497","collector_002",21.6,41.5,0.0,19.7,8.5,6.6,57.0,1.0,4.0,9.0
"2026-05-02 00:21:29.642823","collector_002",21.7,42.1,0.0,19.7,8.5,6.6,57.0,1.0,4.0,9.0
"2026-05-02 00:26:30.604822","collector_002",21.6,42.2,0.0,19.7,8.5,6.6,57.0,1.0,4.0,9.0
"2026-05-02 00:31:31.545843","collector_002",21.6,41.8,0.0,19.7,8.5,6.6,57.0,1.0,4.0,9.0
"2026-05-02 00:36:32.630821","collector_002",21.6,42.0,0.0,19.7,8.4,6.6,56.0,1.0,4.0,9.0
"2026-05-02 00:41:34.109821","collector_002",21.6,41.9,0.0,19.7,8.5,6.6,56.0,1.0,4.0,9.0
"2026-05-02 00:46:35.133817","collector_002",21.5,42.1,0.0,19.7,8.4,6.6,56.0,1.0,4.0,9.0
"2026-05-02 00:51:36.324821","collector_002",21.6,41.8,0.0,19.7,8.5,6.6,56.0,1.0,4.0,9.0
"2026-05-02 00:56:37.451835","collector_002",21.6,42.3,0.0,19.6,8.5,6.6,56.0,1.0,4.0,9.0
"2026-05-02 01:01:38.611866","collector_002",21.6,42.1,0.0,19.6,8.4,6.6,56.0,1.0,4.0,9.0
"2026-05-02 01:06:39.896829","collector_002",21.6,41.9,0.0,19.6,8.5,6.6,56.0,1.0,4.0,9.0
"2026-05-02 01:11:40.928822","collector_002",21.5,42.1,0.0,19.6,8.4,6.6,56.0,1.0,4.0,9.0
"2026-05-02 01:16:42.183823","collector_002",21.6,41.9,0.0,19.6,8.4,6.6,56.0,1.0,4.0,9.0
"2026-05-02 01:21:43.30586","collector_002",21.6,42.2,0.0,19.6,8.4,6.6,56.0,1.0,4.0,9.0
"2026-05-02 01:26:44.480822","collector_002",21.5,42.4,0.0,19.6,8.4,6.6,56.0,1.0,4.0,9.0
"2026-05-02 01:31:45.485825","collector_002",21.5,42.3,0.0,19.6,8.4,6.6,56.0,1.0,4.0,9.0
"2026-05-02 01:36:46.595822","collector_002",21.5,42.3,0.0,19.5,8.4,6.6,56.0,1.0,4.0,9.0
"2026-05-02 01:41:47.566822","collector_002",21.5,42.5,0.0,19.6,8.4,6.6,56.0,1.0,4.0,9.0
"2026-05-02 01:46:48.584821","collector_002",21.5,42.7,0.0,19.5,8.4,6.6,56.0,1.0,4.0,9.0
"2026-05-02 01:51:49.754823","collector_002",21.5,42.4,0.0,19.5,8.4,6.6,56.0,1.0,4.0,9.0
"2026-05-02 01:56:50.900817","collector_002",21.5,43.1,0.0,19.6,8.4,6.6,56.0,1.0,4.0,9.0
"2026-05-02 02:01:51.927833","collector_002",21.5,42.5,0.0,19.5,8.3,6.6,56.0,1.0,4.0,9.0
"2026-05-02 02:06:53.338845","collector_002",21.5,42.9,0.0,19.5,8.4,6.6,56.0,1.0,4.0,9.0
"2026-05-02 02:11:54.623823","collector_002",21.5,43.2,0.0,19.5,8.4,6.6,56.0,1.0,4.0,9.0
"2026-05-02 02:16:55.767822","collector_002",21.5,43.0,0.0,19.5,8.3,6.6,56.0,1.0,4.0,9.0
"2026-05-02 02:21:56.923827","collector_002",21.5,43.4,0.0,19.5,8.4,6.6,56.0,1.0,4.0,9.0
"2026-05-02 02:26:57.977821","collector_002",21.5,43.9,0.0,19.5,8.3,6.6,56.0,1.0,4.0,9.0
"2026-05-02 02:31:59.166855","collector_002",21.4,44.2,0.0,19.5,8.3,6.6,56.0,1.0,4.0,9.0
"2026-05-02 02:37:00.343829","collector_002",21.3,43.8,0.0,19.5,8.3,6.6,55.0,1.0,3.0,9.0
"2026-05-02 02:42:01.306829","collector_002",21.3,43.5,0.0,19.4,8.3,6.6,55.0,1.0,3.0,9.0
"2026-05-02 02:47:02.419823","collector_002",21.3,43.3,0.0,19.4,8.3,6.6,55.0,1.0,3.0,9.0
"2026-05-02 02:52:03.546837","collector_002",21.4,44.1,0.0,19.4,8.3,6.6,55.0,1.0,3.0,9.0
"2026-05-02 02:57:04.617847","collector_002",21.3,43.4,0.0,19.4,8.3,6.6,55.0,1.0,3.0,9.0
"2026-05-02 03:02:05.805823","collector_002",21.3,43.9,0.0,19.4,8.3,6.6,55.0,1.0,3.0,9.0
"2026-05-02 03:07:06.877821","collector_002",21.2,43.9,0.0,19.3,8.1,6.6,55.0,1.0,3.0,9.0
"2026-05-02 03:12:07.951831","collector_002",21.3,43.9,0.0,19.3,8.1,6.6,55.0,1.0,3.0,9.0
"2026-05-02 03:17:09.131823","collector_002",21.2,44.0,0.0,19.3,8.3,6.6,55.0,1.0,3.0,9.0
"2026-05-02 03:22:10.158505","collector_002",21.2,43.8,0.0,19.3,8.1,6.6,55.0,1.0,3.0,9.0
"2026-05-02 03:27:11.435528","collector_002",21.2,44.2,0.0,19.3,8.3,6.6,55.0,1.0,3.0,9.0
"2026-05-02 03:32:12.461503","collector_002",21.2,44.6,0.0,19.3,8.1,6.6,55.0,1.0,3.0,9.0
"2026-05-02 03:37:13.594503","collector_002",21.2,44.8,0.0,19.3,8.1,6.6,55.0,1.0,3.0,9.0
"2026-05-02 03:42:14.653505","collector_002",21.2,44.2,0.0,19.2,8.1,6.6,55.0,1.0,3.0,9.0
"2026-05-02 03:47:15.717511","collector_002",21.2,44.2,0.0,19.2,8.1,6.6,55.0,1.0,3.0,9.0
"2026-05-02 03:52:16.924502","collector_002",21.2,44.9,0.0,19.2,8.1,6.6,55.0,1.0,3.0,9.0
"2026-05-02 03:57:18.045537","collector_002",21.2,44.7,0.0,19.2,8.1,6.6,55.0,1.0,3.0,9.0
"2026-05-02 04:02:19.218534","collector_002",21.1,44.6,0.0,19.2,8.1,6.6,55.0,1.0,3.0,9.0
"2026-05-02 04:07:20.473503","collector_002",21.1,44.8,0.0,19.2,8.1,6.6,55.0,1.0,3.0,9.0
"2026-05-02 04:12:21.610502","collector_002",21.1,45.4,0.0,19.2,8.1,6.6,55.0,1.0,3.0,9.0
"2026-05-02 04:17:22.736501","collector_002",21.1,46.2,0.0,19.1,8.1,6.6,54.0,1.0,3.0,9.0
"2026-05-02 04:22:23.881509","collector_002",21.0,45.6,0.0,19.1,8.1,6.6,54.0,1.0,3.0,9.0
"2026-05-02 04:27:25.066502","collector_002",21.0,45.9,0.0,19.1,8.1,6.6,54.0,1.0,3.0,9.0
"2026-05-02 04:32:26.220511","collector_002",20.9,46.5,0.0,19.0,8.1,6.6,54.0,1.0,3.0,9.0
"2026-05-02 04:37:27.24752","collector_002",20.9,46.5,1.0,19.0,8.1,6.6,54.0,1.0,3.0,9.0
"2026-05-02 04:42:28.450511","collector_002",20.8,46.8,1.0,19.0,8.1,6.5,54.0,1.0,3.0,9.0
"2026-05-02 04:47:29.881523","collector_002",20.8,47.2,1.0,18.9,8.0,6.5,54.0,1.0,3.0,9.0
"2026-05-02 04:52:31.227502","collector_002",20.8,46.9,1.0,18.9,8.0,6.5,54.0,1.0,3.0,9.0
"2026-05-02 04:57:32.504503","collector_002",20.9,46.2,1.0,18.9,8.0,6.5,54.0,1.0,3.0,9.0
"2026-05-02 05:02:33.655503","collector_002",20.7,47.4,1.0,18.9,8.0,6.5,54.0,1.0,3.0,9.0
"2026-05-02 05:07:34.773516","collector_002",20.8,46.8,1.0,18.9,8.0,6.5,54.0,1.0,3.0,9.0
"2026-05-02 05:12:36.087503","collector_002",20.7,47.5,1.0,18.8,8.0,6.5,54.0,1.0,3.0,9.0
"2026-05-02 05:17:37.478529","collector_002",20.7,46.9,2.0,18.8,8.0,6.5,54.0,1.0,3.0,9.0
"2026-05-02 05:22:38.753503","collector_002",20.8,47.0,3.0,18.8,8.0,6.6,54.0,1.0,3.0,9.0
"2026-05-02 05:27:39.978509","collector_002",20.7,47.3,7.0,18.8,8.0,6.5,54.0,1.0,3.0,9.0
"2026-05-02 05:32:41.481503","collector_002",20.7,47.5,12.0,18.8,8.0,6.6,54.0,1.0,3.0,9.0
"2026-05-02 05:37:42.867502","collector_002",20.7,46.9,23.0,18.8,8.0,6.5,54.0,1.0,3.0,9.0
"2026-05-02 05:42:44.626493","collector_002",20.8,47.1,38.0,18.8,8.0,6.5,53.0,1.0,3.0,9.0
"2026-05-02 05:47:46.136538","collector_002",20.8,46.9,57.0,18.7,8.0,6.5,53.0,1.0,3.0,9.0
"2026-05-02 05:52:47.858569","collector_002",20.7,47.6,78.0,18.7,8.0,6.5,53.0,1.0,3.0,9.0
"2026-05-02 05:57:49.621503","collector_002",20.7,47.4,93.0,18.7,8.0,6.5,53.0,1.0,3.0,9.0
"2026-05-02 06:02:51.279503","collector_002",20.8,47.1,100.0,18.7,8.0,6.5,53.0,1.0,3.0,9.0
"2026-05-02 06:07:52.993501","collector_002",20.8,47.3,132.0,18.7,8.0,6.5,53.0,1.0,3.0,9.0
"2026-05-02 06:12:54.721526","collector_002",20.7,47.1,152.0,18.7,8.0,6.5,53.0,1.0,3.0,9.0
"2026-05-02 06:17:56.355502","collector_002",20.7,47.4,191.0,18.7,7.9,6.5,53.0,1.0,3.0,9.0
"2026-05-02 06:22:57.947471","collector_002",20.8,47.7,219.0,18.7,7.9,6.5,53.0,1.0,3.0,9.0
"2026-05-02 06:27:59.694485","collector_002",20.8,47.3,246.0,18.6,7.9,6.5,53.0,1.0,3.0,9.0
"2026-05-02 06:33:01.377526","collector_002",20.8,47.5,329.0,18.6,7.9,6.5,53.0,1.0,3.0,9.0
"2026-05-02 06:38:03.150473","collector_002",20.7,47.6,430.0,18.6,7.9,6.5,53.0,1.0,3.0,9.0
"2026-05-02 06:43:04.832469","collector_002",21.0,46.7,621.0,18.6,7.9,6.5,53.0,1.0,3.0,9.0
"2026-05-02 06:48:07.033492","collector_002",21.2,46.3,941.0,18.6,7.9,6.5,53.0,1.0,3.0,9.0
"2026-05-02 06:53:08.528517","collector_002",21.3,46.2,967.0,18.7,8.0,6.5,53.0,1.0,3.0,9.0
"2026-05-02 06:58:10.263485","collector_002",21.3,46.3,819.0,18.7,8.0,6.5,53.0,1.0,3.0,9.0
"2026-05-02 07:03:11.996481","collector_002",21.4,45.4,803.0,18.7,8.0,6.6,53.0,1.0,3.0,9.0
"2026-05-02 07:08:13.613471","collector_002",21.5,45.6,1005.0,18.8,8.0,6.6,53.0,1.0,3.0,9.0
"2026-05-02 07:13:15.408487","collector_002",21.5,45.3,1147.0,18.8,7.9,6.6,53.0,1.0,3.0,9.0
"2026-05-02 07:18:17.052498","collector_002",21.6,45.5,1198.0,18.8,8.0,6.6,53.0,1.0,3.0,9.0
"2026-05-02 07:23:18.756467","collector_002",21.6,45.0,1115.0,18.9,8.1,6.6,53.0,1.0,3.0,9.0
"2026-05-02 07:28:20.507494","collector_002",21.7,45.3,1126.0,18.9,8.0,6.6,53.0,1.0,3.0,9.0
"2026-05-02 07:33:22.287504","collector_002",21.6,46.9,1097.0,18.9,8.0,6.6,53.0,1.0,3.0,9.0
"2026-05-02 07:38:23.651471","collector_002",21.8,45.3,1242.0,19.0,8.0,6.6,53.0,1.0,3.0,9.0
"2026-05-02 07:43:25.180471","collector_002",21.8,45.9,1310.0,19.0,8.1,6.6,53.0,1.0,3.0,9.0
"2026-05-02 07:48:26.687466","collector_002",22.0,44.9,1607.0,19.1,8.1,6.6,53.0,1.0,3.0,9.0
"2026-05-02 07:53:27.963467","collector_002",22.1,45.2,1677.0,19.1,8.0,6.6,53.0,1.0,3.0,9.0
"2026-05-02 07:58:29.383485","collector_002",22.1,47.4,1533.0,19.2,8.1,6.5,53.0,1.0,3.0,9.0
"2026-05-02 08:03:30.836473","collector_002",22.2,45.1,1833.0,19.2,8.1,6.5,53.0,1.0,3.0,9.0
"2026-05-02 08:08:32.095489","collector_002",22.3,44.8,1839.0,19.3,8.1,6.5,53.0,1.0,3.0,9.0
"2026-05-02 08:13:33.342466","collector_002",22.3,44.6,1728.0,19.3,8.1,6.5,53.0,1.0,3.0,9.0
"2026-05-02 08:18:34.847483","collector_002",22.4,44.6,1624.0,19.3,8.1,6.5,54.0,1.0,3.0,9.0
"2026-05-02 08:23:36.140466","collector_002",22.4,44.9,1567.0,19.4,8.1,6.5,54.0,1.0,3.0,9.0
"2026-05-02 08:28:37.546492","collector_002",22.4,44.2,1851.0,19.5,8.1,6.5,54.0,1.0,3.0,9.0
"2026-05-02 08:33:38.974466","collector_002",22.5,44.4,1847.0,19.5,8.1,6.5,54.0,1.0,3.0,9.0
"2026-05-02 08:38:40.703514","collector_002",22.6,45.4,1874.0,19.6,8.1,6.5,54.0,1.0,3.0,9.0
"2026-05-02 08:43:42.308469","collector_002",22.8,46.5,2123.0,19.6,8.1,6.5,54.0,1.0,3.0,9.0
"2026-05-02 08:48:43.995466","collector_002",22.9,45.8,2501.0,19.7,8.1,6.5,54.0,1.0,3.0,9.0
"2026-05-02 08:53:45.775467","collector_002",22.8,46.0,2084.0,19.7,8.1,6.5,54.0,1.0,3.0,9.0
"2026-05-02 08:58:47.234471","collector_002",22.7,46.3,1969.0,19.7,8.1,6.5,54.0,1.0,3.0,9.0
"2026-05-02 09:03:49.047466","collector_002",22.8,46.8,2082.0,19.8,8.1,6.5,54.0,1.0,3.0,9.0
"2026-05-02 09:08:50.793466","collector_002",23.0,46.5,2111.0,19.8,8.1,6.5,54.0,1.0,3.0,9.0
"2026-05-02 09:13:52.325475","collector_002",23.0,45.1,2303.0,19.8,8.1,6.5,54.0,1.0,3.0,9.0
"2026-05-02 09:18:54.107531","collector_002",23.1,44.1,2140.0,19.9,8.1,6.5,54.0,1.0,3.0,9.0
"2026-05-02 09:23:55.60333","collector_002",23.0,44.9,1908.0,19.9,8.1,6.5,54.0,1.0,3.0,9.0
"2026-05-02 09:28:56.910243","collector_002",22.9,43.7,1588.0,20.0,8.1,6.5,54.0,1.0,3.0,9.0
"2026-05-02 09:33:58.271243","collector_002",22.9,43.2,1616.0,20.1,8.1,6.5,54.0,1.0,3.0,9.0
"2026-05-02 09:38:59.659258","collector_002",23.0,42.9,1636.0,20.1,8.1,6.5,54.0,1.0,3.0,9.0
"2026-05-02 09:44:01.140254","collector_002",23.2,44.7,1975.0,20.2,8.1,6.5,54.0,1.0,3.0,9.0
"2026-05-02 09:49:02.51725","collector_002",23.2,44.2,1715.0,20.2,8.1,6.5,54.0,1.0,3.0,9.0
"2026-05-02 09:54:04.063251","collector_002",23.2,46.7,1749.0,20.2,8.1,6.5,54.0,1.0,3.0,9.0
"2026-05-02 09:59:05.406256","collector_002",23.3,44.3,1962.0,20.3,8.1,6.5,54.0,1.0,3.0,9.0
"2026-05-02 10:04:07.00528","collector_002",23.3,47.0,2082.0,20.3,8.3,6.5,54.0,1.0,3.0,9.0
"2026-05-02 10:09:08.388246","collector_002",23.3,43.3,2145.0,20.3,8.1,6.5,54.0,1.0,3.0,9.0
"2026-05-02 10:14:09.654236","collector_002",23.3,42.5,2078.0,20.4,8.3,6.5,54.0,1.0,3.0,9.0
"2026-05-02 10:19:10.970276","collector_002",23.4,46.6,2244.0,20.4,8.1,6.5,54.0,1.0,3.0,9.0
"2026-05-02 10:24:12.514284","collector_002",23.5,45.7,2412.0,20.4,8.3,6.5,54.0,1.0,3.0,9.0
"2026-05-02 10:29:14.067242","collector_002",23.5,44.8,2208.0,20.5,8.1,6.5,54.0,1.0,3.0,9.0
"2026-05-02 10:34:15.639254","collector_002",23.5,45.7,2075.0,20.5,8.3,6.5,54.0,1.0,3.0,9.0
"2026-05-02 10:39:17.230244","collector_002",23.5,45.0,1998.0,20.5,8.1,6.5,54.0,1.0,3.0,9.0
"2026-05-02 10:44:18.998254","collector_002",23.5,45.7,1942.0,20.6,8.3,6.5,54.0,1.0,3.0,9.0
"2026-05-02 10:49:20.685248","collector_002",23.6,44.4,2084.0,20.6,8.3,6.5,54.0,1.0,3.0,9.0
"2026-05-02 10:54:22.634266","collector_002",23.7,42.6,2342.0,20.6,8.3,6.5,54.0,1.0,3.0,9.0
"2026-05-02 10:59:24.420272","collector_002",23.8,42.1,2428.0,20.7,8.3,6.5,54.0,1.0,3.0,9.0
"2026-05-02 11:04:26.097254","collector_002",23.9,43.9,2498.0,20.7,8.3,6.5,54.0,1.0,3.0,9.0
"2026-05-02 11:09:27.842243","collector_002",23.9,44.5,2584.0,20.8,8.3,6.5,54.0,1.0,3.0,9.0
"2026-05-02 11:14:29.578261","collector_002",24.1,44.4,2552.0,20.8,8.3,6.5,54.0,1.0,3.0,9.0
"2026-05-02 11:19:31.522263","collector_002",24.1,41.7,2619.0,20.8,8.3,6.5,54.0,1.0,3.0,9.0
"2026-05-02 11:24:33.288256","collector_002",24.2,42.9,2566.0,20.9,8.3,6.5,54.0,1.0,3.0,9.0
"2026-05-02 11:29:35.175312","collector_002",24.2,43.0,2542.0,20.9,8.4,6.5,54.0,1.0,3.0,9.0
"2026-05-02 11:34:36.864257","collector_002",24.1,41.9,2448.0,21.0,8.3,6.5,55.0,1.0,3.0,9.0
"2026-05-02 11:39:38.402243","collector_002",24.2,42.8,2533.0,21.0,8.4,6.5,55.0,1.0,3.0,9.0
"2026-05-02 11:44:40.221254","collector_002",24.1,41.4,2545.0,21.1,8.4,6.5,55.0,1.0,3.0,9.0
"2026-05-02 11:49:41.895242","collector_002",24.1,42.8,2511.0,21.1,8.4,6.5,55.0,1.0,3.0,9.0
"2026-05-02 11:54:43.742287","collector_002",24.1,42.2,2388.0,21.1,8.4,6.5,55.0,1.0,3.0,9.0
"2026-05-02 11:59:45.628243","collector_002",24.0,42.3,2254.0,21.2,8.4,6.5,55.0,1.0,3.0,9.0
"2026-05-02 12:04:47.113271","collector_002",24.1,42.6,2255.0,21.2,8.4,6.5,55.0,1.0,3.0,9.0
"2026-05-02 12:09:48.710244","collector_002",24.3,44.1,2463.0,21.2,8.4,6.5,55.0,1.0,3.0,9.0
"2026-05-02 12:14:50.464257","collector_002",24.4,43.9,2626.0,21.2,8.4,6.5,55.0,1.0,3.0,9.0
"2026-05-02 12:19:52.168248","collector_002",24.4,43.3,2571.0,21.3,8.4,6.5,55.0,1.0,3.0,9.0
"2026-05-02 12:24:53.8501","collector_002",24.5,44.3,2494.0,21.3,8.4,6.5,55.0,1.0,3.0,9.0
"2026-05-02 12:29:55.577146","collector_002",24.5,44.0,2528.0,21.3,8.4,6.5,55.0,1.0,3.0,9.0
"2026-05-02 12:34:57.160091","collector_002",24.4,44.2,2159.0,21.3,8.4,6.5,55.0,1.0,3.0,9.0
"2026-05-02 12:39:58.465079","collector_002",24.4,44.7,2163.0,21.4,8.4,6.5,55.0,1.0,3.0,9.0
"2026-05-02 12:44:59.806127","collector_002",24.4,44.1,2127.0,21.4,8.4,6.5,55.0,1.0,3.0,9.0
"2026-05-02 12:50:01.234077","collector_002",24.4,44.2,2208.0,21.4,8.4,6.5,55.0,1.0,3.0,9.0
"2026-05-02 12:55:02.690075","collector_002",24.5,44.1,2334.0,21.4,8.4,6.5,55.0,1.0,3.0,9.0
"2026-05-02 13:00:04.008074","collector_002",24.5,43.2,2292.0,21.4,8.4,6.5,55.0,1.0,3.0,9.0
"2026-05-02 13:05:05.400117","collector_002",24.5,44.1,2307.0,21.5,8.4,6.5,55.0,1.0,3.0,9.0
"2026-05-02 13:10:06.735074","collector_002",24.6,44.1,2490.0,21.5,8.4,6.5,55.0,1.0,3.0,9.0
"2026-05-02 13:15:08.381099","collector_002",24.6,43.4,2383.0,21.5,8.4,6.5,55.0,1.0,3.0,9.0
"2026-05-02 13:20:09.958073","collector_002",24.6,44.0,2493.0,21.5,8.4,6.5,55.0,1.0,3.0,9.0
"2026-05-02 13:25:11.210093","collector_002",24.7,43.4,2628.0,21.6,8.4,6.5,55.0,1.0,3.0,9.0
"2026-05-02 13:30:12.63409","collector_002",24.8,43.6,2551.0,21.6,8.4,6.5,55.0,1.0,3.0,9.0
"2026-05-02 13:35:14.288077","collector_002",24.8,43.2,2493.0,21.6,8.3,6.5,55.0,1.0,3.0,9.0
"2026-05-02 13:40:15.829067","collector_002",24.9,43.6,2687.0,21.7,8.4,6.5,55.0,1.0,3.0,9.0
"2026-05-02 13:45:17.672079","collector_002",24.8,41.5,2447.0,21.7,8.4,6.5,55.0,1.0,3.0,9.0
"2026-05-02 13:50:19.303587","collector_002",24.8,43.6,2343.0,21.7,8.4,6.5,55.0,1.0,3.0,9.0
"2026-05-02 13:55:21.045089","collector_002",24.7,43.0,2210.0,21.8,8.4,6.5,55.0,1.0,3.0,9.0
"2026-05-02 14:00:23.226081","collector_002",24.8,42.9,2593.0,21.8,8.5,6.5,55.0,1.0,3.0,9.0
"2026-05-02 14:05:24.924115","collector_002",24.9,43.6,2646.0,21.8,8.4,6.5,55.0,1.0,3.0,9.0
"2026-05-02 14:10:26.491074","collector_002",24.8,42.2,2588.0,21.8,8.5,6.5,55.0,1.0,3.0,9.0
"2026-05-02 14:15:28.011074","collector_002",24.7,43.4,2438.0,21.8,8.4,6.5,55.0,1.0,3.0,9.0
"2026-05-02 14:20:29.653087","collector_002",24.7,43.0,2422.0,21.8,8.4,6.5,55.0,1.0,3.0,9.0
"2026-05-02 14:25:31.298589","collector_002",24.7,43.7,2348.0,21.8,8.4,6.5,55.0,1.0,3.0,9.0
"2026-05-02 14:30:32.817074","collector_002",24.7,43.9,2173.0,21.9,8.4,6.5,55.0,1.0,3.0,9.0
"2026-05-02 14:35:34.349551","collector_002",24.8,43.7,2158.0,21.9,8.4,6.5,54.0,1.0,3.0,9.0
"2026-05-02 14:40:35.813138","collector_002",24.7,44.1,2138.0,21.9,8.4,6.5,54.0,1.0,3.0,9.0
"2026-05-02 14:45:37.150075","collector_002",24.7,44.3,2148.0,21.9,8.4,6.5,54.0,1.0,3.0,9.0
"2026-05-02 14:50:38.738073","collector_002",24.6,43.9,1961.0,21.9,8.4,6.5,54.0,1.0,3.0,9.0
"2026-05-02 14:55:40.039074","collector_002",24.5,43.8,1962.0,21.9,8.4,6.5,54.0,1.0,3.0,9.0
"2026-05-02 15:00:41.589074","collector_002",24.4,44.4,1660.0,22.0,8.4,6.5,54.0,1.0,3.0,9.0
"2026-05-02 15:05:43.175104","collector_002",24.4,45.2,1714.0,22.0,8.4,6.5,54.0,1.0,3.0,9.0
"2026-05-02 15:10:44.444594","collector_002",24.4,45.0,1712.0,21.9,8.3,6.5,54.0,1.0,3.0,9.0
"2026-05-02 15:15:45.776115","collector_002",24.3,46.0,1595.0,21.9,8.4,6.5,54.0,1.0,3.0,9.0
"2026-05-02 15:20:47.199087","collector_002",24.3,46.7,1613.0,21.9,8.3,6.5,54.0,1.0,3.0,9.0
"2026-05-02 15:25:48.6931","collector_002",24.3,45.4,1693.0,21.9,8.4,6.5,54.0,1.0,3.0,9.0
"2026-05-02 15:30:50.216107","collector_002",24.3,44.9,1645.0,21.9,8.3,6.5,54.0,1.0,3.0,9.0
"2026-05-02 15:35:51.601126","collector_002",24.3,46.1,1532.0,21.9,8.3,6.5,54.0,1.0,3.0,9.0
"2026-05-02 15:40:53.165101","collector_002",24.2,47.2,1442.0,21.9,8.4,6.5,54.0,1.0,3.0,9.0
"2026-05-02 15:45:54.821103","collector_002",24.2,45.8,1384.0,21.9,8.3,6.5,54.0,1.0,3.0,9.0
"2026-05-02 15:50:56.398119","collector_002",24.1,46.0,1460.0,21.9,8.3,6.5,54.0,1.0,3.0,9.0
"2026-05-02 15:55:58.096115","collector_002",24.1,46.0,1476.0,21.9,8.3,6.5,54.0,1.0,3.0,9.0
"2026-05-02 16:00:59.9031","collector_002",24.0,46.2,1559.0,21.9,8.3,6.5,54.0,1.0,3.0,9.0
"2026-05-02 16:06:01.492115","collector_002",24.1,46.3,1662.0,21.9,8.3,6.5,54.0,1.0,3.0,9.0
"2026-05-02 16:11:03.056105","collector_002",24.1,47.4,1511.0,21.9,8.3,6.5,54.0,1.0,3.0,9.0
"2026-05-02 16:16:04.728103","collector_002",24.1,48.1,1375.0,21.9,8.3,6.5,54.0,1.0,3.0,9.0
"2026-05-02 16:21:06.225123","collector_002",24.0,47.6,1303.0,21.9,8.3,6.5,54.0,1.0,3.0,9.0
"2026-05-02 16:26:08.1611","collector_002",24.0,48.3,1193.0,21.9,8.3,6.5,54.0,1.0,3.0,9.0
"2026-05-02 16:31:09.348142","collector_002",24.0,47.0,1193.0,21.8,8.1,6.5,54.0,1.0,3.0,9.0
"2026-05-02 16:36:10.954099","collector_002",23.9,46.6,1092.0,21.8,8.1,6.5,54.0,1.0,3.0,9.0
"2026-05-02 16:41:12.122105","collector_002",23.9,47.8,1012.0,21.8,8.1,6.5,54.0,1.0,3.0,9.0
"2026-05-02 16:46:13.742101","collector_002",24.0,46.9,1060.0,21.8,8.1,6.5,54.0,1.0,3.0,9.0
"2026-05-02 16:51:15.181283","collector_002",24.0,48.3,1129.0,21.8,8.1,6.5,54.0,1.0,3.0,9.0
"2026-05-02 16:56:16.777111","collector_002",24.0,47.9,1267.0,21.8,8.1,6.5,54.0,1.0,3.0,9.0
"2026-05-02 17:01:18.356109","collector_002",24.0,47.2,1126.0,21.8,8.1,6.5,54.0,1.0,3.0,9.0
"2026-05-02 17:06:19.882115","collector_002",23.8,48.1,811.0,21.8,8.1,6.5,54.0,1.0,3.0,9.0
"2026-05-02 17:11:21.2811","collector_002",23.8,46.8,848.0,21.8,8.3,6.5,54.0,1.0,3.0,9.0
"2026-05-02 17:16:23.109105","collector_002",23.8,48.8,748.0,21.8,8.1,6.5,54.0,1.0,3.0,9.0
"2026-05-02 17:21:24.753119","collector_002",23.7,47.7,531.0,21.8,8.1,6.5,54.0,1.0,3.0,9.0
"2026-05-02 17:26:26.409123","collector_002",23.5,49.2,310.0,21.8,8.1,6.5,54.0,1.0,3.0,9.0
"2026-05-02 17:31:27.760119","collector_002",23.4,50.2,329.0,21.8,8.1,6.5,54.0,1.0,3.0,9.0
"2026-05-02 17:36:29.404105","collector_002",23.4,47.4,512.0,21.8,8.1,6.5,54.0,1.0,3.0,9.0
"2026-05-02 17:41:30.7401","collector_002",23.4,48.9,458.0,21.8,8.1,6.5,54.0,1.0,3.0,9.0
"2026-05-02 17:46:32.152144","collector_002",23.4,49.0,388.0,21.7,8.1,6.5,53.0,1.0,3.0,9.0
"2026-05-02 17:51:33.541115","collector_002",23.3,50.3,295.0,21.7,8.1,6.5,53.0,1.0,3.0,9.0
"2026-05-02 17:56:34.898152","collector_002",23.2,50.6,288.0,21.7,8.1,6.5,53.0,1.0,3.0,9.0
"2026-05-02 18:01:36.213111","collector_002",23.2,49.5,245.0,21.7,8.1,6.5,53.0,1.0,3.0,9.0
"2026-05-02 18:06:37.739136","collector_002",23.1,48.2,215.0,21.6,8.1,6.5,53.0,1.0,3.0,9.0
"2026-05-02 18:11:39.50612","collector_002",23.1,48.4,202.0,21.6,8.1,6.5,53.0,1.0,3.0,9.0
"2026-05-02 18:16:41.065103","collector_002",23.0,48.4,199.0,21.6,8.1,6.5,53.0,1.0,3.0,9.0
"2026-05-02 18:21:43.099945","collector_002",23.0,48.4,163.0,21.6,8.1,6.5,53.0,1.0,3.0,9.0
"2026-05-02 18:26:44.924928","collector_002",22.9,48.3,146.0,21.6,8.1,6.5,53.0,1.0,3.0,9.0
"2026-05-02 18:31:46.980921","collector_002",22.9,48.4,115.0,21.5,8.1,6.5,53.0,1.0,3.0,9.0
"2026-05-02 18:36:48.82897","collector_002",22.8,48.8,77.0,21.5,8.0,6.5,53.0,1.0,3.0,9.0
"2026-05-02 18:41:50.383921","collector_002",22.8,48.2,55.0,21.5,8.1,6.5,53.0,1.0,3.0,9.0
"2026-05-02 18:46:52.509928","collector_002",22.9,49.1,48.0,21.5,8.0,6.5,53.0,1.0,3.0,9.0
"2026-05-02 18:51:54.088928","collector_002",22.8,49.9,42.0,21.5,8.0,6.5,53.0,1.0,3.0,9.0
"2026-05-02 18:56:55.704921","collector_002",22.8,48.1,41.0,21.4,8.0,6.5,53.0,1.0,3.0,9.0
"2026-05-02 19:01:57.308921","collector_002",22.7,48.2,36.0,21.4,8.0,6.5,53.0,1.0,3.0,9.0
"2026-05-02 19:06:58.823962","collector_002",22.7,48.5,27.0,21.4,8.0,6.5,53.0,1.0,3.0,9.0
"2026-05-02 19:11:59.921955","collector_002",22.7,50.3,18.0,21.4,8.0,6.5,53.0,1.0,3.0,9.0
"2026-05-02 19:17:01.232938","collector_002",22.7,49.2,10.0,21.3,8.0,6.5,53.0,1.0,3.0,9.0
"2026-05-02 19:22:02.565922","collector_002",22.7,50.0,6.0,21.3,8.0,6.5,53.0,1.0,3.0,9.0
"2026-05-02 19:27:03.836001","collector_002",22.7,49.3,3.0,21.3,8.0,6.5,53.0,1.0,3.0,9.0
"2026-05-02 19:32:05.087928","collector_002",22.7,47.6,2.0,21.3,8.0,6.5,53.0,1.0,3.0,9.0
"2026-05-02 19:37:06.408921","collector_002",22.7,48.4,2.0,21.3,8.0,6.5,53.0,1.0,3.0,9.0
"2026-05-02 19:42:07.628921","collector_002",22.7,48.4,1.0,21.2,8.0,6.5,53.0,1.0,3.0,9.0
"2026-05-02 19:47:08.82193","collector_002",22.7,48.2,1.0,21.2,8.0,6.5,53.0,1.0,3.0,9.0
"2026-05-02 19:52:10.326922","collector_002",22.7,48.8,1.0,21.2,8.0,6.5,53.0,1.0,3.0,9.0
"2026-05-02 19:57:11.376946","collector_002",22.7,48.7,1.0,21.2,8.0,6.5,52.0,1.0,3.0,9.0
"2026-05-02 20:02:12.491922","collector_002",22.7,48.2,1.0,21.2,7.9,6.5,52.0,1.0,3.0,9.0
"2026-05-02 20:07:13.649921","collector_002",22.7,49.2,1.0,21.1,8.0,6.5,52.0,1.0,3.0,9.0
"2026-05-02 20:12:14.855916","collector_002",22.7,48.7,1.0,21.1,7.9,6.5,52.0,1.0,3.0,9.0
"2026-05-02 20:17:16.13793","collector_002",22.7,51.5,1.0,21.1,7.9,6.5,52.0,1.0,3.0,9.0
"2026-05-02 20:22:17.434922","collector_002",22.7,51.2,1.0,21.1,7.9,6.5,52.0,1.0,3.0,9.0
"2026-05-02 20:27:18.747922","collector_002",22.7,48.2,1.0,21.1,7.9,6.5,52.0,1.0,3.0,9.0
"2026-05-02 20:32:20.067914","collector_002",22.7,48.2,1.0,21.1,7.9,6.5,52.0,1.0,3.0,9.0
"2026-05-02 20:37:21.247924","collector_002",22.6,47.6,1.0,21.1,7.9,6.5,52.0,1.0,3.0,9.0
"2026-05-02 20:42:22.496921","collector_002",22.5,48.3,1.0,21.1,7.9,6.5,52.0,1.0,3.0,9.0
"2026-05-02 20:47:23.948921","collector_002",22.3,47.5,1.0,21.1,7.9,6.5,52.0,1.0,3.0,9.0
"2026-05-02 20:52:25.511942","collector_002",22.2,49.5,1.0,21.0,7.9,6.5,52.0,1.0,3.0,9.0
"2026-05-02 20:57:26.643994","collector_002",22.3,48.7,1.0,21.0,7.7,6.5,52.0,1.0,3.0,9.0
"2026-05-02 21:02:27.773928","collector_002",22.3,48.1,1.0,20.9,7.9,6.5,52.0,1.0,3.0,9.0
"2026-05-02 21:07:28.951921","collector_002",22.4,48.5,1.0,20.9,7.7,6.5,52.0,1.0,3.0,9.0
"2026-05-02 21:12:30.133928","collector_002",22.4,48.7,1.0,20.9,7.9,6.5,52.0,1.0,3.0,9.0
"2026-05-02 21:17:31.30193","collector_002",22.4,47.4,1.0,20.9,7.9,6.5,52.0,1.0,3.0,9.0
"2026-05-02 21:22:32.392684","collector_002",22.5,47.8,1.0,20.9,7.7,6.5,52.0,1.0,3.0,9.0
"2026-05-02 21:27:33.647653","collector_002",22.3,47.1,1.0,20.9,7.9,6.5,52.0,1.0,3.0,9.0
"2026-05-02 21:32:34.763656","collector_002",22.1,47.9,1.0,20.9,7.7,6.5,52.0,1.0,3.0,9.0
"2026-05-02 21:37:36.102664","collector_002",22.1,48.6,1.0,20.8,7.9,6.5,52.0,1.0,3.0,9.0
"2026-05-02 21:42:37.119656","collector_002",22.2,48.0,1.0,20.8,7.7,6.5,51.0,1.0,3.0,8.0
"2026-05-02 21:47:38.104658","collector_002",22.2,48.1,1.0,20.8,7.7,6.5,51.0,1.0,3.0,8.0
"2026-05-02 21:52:39.359654","collector_002",22.2,49.0,1.0,20.7,7.7,6.5,51.0,1.0,3.0,8.0
"2026-05-02 21:57:40.527668","collector_002",22.3,47.7,1.0,20.7,7.7,6.5,51.0,1.0,3.0,8.0
"2026-05-02 22:02:41.550704","collector_002",22.2,48.3,1.0,20.7,7.7,6.5,51.0,1.0,3.0,8.0
"2026-05-02 22:07:42.590673","collector_002",22.1,49.2,1.0,20.7,7.7,6.5,51.0,1.0,3.0,8.0
"2026-05-02 22:12:43.880654","collector_002",22.0,48.6,1.0,20.7,7.7,6.5,51.0,1.0,3.0,8.0
"2026-05-02 22:17:45.229654","collector_002",22.0,50.2,1.0,20.7,7.7,6.5,51.0,1.0,3.0,8.0
"2026-05-02 22:22:46.575654","collector_002",22.0,49.8,1.0,20.6,7.7,6.5,51.0,1.0,3.0,8.0
"2026-05-02 22:27:47.896654","collector_002",22.1,49.1,1.0,20.6,7.7,6.5,51.0,1.0,3.0,8.0
"2026-05-02 22:32:48.981656","collector_002",22.1,49.0,1.0,20.6,7.7,6.5,51.0,1.0,3.0,8.0
"2026-05-02 22:37:50.17667","collector_002",22.2,48.6,1.0,20.6,7.7,6.5,51.0,1.0,3.0,8.0
"2026-05-02 22:42:51.421656","collector_002",22.2,48.7,1.0,20.6,7.7,6.5,51.0,1.0,3.0,8.0
"2026-05-02 22:47:52.611653","collector_002",22.3,49.4,1.0,20.6,7.7,6.5,51.0,1.0,3.0,8.0
"2026-05-02 22:52:53.805656","collector_002",22.3,48.1,1.0,20.6,7.7,6.5,51.0,1.0,3.0,8.0
"2026-05-02 22:57:55.038673","collector_002",22.3,48.5,1.0,20.6,7.6,6.5,51.0,1.0,3.0,8.0
"2026-05-02 23:02:56.359653","collector_002",22.4,48.2,1.0,20.6,7.6,6.5,51.0,1.0,3.0,8.0
"2026-05-02 23:07:57.816697","collector_002",22.3,48.6,0.0,20.6,7.7,6.5,51.0,1.0,3.0,8.0
"2026-05-02 23:12:59.230658","collector_002",22.3,49.9,0.0,20.6,7.6,6.5,51.0,1.0,3.0,8.0
"2026-05-02 23:18:00.284684","collector_002",22.2,49.4,0.0,20.6,7.7,6.5,51.0,1.0,3.0,8.0
"2026-05-02 23:23:01.410653","collector_002",22.0,50.9,0.0,20.6,7.6,6.5,51.0,1.0,3.0,8.0
"2026-05-02 23:28:02.608653","collector_002",21.9,50.3,0.0,20.6,7.6,6.5,51.0,1.0,3.0,8.0
"2026-05-02 23:33:03.769664","collector_002",21.9,50.5,0.0,20.5,7.6,6.5,51.0,1.0,3.0,8.0
"2026-05-02 23:38:04.786685","collector_002",21.9,50.3,0.0,20.5,7.6,6.5,51.0,1.0,3.0,8.0
"2026-05-02 23:43:05.774652","collector_002",21.9,50.3,0.0,20.4,7.6,6.5,51.0,1.0,3.0,8.0
"2026-05-02 23:48:06.607677","collector_002",21.9,50.7,0.0,20.4,7.6,6.5,51.0,1.0,3.0,8.0
"2026-05-02 23:53:08.062212","collector_002",21.8,51.3,0.0,20.4,7.6,6.5,51.0,1.0,3.0,8.0
"2026-05-02 23:58:09.168653","collector_002",21.8,51.7,0.0,20.4,7.6,6.5,50.0,1.0,3.0,8.0
"2026-05-03 00:03:10.324653","collector_002",21.8,50.4,0.0,20.3,7.6,6.5,50.0,1.0,3.0,8.0
"2026-05-03 00:08:11.321652","collector_002",21.8,51.1,0.0,20.3,7.6,6.5,50.0,1.0,3.0,8.0
"2026-05-03 00:13:12.452656","collector_002",21.8,50.3,0.0,20.3,7.6,6.5,50.0,1.0,3.0,8.0
"2026-05-03 00:18:13.444668","collector_002",21.8,50.9,0.0,20.3,7.6,6.5,50.0,1.0,3.0,8.0
"2026-05-03 00:23:14.41847","collector_002",21.8,50.5,0.0,20.3,7.6,6.5,50.0,1.0,3.0,8.0
"2026-05-03 00:28:15.613469","collector_002",21.7,51.4,0.0,20.3,7.6,6.5,50.0,1.0,3.0,8.0
"2026-05-03 00:33:17.02547","collector_002",21.6,51.0,0.0,20.2,7.6,6.5,50.0,1.0,3.0,8.0
"2026-05-03 00:38:17.984508","collector_002",21.6,51.3,0.0,20.2,7.6,6.5,50.0,1.0,3.0,8.0
"2026-05-03 00:43:19.04447","collector_002",21.7,50.2,0.0,20.2,7.6,6.5,50.0,1.0,3.0,8.0
"2026-05-03 00:48:20.057468","collector_002",21.7,50.7,0.0,20.2,7.6,6.5,50.0,1.0,3.0,8.0
"2026-05-03 00:53:21.02947","collector_002",21.6,50.5,0.0,20.2,7.6,6.5,50.0,1.0,3.0,8.0
"2026-05-03 00:58:22.014478","collector_002",21.6,51.2,0.0,20.1,7.6,6.5,50.0,1.0,3.0,8.0
"2026-05-03 01:03:23.196469","collector_002",21.6,51.5,0.0,20.1,7.6,6.5,50.0,1.0,3.0,8.0
"2026-05-03 01:08:24.361469","collector_002",21.6,50.8,0.0,20.0,7.6,6.5,50.0,1.0,3.0,8.0
"2026-05-03 01:13:25.326469","collector_002",21.6,50.6,0.0,20.1,7.6,6.5,50.0,1.0,3.0,8.0
"2026-05-03 01:18:26.286469","collector_002",21.6,51.2,0.0,20.0,7.6,6.5,50.0,1.0,3.0,8.0
"2026-05-03 01:23:27.385469","collector_002",21.5,51.6,0.0,20.0,7.6,6.5,50.0,1.0,3.0,8.0
"2026-05-03 01:28:28.422506","collector_002",21.5,51.3,0.0,20.0,7.6,6.5,50.0,1.0,3.0,8.0
"2026-05-03 01:33:29.560474","collector_002",21.4,51.5,0.0,20.0,7.4,6.5,50.0,1.0,3.0,8.0
"2026-05-03 01:38:30.582508","collector_002",21.4,51.3,0.0,20.0,7.6,6.5,49.0,1.0,3.0,8.0
"2026-05-03 01:43:31.847485","collector_002",21.3,51.7,0.0,19.9,7.4,6.5,49.0,1.0,3.0,8.0
"2026-05-03 01:48:33.148469","collector_002",21.3,51.8,0.0,19.9,7.4,6.5,49.0,1.0,3.0,8.0
"2026-05-03 01:53:34.22547","collector_002",21.3,51.6,0.0,19.9,7.4,6.5,49.0,1.0,3.0,8.0
"2026-05-03 01:58:35.415504","collector_002",21.3,53.2,0.0,19.9,7.4,6.5,49.0,1.0,3.0,8.0
"2026-05-03 02:03:36.50247","collector_002",21.3,52.1,0.0,19.8,7.4,6.5,49.0,1.0,3.0,8.0
"2026-05-03 02:08:37.572469","collector_002",21.2,52.5,0.0,19.8,7.4,6.5,49.0,1.0,3.0,8.0
"2026-05-03 02:13:38.578464","collector_002",21.0,53.8,0.0,19.8,7.4,6.5,49.0,1.0,3.0,8.0
"2026-05-03 02:18:39.637491","collector_002",20.8,55.3,0.0,19.7,7.3,6.5,49.0,1.0,3.0,8.0
"2026-05-03 02:23:40.942476","collector_002",20.6,54.8,0.0,19.7,7.3,6.5,49.0,1.0,3.0,8.0
"2026-05-03 02:28:42.233469","collector_002",20.7,54.6,0.0,19.6,7.3,6.5,49.0,1.0,3.0,8.0
"2026-05-03 02:33:43.437476","collector_002",20.8,53.6,0.0,19.6,7.3,6.5,49.0,1.0,3.0,8.0
"2026-05-03 02:38:44.620469","collector_002",21.0,53.3,0.0,19.5,7.3,6.5,48.0,1.0,3.0,8.0
"2026-05-03 02:43:45.913469","collector_002",21.0,53.7,0.0,19.5,7.3,6.5,48.0,1.0,3.0,8.0
"2026-05-03 02:48:47.051474","collector_002",21.0,53.2,0.0,19.5,7.3,6.5,48.0,1.0,3.0,8.0
"2026-05-03 02:53:48.15451","collector_002",21.1,54.0,0.0,19.5,7.2,6.5,48.0,1.0,3.0,8.0
"2026-05-03 02:58:49.186482","collector_002",21.0,53.8,0.0,19.5,7.2,6.5,48.0,1.0,3.0,8.0
"2026-05-03 03:03:50.348485","collector_002",21.0,54.9,0.0,19.5,7.3,6.5,48.0,1.0,3.0,8.0
"2026-05-03 03:08:51.703464","collector_002",20.8,54.9,0.0,19.5,7.3,6.5,48.0,1.0,3.0,8.0
"2026-05-03 03:13:53.058474","collector_002",20.9,55.2,0.0,19.5,7.2,6.5,48.0,1.0,3.0,8.0
"2026-05-03 03:18:54.28148","collector_002",20.8,55.8,0.0,19.4,7.2,6.5,48.0,1.0,3.0,8.0
"2026-05-03 03:23:55.149139","collector_002",20.6,56.4,0.0,19.4,7.3,6.5,48.0,1.0,3.0,8.0
"2026-05-03 03:28:56.148139","collector_002",20.5,55.9,0.0,19.3,7.2,6.5,48.0,1.0,3.0,8.0
"2026-05-03 03:33:57.137147","collector_002",20.5,56.0,0.0,19.3,7.2,6.5,48.0,1.0,3.0,8.0
"2026-05-03 03:38:58.141147","collector_002",20.6,55.8,0.0,19.3,7.2,6.5,48.0,1.0,3.0,8.0
"2026-05-03 03:43:59.260145","collector_002",20.5,55.5,0.0,19.2,7.2,6.5,48.0,1.0,3.0,8.0
"2026-05-03 03:49:00.661134","collector_002",20.5,55.6,0.0,19.2,7.2,6.5,48.0,1.0,3.0,8.0
"2026-05-03 03:54:01.536134","collector_002",20.5,55.0,0.0,19.2,7.0,6.5,48.0,1.0,3.0,8.0
"2026-05-03 03:59:02.708133","collector_002",20.5,56.0,0.0,19.2,7.2,6.5,48.0,1.0,3.0,8.0
"2026-05-03 04:04:03.725135","collector_002",20.5,55.3,0.0,19.1,7.0,6.5,48.0,1.0,3.0,8.0
"2026-05-03 04:09:04.675135","collector_002",20.6,55.4,0.0,19.1,7.2,6.5,48.0,1.0,3.0,8.0
"2026-05-03 04:14:05.579129","collector_002",20.5,54.9,0.0,19.1,7.2,6.5,47.0,1.0,3.0,8.0
"2026-05-03 04:19:06.629133","collector_002",20.5,55.6,0.0,19.0,7.0,6.5,47.0,1.0,3.0,8.0
"2026-05-03 04:24:07.910139","collector_002",20.6,55.1,0.0,19.0,7.2,6.5,47.0,1.0,3.0,8.0
"2026-05-03 04:29:08.850145","collector_002",20.6,54.9,0.0,19.0,7.0,6.5,47.0,1.0,3.0,8.0
"2026-05-03 04:34:09.745139","collector_002",20.6,55.0,0.0,19.0,7.0,6.5,47.0,1.0,3.0,8.0
"2026-05-03 04:39:10.963134","collector_002",20.6,55.5,0.0,19.0,7.0,6.5,47.0,1.0,3.0,8.0
"2026-05-03 04:44:12.962135","collector_002",20.5,55.3,1.0,19.0,7.0,6.5,47.0,1.0,3.0,8.0
"2026-05-03 04:49:14.139141","collector_002",20.5,55.4,1.0,19.0,7.0,6.5,47.0,1.0,3.0,8.0
"2026-05-03 04:54:15.420143","collector_002",20.5,54.8,1.0,18.9,7.0,6.5,47.0,1.0,3.0,8.0
"2026-05-03 04:59:16.641143","collector_002",20.5,55.1,1.0,18.9,7.0,6.5,47.0,1.0,3.0,8.0
"2026-05-03 05:04:17.810134","collector_002",20.5,54.8,1.0,18.9,7.0,6.5,47.0,1.0,3.0,8.0
"2026-05-03 05:09:19.030143","collector_002",20.5,54.5,1.0,18.9,7.0,6.5,47.0,1.0,3.0,8.0
"2026-05-03 05:14:20.236141","collector_002",20.5,55.1,1.0,18.9,7.0,6.5,47.0,1.0,3.0,8.0
"2026-05-03 05:19:21.399134","collector_002",20.5,55.6,1.0,18.9,7.0,6.5,47.0,1.0,3.0,8.0
"2026-05-03 05:24:22.613134","collector_002",20.5,55.4,2.0,18.9,7.2,6.5,47.0,1.0,3.0,8.0
"2026-05-03 05:29:24.078139","collector_002",20.4,56.3,3.0,18.9,7.0,6.5,47.0,1.0,3.0,8.0
"2026-05-03 05:34:25.526137","collector_002",20.4,55.0,3.0,18.9,7.0,6.5,47.0,1.0,3.0,8.0
"2026-05-03 05:39:26.951135","collector_002",20.5,55.2,5.0,18.9,7.0,6.5,47.0,1.0,3.0,8.0
"2026-05-03 05:44:28.421135","collector_002",20.5,55.4,8.0,18.9,7.0,6.5,47.0,1.0,3.0,8.0
"2026-05-03 05:49:29.803145","collector_002",20.6,54.8,13.0,18.9,7.0,6.5,47.0,1.0,3.0,8.0
"2026-05-03 05:54:31.095137","collector_002",20.6,54.3,27.0,18.8,7.0,6.5,47.0,1.0,3.0,8.0
"2026-05-03 05:59:32.178135","collector_002",20.6,54.8,27.0,18.9,7.0,6.5,47.0,1.0,3.0,8.0
"2026-05-03 06:04:33.376134","collector_002",20.6,54.5,34.0,18.9,7.0,6.5,47.0,1.0,3.0,8.0
"2026-05-03 06:09:34.85216","collector_002",20.6,54.0,48.0,18.8,7.0,6.5,47.0,1.0,3.0,8.0
"2026-05-03 06:14:36.380169","collector_002",20.5,55.2,40.0,18.8,7.0,6.5,46.0,1.0,3.0,8.0
"2026-05-03 06:19:37.913176","collector_002",20.5,54.3,78.0,18.8,7.0,6.5,46.0,1.0,3.0,8.0
"2026-05-03 06:24:39.579049","collector_002",20.5,54.4,49.0,18.8,7.0,6.5,46.0,1.0,3.0,8.0
"2026-05-03 06:29:41.411063","collector_002",20.5,54.2,56.0,18.8,7.0,6.5,46.0,1.0,3.0,8.0
"2026-05-03 06:34:43.367059","collector_002",20.5,53.9,90.0,18.8,7.0,6.5,46.0,1.0,3.0,8.0
"2026-05-03 06:39:45.162031","collector_002",20.7,53.3,78.0,18.8,7.0,6.5,46.0,1.0,3.0,8.0
"2026-05-03 06:44:46.961033","collector_002",20.7,53.4,111.0,18.8,7.0,6.5,46.0,1.0,3.0,8.0
"2026-05-03 06:49:48.485035","collector_002",20.8,53.0,142.0,18.8,7.0,6.5,46.0,1.0,3.0,8.0
"2026-05-03 06:54:49.892069","collector_002",20.9,52.8,125.0,18.8,7.0,6.5,46.0,1.0,3.0,8.0
"2026-05-03 06:59:51.373544","collector_002",21.0,52.3,178.0,18.9,7.0,6.5,46.0,1.0,3.0,8.0
"2026-05-03 07:04:52.78706","collector_002",21.1,52.2,160.0,18.9,7.0,6.5,46.0,1.0,3.0,8.0
"2026-05-03 07:09:54.195032","collector_002",21.1,52.2,170.0,18.9,7.0,6.5,46.0,1.0,3.0,8.0
"2026-05-03 07:14:55.509032","collector_002",21.0,52.8,132.0,18.9,7.0,6.5,46.0,1.0,3.0,8.0
"2026-05-03 07:19:56.932055","collector_002",20.9,53.0,115.0,18.9,7.0,6.5,46.0,1.0,3.0,8.0
"2026-05-03 07:24:58.300035","collector_002",20.9,52.7,139.0,19.0,7.0,6.5,46.0,1.0,3.0,8.0
"2026-05-03 07:29:59.720075","collector_002",21.0,52.5,125.0,18.9,7.0,6.5,46.0,1.0,3.0,8.0
"2026-05-03 07:35:01.199041","collector_002",21.0,52.5,120.0,19.0,7.0,6.5,46.0,1.0,3.0,8.0
"2026-05-03 07:40:02.456039","collector_002",21.0,52.9,112.0,19.0,7.0,6.5,46.0,1.0,3.0,8.0
"2026-05-03 07:45:03.676039","collector_002",20.9,53.6,110.0,19.0,7.0,6.5,46.0,1.0,3.0,8.0
"2026-05-03 07:50:04.965043","collector_002",20.9,52.4,90.0,19.0,7.0,6.5,46.0,1.0,3.0,8.0
"2026-05-03 07:55:06.408088","collector_002",20.8,53.4,119.0,18.9,7.0,6.5,46.0,1.0,3.0,8.0
"2026-05-03 08:00:07.918037","collector_002",20.7,53.7,178.0,18.9,7.0,6.5,46.0,1.0,3.0,8.0
"2026-05-03 08:05:09.675051","collector_002",20.8,52.9,253.0,18.9,7.0,6.5,46.0,1.0,3.0,8.0
"2026-05-03 08:10:11.169041","collector_002",20.8,52.6,272.0,18.9,7.0,6.5,46.0,1.0,3.0,8.0
"2026-05-03 08:15:12.398143","collector_002",20.9,52.6,277.0,18.9,7.0,6.5,46.0,1.0,3.0,8.0
"2026-05-03 08:20:13.686039","collector_002",20.9,52.4,357.0,18.9,7.0,6.5,46.0,1.0,3.0,8.0
"2026-05-03 08:25:14.945037","collector_002",20.9,52.4,377.0,18.9,7.0,6.5,46.0,1.0,3.0,8.0
"2026-05-03 08:30:16.187136","collector_002",21.0,52.3,338.0,18.9,7.0,6.5,46.0,1.0,3.0,8.0
"2026-05-03 08:35:17.512043","collector_002",21.0,52.2,397.0,18.9,7.0,6.5,46.0,1.0,3.0,8.0
"2026-05-03 08:40:18.984097","collector_002",21.0,52.6,385.0,18.9,7.0,6.5,46.0,1.0,3.0,8.0
"2026-05-03 08:45:20.48303","collector_002",21.0,53.9,616.0,18.9,7.0,6.5,46.0,1.0,3.0,8.0
"2026-05-03 08:50:21.638047","collector_002",21.0,53.1,622.0,18.9,7.0,6.5,46.0,1.0,3.0,8.0
"2026-05-03 08:55:23.079045","collector_002",20.9,52.6,623.0,18.9,7.0,6.5,46.0,1.0,3.0,8.0
"2026-05-03 09:00:24.278031","collector_002",20.9,53.4,705.0,18.9,7.0,6.5,46.0,1.0,3.0,8.0
"2026-05-03 09:05:25.590032","collector_002",20.8,52.5,658.0,18.9,7.0,6.5,46.0,1.0,3.0,8.0
"2026-05-03 09:10:27.168031","collector_002",20.9,52.7,650.0,18.9,7.0,6.5,46.0,1.0,3.0,8.0
"2026-05-03 09:15:28.813031","collector_002",21.0,52.3,698.0,18.9,6.9,6.5,46.0,1.0,3.0,8.0
"2026-05-03 09:20:30.626075","collector_002",20.9,52.9,683.0,18.9,7.0,6.5,46.0,1.0,3.0,8.0
"2026-05-03 09:25:32.066099","collector_002",20.8,52.1,627.0,18.9,7.0,6.5,46.0,1.0,3.0,8.0
"2026-05-03 09:30:33.554583","collector_002",20.6,51.9,687.0,18.9,7.0,6.5,45.0,1.0,3.0,7.0
"2026-05-03 09:35:34.769081","collector_002",20.7,52.2,679.0,18.9,7.0,6.4,45.0,1.0,3.0,7.0
"2026-05-03 09:40:36.157095","collector_002",20.7,52.6,649.0,18.8,6.9,6.4,45.0,1.0,3.0,7.0
"2026-05-03 09:45:37.556102","collector_002",20.7,52.2,655.0,18.8,6.9,6.4,45.0,1.0,3.0,7.0
"2026-05-03 09:50:38.966079","collector_002",20.8,51.8,812.0,18.8,7.0,6.4,45.0,1.0,3.0,7.0
"2026-05-03 09:55:40.236083","collector_002",20.8,51.9,785.0,18.8,6.9,6.4,45.0,1.0,3.0,7.0
"2026-05-03 10:00:41.510074","collector_002",20.8,51.9,694.0,18.8,6.9,6.4,45.0,1.0,3.0,7.0
"2026-05-03 10:05:42.777076","collector_002",20.8,52.5,650.0,18.8,6.9,6.4,45.0,1.0,3.0,7.0
"2026-05-03 10:10:43.986077","collector_002",20.8,52.1,752.0,18.8,6.9,6.5,45.0,1.0,3.0,7.0
"2026-05-03 10:15:45.459077","collector_002",20.8,52.3,824.0,18.8,6.9,6.5,45.0,1.0,3.0,7.0
"2026-05-03 10:20:46.993076","collector_002",20.8,52.3,761.0,18.8,6.9,6.5,45.0,1.0,3.0,7.0
"2026-05-03 10:25:48.458135","collector_002",20.7,52.3,558.0,18.8,6.9,6.5,45.0,1.0,3.0,7.0
"2026-05-03 10:30:50.032074","collector_002",20.7,52.6,638.0,18.8,6.9,6.5,45.0,1.0,3.0,7.0
"2026-05-03 10:35:51.110134","collector_002",20.7,51.7,1066.0,18.8,6.9,6.5,45.0,1.0,3.0,7.0
"2026-05-03 10:40:52.424076","collector_002",20.7,52.7,1003.0,18.8,6.9,6.5,45.0,1.0,3.0,7.0
"2026-05-03 10:45:53.854076","collector_002",20.8,52.6,962.0,18.8,6.9,6.5,45.0,1.0,3.0,7.0
"2026-05-03 10:50:55.342097","collector_002",20.8,52.6,789.0,18.8,6.9,6.5,45.0,1.0,3.0,7.0
"2026-05-03 10:55:56.614075","collector_002",20.8,53.2,798.0,18.8,6.9,6.5,45.0,1.0,3.0,7.0
"2026-05-03 11:00:57.696113","collector_002",20.8,52.6,473.0,18.8,6.9,6.4,45.0,1.0,3.0,7.0
"2026-05-03 11:05:58.807081","collector_002",20.8,52.3,393.0,18.8,6.9,6.5,45.0,1.0,3.0,7.0
"2026-05-03 11:11:00.105079","collector_002",20.9,52.2,350.0,18.8,6.7,6.5,45.0,1.0,3.0,7.0
"2026-05-03 11:16:01.492077","collector_002",21.0,52.6,429.0,18.8,6.9,6.5,45.0,1.0,3.0,7.0
"2026-05-03 11:21:02.891093","collector_002",21.0,53.2,467.0,18.8,6.9,6.5,45.0,1.0,3.0,7.0
"2026-05-03 11:26:04.172117","collector_002",20.9,53.5,560.0,18.9,6.9,6.5,45.0,1.0,3.0,7.0
"2026-05-03 11:31:05.478083","collector_002",21.0,52.8,451.0,18.9,6.9,6.5,45.0,1.0,3.0,7.0
"2026-05-03 11:36:08.479077","collector_002",20.9,53.1,488.0,18.9,6.9,6.5,45.0,1.0,3.0,7.0
"2026-05-03 11:41:09.970075","collector_002",21.0,52.7,656.0,18.9,6.9,6.5,45.0,1.0,3.0,7.0
"2026-05-03 11:46:11.131071","collector_002",20.9,53.5,909.0,18.9,6.9,6.5,45.0,1.0,3.0,7.0
"2026-05-03 11:51:12.779091","collector_002",20.8,53.3,821.0,18.9,6.9,6.5,45.0,1.0,3.0,7.0
"2026-05-03 11:56:14.122075","collector_002",20.7,55.1,728.0,18.8,6.7,6.5,45.0,1.0,3.0,7.0
"2026-05-03 12:01:15.367099","collector_002",20.7,54.0,954.0,18.8,6.7,6.5,45.0,1.0,3.0,7.0
"2026-05-03 12:06:16.555097","collector_002",20.7,53.7,862.0,18.8,6.9,6.4,45.0,1.0,3.0,7.0
"2026-05-03 12:11:17.897085","collector_002",20.8,53.3,1017.0,18.8,6.7,6.4,44.0,1.0,3.0,7.0
"2026-05-03 12:16:19.188076","collector_002",20.9,53.2,907.0,18.8,6.7,6.4,44.0,1.0,3.0,7.0
"2026-05-03 12:21:20.428095","collector_002",20.8,53.9,676.0,18.8,6.9,6.4,44.0,1.0,3.0,7.0
"2026-05-03 12:26:21.694622","collector_002",20.8,54.1,783.0,18.8,6.7,6.5,44.0,1.0,3.0,7.0
"2026-05-03 12:31:23.150611","collector_002",20.8,53.2,762.0,18.8,6.7,6.4,44.0,1.0,3.0,7.0
"2026-05-03 12:36:24.642644","collector_002",20.9,54.2,810.0,18.8,6.9,6.4,44.0,1.0,3.0,7.0
"2026-05-03 12:41:26.073606","collector_002",21.1,52.9,1208.0,18.8,6.7,6.4,44.0,1.0,3.0,7.0
"2026-05-03 12:46:27.238614","collector_002",21.2,53.7,1406.0,18.8,6.7,6.5,44.0,1.0,3.0,7.0
"2026-05-03 12:51:28.514612","collector_002",21.3,52.8,1175.0,18.9,6.9,6.4,44.0,1.0,3.0,7.0
"2026-05-03 12:56:29.805122","collector_002",21.5,52.2,1688.0,18.9,6.9,6.5,44.0,1.0,3.0,7.0
"2026-05-03 13:01:31.14363","collector_002",21.7,51.4,1703.0,18.9,6.9,6.5,44.0,1.0,3.0,7.0
"2026-05-03 13:06:32.541611","collector_002",21.7,52.9,1771.0,19.0,6.9,6.5,45.0,1.0,3.0,7.0
"2026-05-03 13:11:33.91565","collector_002",21.8,52.9,1305.0,19.0,6.9,6.5,45.0,1.0,3.0,7.0
"2026-05-03 13:16:35.327127","collector_002",21.6,52.4,847.0,19.1,6.9,6.5,45.0,1.0,3.0,7.0
"2026-05-03 13:21:36.568665","collector_002",21.6,51.6,1243.0,19.2,6.9,6.5,45.0,1.0,3.0,7.0
"2026-05-03 13:26:37.835664","collector_002",21.7,52.8,1549.0,19.2,6.9,6.5,45.0,1.0,3.0,7.0
"2026-05-03 13:31:39.116628","collector_002",21.6,51.6,996.0,19.2,6.9,6.5,45.0,1.0,3.0,7.0
"2026-05-03 13:36:40.677612","collector_002",21.6,52.8,1506.0,19.2,6.9,6.5,45.0,1.0,3.0,7.0
"2026-05-03 13:41:42.022612","collector_002",21.6,52.4,1084.0,19.3,6.9,6.5,45.0,1.0,3.0,7.0
"2026-05-03 13:46:43.242642","collector_002",21.6,52.0,1634.0,19.2,6.9,6.5,45.0,1.0,3.0,7.0
"2026-05-03 13:51:44.547626","collector_002",21.9,51.1,1895.0,19.3,6.9,6.4,45.0,1.0,3.0,7.0
"2026-05-03 13:56:45.909661","collector_002",21.9,51.1,1485.0,19.3,6.9,6.5,45.0,1.0,3.0,7.0
"2026-05-03 14:01:47.51163","collector_002",21.9,50.2,1140.0,19.3,6.9,6.5,45.0,1.0,3.0,7.0
"2026-05-03 14:06:48.789632","collector_002",21.9,50.9,1129.0,19.4,6.9,6.4,45.0,1.0,3.0,7.0
"2026-05-03 14:11:50.054618","collector_002",21.8,50.4,1065.0,19.4,6.9,6.5,45.0,1.0,3.0,7.0
"2026-05-03 14:16:51.195155","collector_002",21.8,51.0,1131.0,19.4,6.9,6.4,45.0,1.0,3.0,7.0
"2026-05-03 14:21:52.376611","collector_002",21.7,51.6,1187.0,19.4,6.9,6.4,45.0,1.0,3.0,7.0
"2026-05-03 14:26:53.60261","collector_002",21.9,51.6,1300.0,19.4,6.9,6.4,45.0,1.0,3.0,7.0
"2026-05-03 14:31:54.937656","collector_002",22.0,50.9,1351.0,19.5,6.9,6.4,45.0,1.0,3.0,7.0
"2026-05-03 14:36:56.346611","collector_002",21.9,52.1,1242.0,19.5,6.9,6.4,45.0,1.0,3.0,7.0
"2026-05-03 14:41:57.45961","collector_002",22.0,51.3,1366.0,19.5,6.9,6.4,45.0,1.0,3.0,7.0
"2026-05-03 14:46:58.879627","collector_002",22.1,50.6,1348.0,19.5,6.9,6.4,45.0,1.0,3.0,7.0
"2026-05-03 14:52:00.139626","collector_002",22.2,49.9,1635.0,19.6,7.0,6.5,45.0,1.0,3.0,7.0
"2026-05-03 14:57:01.532611","collector_002",21.7,49.7,1843.0,19.6,6.9,6.5,45.0,1.0,3.0,7.0
"2026-05-03 15:02:03.111628","collector_002",22.0,49.0,1902.0,19.6,7.0,6.4,45.0,1.0,3.0,7.0
"2026-05-03 15:07:04.750616","collector_002",22.0,50.2,1661.0,19.6,6.9,6.4,45.0,1.0,3.0,7.0
"2026-05-03 15:12:05.869614","collector_002",22.1,50.2,1802.0,19.6,6.9,6.4,45.0,1.0,3.0,7.0
"2026-05-03 15:17:07.073135","collector_002",22.1,50.1,1762.0,19.6,6.9,6.4,45.0,1.0,3.0,7.0
"2026-05-03 15:22:08.092332","collector_002",22.2,50.9,1721.0,19.6,6.9,6.4,45.0,1.0,3.0,7.0
"2026-05-03 15:27:09.313263","collector_002",22.1,48.3,1508.0,19.7,7.0,6.4,45.0,1.0,3.0,7.0
"2026-05-03 15:32:10.851262","collector_002",21.9,50.1,1547.0,19.6,6.9,6.4,45.0,1.0,3.0,7.0
"2026-05-03 15:37:12.234262","collector_002",21.8,49.4,1385.0,19.7,6.9,6.4,45.0,1.0,3.0,7.0
"2026-05-03 15:42:13.425304","collector_002",22.1,49.8,1708.0,19.7,6.9,6.4,45.0,1.0,3.0,7.0
"2026-05-03 15:47:14.661262","collector_002",22.0,49.6,1416.0,19.7,6.9,6.4,45.0,1.0,3.0,7.0
"2026-05-03 15:52:15.831261","collector_002",22.1,51.5,1539.0,19.7,6.9,6.4,45.0,1.0,3.0,7.0
"2026-05-03 15:57:17.204261","collector_002",22.1,48.7,1007.0,19.7,6.9,6.4,45.0,1.0,3.0,7.0
"2026-05-03 16:02:18.593261","collector_002",21.9,50.3,565.0,19.7,6.9,6.4,44.0,1.0,3.0,7.0
"2026-05-03 16:07:19.888265","collector_002",21.9,49.3,478.0,19.7,6.9,6.4,44.0,1.0,3.0,7.0
"2026-05-03 16:12:21.178262","collector_002",21.7,49.3,303.0,19.7,6.9,6.4,45.0,1.0,3.0,7.0
"2026-05-03 16:17:22.518262","collector_002",21.5,49.5,281.0,19.7,6.9,6.4,44.0,1.0,3.0,7.0
"2026-05-03 16:22:23.84929","collector_002",21.4,50.8,253.0,19.7,6.9,6.4,44.0,1.0,3.0,7.0
"2026-05-03 16:27:25.095771","collector_002",21.4,50.9,296.0,19.7,6.7,6.4,44.0,1.0,3.0,7.0
"2026-05-03 16:32:26.561262","collector_002",21.3,50.0,302.0,19.6,6.9,6.4,44.0,1.0,3.0,7.0
"2026-05-03 16:37:28.316302","collector_002",21.1,51.3,217.0,19.6,6.7,6.4,44.0,1.0,3.0,7.0
"2026-05-03 16:42:30.121267","collector_002",20.9,52.2,296.0,19.5,6.7,6.4,44.0,1.0,3.0,7.0
"2026-05-03 16:47:31.760261","collector_002",20.9,51.3,360.0,19.5,6.7,6.4,44.0,1.0,3.0,7.0
"2026-05-03 16:52:33.367808","collector_002",21.0,51.8,240.0,19.4,6.6,6.4,44.0,1.0,3.0,7.0
"2026-05-03 16:57:34.927269","collector_002",20.9,51.4,298.0,19.4,6.6,6.4,44.0,1.0,3.0,7.0
"2026-05-03 17:02:36.322273","collector_002",20.8,51.7,359.0,19.4,6.6,6.4,44.0,1.0,3.0,7.0
"2026-05-03 17:07:37.655273","collector_002",20.7,52.2,256.0,19.3,6.6,6.4,44.0,1.0,3.0,7.0
"2026-05-03 17:12:38.942269","collector_002",20.4,52.3,207.0,19.3,6.6,6.4,44.0,1.0,3.0,7.0
"2026-05-03 17:17:40.298262","collector_002",20.3,52.3,141.0,19.2,6.6,6.4,44.0,1.0,3.0,7.0
"2026-05-03 17:22:41.876267","collector_002",20.4,52.0,158.0,19.2,6.5,6.4,44.0,1.0,3.0,7.0
"2026-05-03 17:27:43.295257","collector_002",20.3,52.6,102.0,19.1,6.6,6.4,44.0,1.0,3.0,7.0
"2026-05-03 17:32:44.543297","collector_002",20.4,52.7,84.0,19.0,6.5,6.4,44.0,1.0,3.0,7.0
"2026-05-03 17:37:45.903301","collector_002",20.4,52.4,92.0,19.0,6.6,6.4,44.0,1.0,3.0,7.0
"2026-05-03 17:42:47.190267","collector_002",20.4,52.3,76.0,19.0,6.5,6.4,43.0,1.0,3.0,7.0
"2026-05-03 17:47:48.727281","collector_002",20.4,53.2,133.0,18.9,6.5,6.4,43.0,1.0,3.0,7.0
"2026-05-03 17:52:50.002306","collector_002",20.5,52.3,153.0,18.9,6.5,6.4,43.0,1.0,3.0,7.0
"2026-05-03 17:57:51.594767","collector_002",20.6,52.1,71.0,18.9,6.5,6.4,43.0,1.0,3.0,7.0
"2026-05-03 18:02:53.186267","collector_002",20.6,51.6,83.0,18.9,6.5,6.4,43.0,1.0,3.0,7.0
"2026-05-03 18:07:54.588261","collector_002",20.5,52.3,64.0,18.9,6.5,6.4,43.0,1.0,3.0,7.0
"2026-05-03 18:12:55.932317","collector_002",20.6,51.9,99.0,18.9,6.6,6.4,43.0,1.0,3.0,7.0
"2026-05-03 18:17:57.387262","collector_002",20.7,51.6,69.0,18.9,6.6,6.4,43.0,1.0,3.0,7.0
"2026-05-03 18:22:58.653854","collector_002",20.8,51.4,65.0,18.9,6.6,6.4,43.0,1.0,3.0,7.0
"2026-05-03 18:28:00.048874","collector_002",20.8,51.0,53.0,18.9,6.5,6.4,43.0,1.0,3.0,7.0
"2026-05-03 18:33:01.347854","collector_002",20.8,51.2,58.0,18.9,6.6,6.4,43.0,1.0,3.0,7.0
"2026-05-03 18:38:02.710866","collector_002",20.8,52.0,35.0,18.9,6.5,6.4,43.0,1.0,3.0,7.0
"2026-05-03 18:43:03.940409","collector_002",20.8,52.0,28.0,19.0,6.6,6.4,43.0,1.0,3.0,7.0
"2026-05-03 18:48:05.409859","collector_002",20.8,50.9,20.0,18.9,6.5,6.4,43.0,1.0,3.0,7.0
"2026-05-03 18:53:06.583866","collector_002",20.9,52.1,12.0,19.0,6.5,6.4,43.0,1.0,3.0,7.0
"2026-05-03 18:58:08.018864","collector_002",20.9,52.0,16.0,19.0,6.5,6.4,43.0,1.0,3.0,7.0
"2026-05-03 19:03:09.341864","collector_002",20.9,50.9,8.0,19.0,6.6,6.4,43.0,1.0,3.0,7.0
"2026-05-03 19:08:10.739929","collector_002",20.9,51.6,7.0,19.0,6.5,6.4,43.0,1.0,3.0,7.0
"2026-05-03 19:13:12.22288","collector_002",20.9,51.7,4.0,19.0,6.6,6.4,43.0,1.0,3.0,7.0
"2026-05-03 19:18:13.71786","collector_002",20.9,51.4,3.0,19.0,6.6,6.4,43.0,1.0,3.0,7.0
"2026-05-03 19:23:15.427895","collector_002",20.8,50.8,3.0,19.0,6.5,6.4,43.0,1.0,3.0,7.0
"2026-05-03 19:28:17.097882","collector_002",20.6,51.5,2.0,19.0,6.5,6.4,43.0,1.0,3.0,7.0
"2026-05-03 19:33:18.17986","collector_002",20.5,52.3,2.0,19.0,6.5,6.4,43.0,1.0,3.0,7.0
"2026-05-03 19:38:19.208886","collector_002",20.4,52.6,1.0,18.9,6.5,6.4,43.0,1.0,3.0,7.0
"2026-05-03 19:43:20.507864","collector_002",20.3,52.4,1.0,18.9,6.5,6.4,43.0,1.0,3.0,7.0
"2026-05-03 19:48:21.619859","collector_002",20.3,53.2,1.0,18.9,6.5,6.4,43.0,1.0,3.0,7.0
"2026-05-03 19:53:22.810859","collector_002",20.2,53.3,1.0,18.8,6.5,6.4,43.0,1.0,3.0,7.0
"2026-05-03 19:58:24.038866","collector_002",20.1,53.6,1.0,18.8,6.5,6.4,43.0,1.0,3.0,7.0
"2026-05-03 20:03:25.404874","collector_002",20.1,53.9,1.0,18.7,6.5,6.4,42.0,1.0,3.0,7.0
"2026-05-03 20:08:26.564899","collector_002",20.0,53.9,1.0,18.7,6.5,6.4,42.0,1.0,3.0,7.0
"2026-05-03 20:13:27.880858","collector_002",20.0,53.7,1.0,18.6,6.5,6.4,42.0,1.0,3.0,7.0
"2026-05-03 20:18:29.227897","collector_002",20.0,54.0,1.0,18.6,6.5,6.4,42.0,1.0,3.0,7.0
"2026-05-03 20:23:30.496859","collector_002",19.9,54.0,1.0,18.6,6.5,6.4,42.0,1.0,3.0,7.0
"2026-05-03 20:28:31.507859","collector_002",19.8,53.9,1.0,18.5,6.5,6.4,42.0,1.0,3.0,7.0
"2026-05-03 20:33:32.71586","collector_002",19.9,54.2,1.0,18.5,6.5,6.4,42.0,1.0,3.0,7.0
"2026-05-03 20:38:33.950859","collector_002",20.0,53.6,1.0,18.5,6.5,6.4,42.0,1.0,3.0,7.0
"2026-05-03 20:43:34.975864","collector_002",20.0,53.3,1.0,18.5,6.5,6.4,42.0,1.0,3.0,7.0
"2026-05-03 20:48:36.049859","collector_002",20.2,52.6,1.0,18.5,6.5,6.4,42.0,1.0,3.0,7.0
"2026-05-03 20:53:37.235862","collector_002",20.3,52.1,1.0,18.5,6.5,6.4,42.0,1.0,3.0,7.0
"2026-05-03 20:58:38.456857","collector_002",20.4,52.5,1.0,18.5,6.5,6.4,42.0,1.0,3.0,7.0
"2026-05-03 21:03:39.859899","collector_002",20.5,52.0,1.0,18.5,6.5,6.4,42.0,1.0,3.0,7.0
"2026-05-03 21:08:40.913859","collector_002",20.5,52.2,1.0,18.5,6.5,6.4,42.0,1.0,3.0,7.0
"2026-05-03 21:13:42.03388","collector_002",20.7,51.8,1.0,18.6,6.5,6.4,42.0,1.0,3.0,7.0
"2026-05-03 21:18:43.250874","collector_002",20.8,50.9,1.0,18.6,6.5,6.4,42.0,1.0,3.0,7.0
"2026-05-03 21:23:44.304598","collector_002",20.8,50.8,1.0,18.6,6.5,6.4,42.0,1.0,3.0,7.0
"2026-05-03 21:28:45.587131","collector_002",20.9,51.1,1.0,18.7,6.5,6.4,42.0,1.0,3.0,7.0
"2026-05-03 21:33:46.737158","collector_002",21.0,50.3,1.0,18.7,6.5,6.4,42.0,1.0,3.0,7.0
"2026-05-03 21:38:48.04912","collector_002",21.1,50.5,1.0,18.8,6.5,6.4,42.0,1.0,3.0,7.0
"2026-05-03 21:43:49.041162","collector_002",21.0,50.5,1.0,18.8,6.5,6.4,42.0,1.0,3.0,7.0
"2026-05-03 21:48:50.329115","collector_002",21.1,50.5,1.0,18.8,6.5,6.4,42.0,1.0,3.0,7.0
"2026-05-03 21:53:51.6682","collector_002",21.1,50.8,1.0,18.9,6.5,6.4,42.0,1.0,3.0,7.0
"2026-05-03 21:58:52.814149","collector_002",21.1,50.4,1.0,18.9,6.5,6.4,42.0,1.0,3.0,7.0
"2026-05-03 22:03:54.069155","collector_002",21.1,50.2,1.0,18.9,6.5,6.4,42.0,1.0,3.0,7.0
"2026-05-03 22:08:55.140211","collector_002",21.1,50.8,1.0,18.9,6.5,6.4,42.0,1.0,3.0,7.0
"2026-05-03 22:13:56.144123","collector_002",21.0,51.0,1.0,18.9,6.5,6.4,42.0,1.0,3.0,7.0
"2026-05-03 22:18:57.174125","collector_002",21.0,51.1,1.0,19.0,6.5,6.4,42.0,1.0,3.0,7.0
"2026-05-03 22:23:58.28312","collector_002",21.1,50.8,1.0,19.0,6.5,6.4,42.0,1.0,3.0,7.0
"2026-05-03 22:28:59.547149","collector_002",21.1,50.5,1.0,19.0,6.5,6.4,42.0,1.0,3.0,7.0
"2026-05-03 22:34:01.010125","collector_002",21.1,50.7,1.0,19.0,6.5,6.4,42.0,1.0,3.0,7.0
"2026-05-03 22:39:02.01912","collector_002",21.1,50.5,1.0,19.0,6.5,6.4,42.0,1.0,3.0,7.0
"2026-05-03 22:44:03.29312","collector_002",21.1,51.0,1.0,19.0,6.5,6.4,42.0,1.0,3.0,7.0
"2026-05-03 22:49:04.298137","collector_002",21.1,51.3,1.0,19.1,6.5,6.4,42.0,1.0,3.0,7.0
"2026-05-03 22:54:05.318137","collector_002",21.1,50.5,1.0,19.0,6.5,6.4,42.0,1.0,3.0,7.0
"2026-05-03 22:59:06.34512","collector_002",21.1,50.8,1.0,19.0,6.5,6.4,42.0,1.0,3.0,7.0
"2026-05-03 23:04:07.407141","collector_002",21.1,51.9,0.0,19.0,6.5,6.4,42.0,1.0,3.0,7.0
"2026-05-03 23:09:08.369145","collector_002",21.0,51.0,0.0,19.0,6.5,6.4,42.0,1.0,3.0,7.0
"2026-05-03 23:14:09.702125","collector_002",21.0,51.7,0.0,19.0,6.5,6.4,42.0,1.0,3.0,7.0
"2026-05-03 23:19:10.79712","collector_002",21.1,50.6,0.0,19.0,6.5,6.4,42.0,1.0,3.0,7.0
"2026-05-03 23:24:11.74112","collector_002",21.1,51.0,0.0,19.0,6.5,6.4,42.0,1.0,3.0,7.0
"2026-05-03 23:29:12.800131","collector_002",21.1,51.0,0.0,19.1,6.5,6.4,42.0,1.0,3.0,7.0
"2026-05-03 23:34:13.849249","collector_002",21.1,50.8,0.0,19.1,6.5,6.4,42.0,1.0,3.0,7.0
"2026-05-03 23:39:14.93312","collector_002",21.1,51.2,0.0,19.1,6.5,6.4,42.0,1.0,3.0,7.0
"2026-05-03 23:44:15.934127","collector_002",21.1,50.6,0.0,19.1,6.5,6.4,42.0,1.0,3.0,7.0
"2026-05-03 23:49:17.062137","collector_002",21.1,51.6,0.0,19.1,6.5,6.4,42.0,1.0,3.0,7.0
"2026-05-03 23:54:18.091133","collector_002",20.9,52.1,0.0,19.1,6.5,6.4,42.0,1.0,3.0,7.0
"2026-05-03 23:59:19.038125","collector_002",20.8,52.9,0.0,19.1,6.5,6.4,42.0,1.0,3.0,7.0
"2026-05-04 00:04:20.093131","collector_002",20.5,52.7,0.0,19.1,6.5,6.4,42.0,1.0,3.0,7.0
"2026-05-04 00:09:21.084123","collector_002",20.4,53.5,0.0,19.0,6.5,6.4,42.0,1.0,3.0,7.0
"2026-05-04 00:14:22.155119","collector_002",20.3,53.1,0.0,18.9,6.3,6.4,42.0,1.0,3.0,7.0
"2026-05-04 00:19:23.189355","collector_002",20.3,53.1,0.0,18.9,6.3,6.4,42.0,1.0,3.0,7.0
"2026-05-04 00:24:24.302202","collector_002",20.0,53.5,0.0,18.8,6.3,6.4,42.0,1.0,3.0,7.0
"2026-05-04 00:29:25.224254","collector_002",19.9,54.5,0.0,18.8,6.2,6.4,42.0,1.0,3.0,7.0
"2026-05-04 00:34:26.227698","collector_002",19.7,54.1,0.0,18.7,6.2,6.4,41.0,1.0,2.0,7.0
"2026-05-04 00:39:27.423196","collector_002",19.4,54.0,0.0,18.6,6.2,6.4,41.0,1.0,2.0,7.0
"2026-05-04 00:44:28.489195","collector_002",19.1,54.3,0.0,18.5,6.2,6.4,41.0,1.0,2.0,7.0
"2026-05-04 00:49:29.474231","collector_002",19.1,53.6,0.0,18.5,6.1,6.4,41.0,1.0,2.0,7.0
"2026-05-04 00:54:30.55221","collector_002",18.7,53.4,0.0,18.3,6.1,6.4,41.0,1.0,2.0,7.0
"2026-05-04 00:59:31.8122","collector_002",18.8,53.6,0.0,18.2,6.1,6.4,41.0,1.0,2.0,7.0
"2026-05-04 01:04:33.177195","collector_002",18.7,52.5,0.0,18.1,5.9,6.4,40.0,1.0,2.0,7.0
"2026-05-04 01:09:34.274196","collector_002",18.3,53.3,0.0,18.0,5.9,6.4,40.0,1.0,2.0,7.0
"2026-05-04 01:14:35.353219","collector_002",17.9,53.2,0.0,17.9,5.9,6.4,40.0,1.0,2.0,7.0
"2026-05-04 01:19:36.271194","collector_002",17.7,53.2,0.0,17.8,5.9,6.4,40.0,1.0,2.0,7.0
"2026-05-04 01:24:37.27919","collector_002",18.0,52.3,0.0,17.6,5.9,6.4,40.0,1.0,2.0,7.0
"2026-05-04 01:29:38.25622","collector_002",18.0,51.9,0.0,17.5,5.9,6.4,40.0,1.0,2.0,7.0
"2026-05-04 01:34:39.287324","collector_002",17.9,51.7,0.0,17.4,5.9,6.4,40.0,1.0,2.0,7.0
"2026-05-04 01:39:40.563195","collector_002",18.0,51.7,0.0,17.4,5.9,6.4,39.0,1.0,2.0,6.0
"2026-05-04 01:44:41.553317","collector_002",17.8,51.1,0.0,17.3,5.9,6.4,39.0,1.0,2.0,6.0
"2026-05-04 01:49:42.645188","collector_002",17.6,51.3,0.0,17.2,5.8,6.4,39.0,1.0,2.0,6.0
"2026-05-04 01:54:43.712196","collector_002",17.2,51.9,0.0,17.1,5.8,6.4,39.0,1.0,2.0,6.0
"2026-05-04 01:59:44.668194","collector_002",17.4,51.8,0.0,17.0,5.8,6.4,39.0,1.0,2.0,6.0
"2026-05-04 02:04:45.648206","collector_002",17.6,51.2,0.0,16.9,5.6,6.4,39.0,1.0,2.0,6.0
"2026-05-04 02:09:46.582217","collector_002",17.4,51.3,0.0,16.9,5.6,6.4,39.0,1.0,2.0,6.0
"2026-05-04 02:14:47.8862","collector_002",17.6,50.5,0.0,16.8,5.6,6.4,39.0,1.0,2.0,6.0
"2026-05-04 02:19:48.90119","collector_002",17.5,50.8,0.0,16.8,5.6,6.4,39.0,1.0,2.0,6.0
"2026-05-04 02:24:49.93419","collector_002",17.5,50.0,0.0,16.7,5.6,6.4,39.0,1.0,2.0,6.0
"2026-05-04 02:29:50.967196","collector_002",17.6,49.9,0.0,16.7,5.6,6.4,38.0,0.0,2.0,6.0
"2026-05-04 02:34:51.971216","collector_002",17.7,49.8,0.0,16.7,5.6,6.4,38.0,0.0,2.0,6.0
"2026-05-04 02:39:53.028195","collector_002",17.7,49.6,0.0,16.6,5.6,6.4,38.0,0.0,2.0,6.0
"2026-05-04 02:44:53.851195","collector_002",17.5,48.9,0.0,16.6,5.6,6.4,38.0,0.0,2.0,6.0
"2026-05-04 02:49:54.969208","collector_002",17.5,49.1,0.0,16.6,5.6,6.4,38.0,0.0,2.0,6.0
"2026-05-04 02:54:56.016196","collector_002",17.6,49.3,0.0,16.5,5.6,6.4,38.0,0.0,2.0,6.0
"2026-05-04 02:59:56.932212","collector_002",17.3,48.4,0.0,16.5,5.6,6.4,38.0,0.0,2.0,6.0
"2026-05-04 03:04:57.921195","collector_002",17.3,49.1,0.0,16.5,5.6,6.4,38.0,0.0,2.0,6.0
"2026-05-04 03:09:58.838195","collector_002",17.2,48.5,0.0,16.4,5.5,6.4,38.0,0.0,2.0,6.0
"2026-05-04 03:14:59.817186","collector_002",16.8,48.8,0.0,16.4,5.6,6.4,38.0,0.0,2.0,6.0
"2026-05-04 03:20:00.669206","collector_002",17.1,48.1,0.0,16.3,5.5,6.4,38.0,0.0,2.0,6.0
"2026-05-04 03:25:01.824986","collector_002",17.4,48.3,0.0,16.2,5.5,6.4,38.0,0.0,2.0,6.0
"2026-05-04 03:30:02.829979","collector_002",17.5,47.9,0.0,16.2,5.5,6.4,38.0,0.0,2.0,6.0
"2026-05-04 03:35:03.717984","collector_002",17.2,47.7,0.0,16.2,5.5,6.4,38.0,0.0,2.0,6.0
"2026-05-04 03:40:04.774979","collector_002",17.0,48.5,0.0,16.2,5.5,6.4,38.0,0.0,2.0,6.0
"2026-05-04 03:45:05.851974","collector_002",17.4,47.4,0.0,16.1,5.4,6.4,38.0,0.0,2.0,6.0
"2026-05-04 03:50:07.000979","collector_002",17.4,48.5,0.0,16.1,5.5,6.4,38.0,0.0,2.0,6.0
"2026-05-04 03:55:07.983977","collector_002",17.2,48.4,0.0,16.1,5.5,6.4,37.0,0.0,2.0,6.0
"2026-05-04 04:00:09.172994","collector_002",17.2,47.9,0.0,16.1,5.5,6.4,37.0,0.0,2.0,6.0
"2026-05-04 04:05:09.995979","collector_002",17.4,48.3,0.0,16.0,5.5,6.4,37.0,0.0,2.0,6.0
"2026-05-04 04:10:11.011974","collector_002",17.4,48.0,0.0,16.0,5.5,6.4,37.0,0.0,2.0,6.0
"2026-05-04 04:15:12.008979","collector_002",17.4,48.4,0.0,16.0,5.5,6.4,37.0,0.0,2.0,6.0
"2026-05-04 04:20:12.941994","collector_002",17.4,47.9,0.0,16.0,5.5,6.4,37.0,0.0,2.0,6.0
"2026-05-04 04:25:13.876979","collector_002",17.5,48.2,0.0,16.0,5.5,6.4,37.0,0.0,2.0,6.0
"2026-05-04 04:30:14.824986","collector_002",17.4,49.1,0.0,16.0,5.5,6.4,37.0,0.0,2.0,6.0
"2026-05-04 04:35:16.203984","collector_002",17.4,47.3,0.0,15.9,5.5,6.4,37.0,0.0,2.0,6.0
"2026-05-04 04:40:17.167979","collector_002",17.1,48.5,0.0,15.9,5.5,6.4,37.0,0.0,2.0,6.0
"2026-05-04 04:45:18.27701","collector_002",17.2,47.8,1.0,15.9,5.5,6.4,37.0,0.0,2.0,6.0
"2026-05-04 04:50:19.479974","collector_002",17.1,49.3,1.0,15.9,5.4,6.4,37.0,0.0,2.0,6.0
"2026-05-04 04:55:20.719979","collector_002",17.1,48.2,1.0,15.8,5.4,6.4,37.0,0.0,2.0,6.0
"2026-05-04 05:00:21.789977","collector_002",17.2,48.8,1.0,15.8,5.4,6.4,37.0,0.0,2.0,6.0
"2026-05-04 05:05:22.979011","collector_002",17.2,48.5,2.0,15.8,5.4,6.4,37.0,0.0,2.0,6.0
"2026-05-04 05:10:24.21102","collector_002",17.3,48.3,2.0,15.8,5.4,6.4,37.0,0.0,2.0,6.0
"2026-05-04 05:15:25.654031","collector_002",17.3,48.4,3.0,15.8,5.4,6.4,37.0,0.0,2.0,6.0
"2026-05-04 05:20:27.042979","collector_002",17.4,48.2,7.0,15.8,5.4,6.4,37.0,0.0,2.0,6.0
"2026-05-04 05:25:28.36298","collector_002",17.6,47.3,14.0,15.8,5.4,6.4,37.0,0.0,2.0,6.0
"2026-05-04 05:30:29.76998","collector_002",17.9,47.0,27.0,15.8,5.4,6.4,37.0,0.0,2.0,6.0
"2026-05-04 05:35:31.159979","collector_002",17.9,46.3,48.0,15.8,5.5,6.4,37.0,0.0,2.0,6.0
"2026-05-04 05:40:32.631017","collector_002",18.0,46.6,80.0,15.8,5.4,6.4,37.0,0.0,2.0,6.0
"2026-05-04 05:45:34.05899","collector_002",18.1,46.7,120.0,15.9,5.5,6.4,37.0,0.0,2.0,6.0
"2026-05-04 05:50:35.62198","collector_002",18.2,45.9,169.0,15.9,5.5,6.4,37.0,0.0,2.0,6.0
"2026-05-04 05:55:36.980978","collector_002",18.3,46.5,223.0,16.0,5.5,6.4,37.0,0.0,2.0,6.0
"2026-05-04 06:00:38.187016","collector_002",18.3,46.7,283.0,16.0,5.5,6.5,37.0,0.0,2.0,6.0
"2026-05-04 06:05:39.709008","collector_002",18.4,45.8,341.0,16.0,5.5,6.5,37.0,0.0,2.0,6.0
"2026-05-04 06:10:41.149979","collector_002",18.4,46.2,399.0,16.1,5.5,6.5,37.0,0.0,2.0,6.0
"2026-05-04 06:15:42.438978","collector_002",18.4,46.2,453.0,16.1,5.5,6.5,37.0,0.0,2.0,6.0
"2026-05-04 06:20:44.046979","collector_002",18.5,46.1,503.0,16.1,5.5,6.5,37.0,0.0,2.0,6.0
"2026-05-04 06:25:45.312743","collector_002",18.6,46.5,554.0,16.1,5.5,6.5,37.0,0.0,2.0,6.0
"2026-05-04 06:30:46.961755","collector_002",18.6,45.5,603.0,16.2,5.5,6.5,37.0,0.0,2.0,6.0
"2026-05-04 06:35:48.497737","collector_002",18.5,46.4,643.0,16.2,5.5,6.5,37.0,0.0,2.0,6.0
"2026-05-04 06:40:50.127755","collector_002",18.6,46.4,675.0,16.2,5.5,6.5,37.0,0.0,2.0,6.0
"2026-05-04 06:45:51.804773","collector_002",18.5,47.0,713.0,16.2,5.5,6.4,37.0,0.0,2.0,6.0
"2026-05-04 06:50:53.327747","collector_002",18.5,46.3,755.0,16.2,5.5,6.4,37.0,0.0,2.0,6.0
"2026-05-04 06:55:54.680736","collector_002",18.6,47.2,791.0,16.2,5.5,6.4,37.0,0.0,2.0,6.0
"2026-05-04 07:00:56.057743","collector_002",18.5,46.8,821.0,16.2,5.5,6.4,37.0,0.0,2.0,6.0
"2026-05-04 07:05:57.56785","collector_002",18.6,46.3,847.0,16.2,5.5,6.4,37.0,0.0,2.0,6.0
"2026-05-04 07:10:58.913194","collector_002",18.7,46.2,875.0,16.2,5.5,6.4,37.0,0.0,2.0,6.0
"2026-05-04 07:16:00.139782","collector_002",18.8,45.9,893.0,16.3,5.5,6.4,37.0,0.0,2.0,6.0
"2026-05-04 07:21:01.315735","collector_002",19.0,45.5,917.0,16.3,5.5,6.4,37.0,0.0,2.0,6.0
"2026-05-04 07:26:02.761767","collector_002",19.1,44.9,937.0,16.4,5.5,6.4,37.0,0.0,2.0,6.0
"2026-05-04 07:31:04.249735","collector_002",19.2,44.9,956.0,16.4,5.5,6.4,37.0,0.0,2.0,6.0
"2026-05-04 07:36:05.305736","collector_002",19.4,45.9,979.0,16.5,5.5,6.4,37.0,0.0,2.0,6.0
"2026-05-04 07:41:06.480734","collector_002",19.4,44.7,994.0,16.5,5.5,6.4,37.0,0.0,2.0,6.0
"2026-05-04 07:46:08.100257","collector_002",19.3,45.5,1006.0,16.6,5.6,6.5,37.0,0.0,2.0,6.0
"2026-05-04 07:51:09.630767","collector_002",19.4,45.4,1007.0,16.6,5.5,6.4,37.0,0.0,2.0,6.0
"2026-05-04 07:56:11.056736","collector_002",19.4,45.1,1000.0,16.7,5.6,6.4,37.0,0.0,2.0,6.0
"2026-05-04 08:01:12.352746","collector_002",19.5,44.6,1001.0,16.7,5.6,6.4,37.0,0.0,2.0,6.0
"2026-05-04 08:06:13.810755","collector_002",19.5,45.8,992.0,16.7,5.5,6.4,37.0,0.0,2.0,6.0
"2026-05-04 08:11:14.993743","collector_002",19.7,44.8,992.0,16.8,5.6,6.4,37.0,0.0,2.0,6.0
"2026-05-04 08:16:16.291773","collector_002",19.8,43.9,999.0,16.8,5.6,6.4,37.0,0.0,2.0,6.0
"2026-05-04 08:21:17.55275","collector_002",19.6,44.4,1001.0,16.9,5.6,6.4,37.0,0.0,2.0,6.0
"2026-05-04 08:26:18.833741","collector_002",19.6,44.9,1006.0,16.9,5.6,6.4,37.0,0.0,2.0,6.0
"2026-05-04 08:31:20.202737","collector_002",19.8,44.4,1007.0,16.9,5.6,6.4,37.0,0.0,2.0,6.0
"2026-05-04 08:36:21.555736","collector_002",19.9,44.3,1010.0,16.9,5.6,6.4,37.0,0.0,2.0,6.0
"2026-05-04 08:41:22.816737","collector_002",19.9,44.7,1009.0,17.0,5.6,6.4,37.0,0.0,2.0,6.0
"2026-05-04 08:46:23.899772","collector_002",19.8,43.8,1017.0,17.0,5.6,6.4,37.0,0.0,2.0,6.0
"2026-05-04 08:51:25.352737","collector_002",19.6,43.9,1021.0,17.1,5.6,6.4,37.0,0.0,2.0,6.0
"2026-05-04 08:56:26.571751","collector_002",19.6,44.0,1030.0,17.1,5.6,6.4,37.0,0.0,2.0,6.0
"2026-05-04 09:01:27.789747","collector_002",19.8,43.3,1032.0,17.1,5.6,6.4,37.0,0.0,2.0,6.0
"2026-05-04 09:06:28.922762","collector_002",19.9,43.5,1032.0,17.1,5.6,6.4,37.0,0.0,2.0,6.0
"2026-05-04 09:11:30.037729","collector_002",19.8,43.6,1034.0,17.2,5.6,6.4,37.0,0.0,2.0,6.0
"2026-05-04 09:16:31.334745","collector_002",19.7,44.2,1035.0,17.2,5.6,6.4,37.0,0.0,2.0,6.0
"2026-05-04 09:21:32.569369","collector_002",19.8,42.8,1038.0,17.2,5.6,6.4,37.0,0.0,2.0,6.0
"2026-05-04 09:26:33.797383","collector_002",19.7,42.9,1038.0,17.2,5.6,6.4,37.0,0.0,2.0,6.0
"2026-05-04 09:31:35.055367","collector_002",19.7,43.7,1040.0,17.2,5.6,6.4,37.0,0.0,2.0,6.0
"2026-05-04 09:36:36.413369","collector_002",19.9,43.5,1037.0,17.2,5.6,6.4,37.0,0.0,2.0,6.0
"2026-05-04 09:41:38.133373","collector_002",20.1,42.8,1038.0,17.3,5.6,6.4,37.0,0.0,2.0,6.0
"2026-05-04 09:46:40.337371","collector_002",20.2,43.3,1037.0,17.3,5.6,6.4,37.0,0.0,2.0,6.0
"2026-05-04 09:51:41.693369","collector_002",20.1,42.6,1033.0,17.4,5.6,6.4,37.0,0.0,2.0,6.0
"2026-05-04 09:56:43.303397","collector_002",20.1,42.0,1032.0,17.4,5.6,6.4,37.0,0.0,2.0,6.0
"2026-05-04 10:01:45.085086","collector_002",19.7,41.8,1028.0,17.4,5.6,6.4,37.0,0.0,2.0,6.0
"2026-05-04 10:06:47.507373","collector_002",20.0,41.7,1024.0,17.4,5.6,6.4,37.0,0.0,2.0,6.0
"2026-05-04 10:11:49.268367","collector_002",20.2,42.8,1017.0,17.4,5.6,6.4,37.0,0.0,2.0,6.0
"2026-05-04 10:16:50.850397","collector_002",20.2,41.1,1011.0,17.5,5.6,6.4,37.0,0.0,2.0,6.0
"2026-05-04 10:21:52.834366","collector_002",19.9,41.2,1009.0,17.5,5.6,6.4,37.0,0.0,2.0,6.0
"2026-05-04 10:26:54.308366","collector_002",20.1,42.8,1007.0,17.5,5.6,6.4,37.0,0.0,2.0,6.0
"2026-05-04 10:31:55.701379","collector_002",20.1,41.4,1002.0,17.6,5.6,6.4,37.0,0.0,2.0,6.0
"2026-05-04 10:36:57.001367","collector_002",20.0,41.2,1000.0,17.6,5.6,6.4,37.0,0.0,2.0,6.0
"2026-05-04 10:41:58.785427","collector_002",19.9,40.8,993.0,17.6,5.6,6.4,37.0,0.0,2.0,6.0
"2026-05-04 10:47:00.347367","collector_002",20.1,40.7,996.0,17.6,5.6,6.4,37.0,0.0,2.0,6.0
"2026-05-04 10:52:01.959371","collector_002",20.0,40.9,1000.0,17.6,5.6,6.4,37.0,0.0,2.0,6.0
"2026-05-04 10:57:03.581879","collector_002",20.2,40.2,1188.0,17.6,5.6,6.4,37.0,0.0,2.0,6.0
"2026-05-04 11:02:05.307409","collector_002",20.1,39.6,1190.0,17.7,5.6,6.4,37.0,0.0,2.0,6.0
"2026-05-04 11:07:06.861385","collector_002",20.0,40.9,1189.0,17.6,5.6,6.4,37.0,0.0,2.0,6.0
"2026-05-04 11:12:08.623366","collector_002",20.1,40.5,1183.0,17.7,5.6,6.4,37.0,0.0,2.0,6.0
"2026-05-04 11:17:10.102383","collector_002",20.0,37.2,1200.0,17.7,5.6,6.4,37.0,0.0,2.0,6.0
"2026-05-04 11:22:11.660365","collector_002",19.8,36.8,1201.0,17.7,5.6,6.4,37.0,0.0,2.0,6.0
"2026-05-04 11:27:13.543365","collector_002",19.8,36.9,1207.0,17.7,5.6,6.4,37.0,0.0,2.0,6.0
"2026-05-04 11:32:15.075366","collector_002",20.1,36.9,1193.0,17.6,5.5,6.4,37.0,0.0,2.0,6.0
"2026-05-04 11:37:16.883379","collector_002",20.0,36.2,1253.0,17.7,5.6,6.4,37.0,0.0,2.0,6.0
"2026-05-04 11:42:19.012389","collector_002",20.3,36.9,1250.0,17.7,5.6,6.4,37.0,0.0,2.0,6.0
"2026-05-04 11:47:20.925383","collector_002",20.5,37.1,1310.0,17.7,5.6,6.4,37.0,0.0,2.0,6.0
"2026-05-04 11:52:23.030367","collector_002",20.5,37.7,1292.0,17.8,5.6,6.4,37.0,0.0,2.0,6.0
"2026-05-04 11:57:24.945373","collector_002",20.3,37.3,1343.0,17.8,5.6,6.4,37.0,0.0,2.0,6.0
"2026-05-04 12:02:28.732377","collector_002",20.3,36.6,1352.0,17.8,5.6,6.4,37.0,0.0,2.0,6.0
"2026-05-04 12:07:32.1964","collector_002",20.5,34.9,1441.0,17.9,5.6,6.4,37.0,0.0,2.0,6.0
"2026-05-04 12:12:35.787366","collector_002",20.3,34.5,1415.0,17.9,5.6,6.4,37.0,0.0,2.0,6.0
"2026-05-04 12:17:39.207373","collector_002",20.4,34.4,1429.0,17.9,5.6,6.4,37.0,0.0,2.0,6.0
"2026-05-04 12:22:42.097739","collector_002",20.4,34.1,1372.0,17.9,5.6,6.4,37.0,0.0,2.0,6.0
"2026-05-04 12:27:45.870761","collector_002",20.6,34.3,1268.0,18.0,5.6,6.4,37.0,0.0,2.0,6.0
"2026-05-04 12:34:17.154666","collector_002",20.7,34.9,1483.0,18.0,5.6,6.4,37.0,0.0,2.0,6.0
"2026-05-04 12:41:20.678665","collector_002",20.9,34.6,1416.0,18.1,5.6,6.4,37.0,0.0,2.0,6.0
"2026-05-04 12:46:24.8197","collector_002",20.9,34.7,1456.0,18.1,5.8,6.4,37.0,0.0,2.0,6.0
"2026-05-04 12:51:28.839682","collector_002",20.7,33.8,1311.0,18.2,5.8,6.4,37.0,0.0,2.0,6.0
"2026-05-04 12:56:30.530678","collector_002",20.8,33.3,1464.0,18.2,5.8,6.4,37.0,0.0,2.0,6.0
"2026-05-04 13:01:32.189705","collector_002",21.0,32.8,1552.0,18.2,5.8,6.4,37.0,0.0,2.0,6.0
"2026-05-04 13:06:34.194665","collector_002",20.6,33.2,1397.0,18.2,5.6,6.4,37.0,0.0,2.0,6.0
"2026-05-04 13:11:35.969703","collector_002",21.0,34.1,1619.0,18.3,5.8,6.4,37.0,0.0,2.0,6.0
"2026-05-04 13:16:37.505689","collector_002",21.2,33.5,1499.0,18.3,5.6,6.4,37.0,0.0,2.0,6.0
"2026-05-04 13:21:39.397664","collector_002",21.4,34.4,1652.0,18.3,5.8,6.4,37.0,0.0,2.0,6.0
"2026-05-04 13:26:40.863665","collector_002",21.6,33.3,1803.0,18.4,5.8,6.4,37.0,0.0,2.0,6.0
"2026-05-04 13:31:42.751197","collector_002",21.5,32.2,1488.0,18.5,5.8,6.4,38.0,0.0,2.0,6.0
"2026-05-04 13:36:44.232664","collector_002",21.5,31.9,1340.0,18.5,5.9,6.4,38.0,0.0,2.0,6.0
"2026-05-04 13:41:46.039665","collector_002",21.3,31.4,1413.0,18.6,5.9,6.4,38.0,0.0,2.0,6.0
"2026-05-04 13:46:49.578672","collector_002",21.3,30.4,1501.0,18.6,5.9,6.4,38.0,0.0,2.0,6.0
"2026-05-04 13:51:52.05769","collector_002",21.3,31.1,1343.0,18.6,5.8,6.4,38.0,0.0,2.0,6.0
"2026-05-04 13:56:54.37572","collector_002",21.4,30.8,1286.0,18.6,5.8,6.4,38.0,0.0,2.0,6.0
"2026-05-04 14:01:56.3237","collector_002",21.5,30.8,1299.0,18.6,5.8,6.4,38.0,0.0,2.0,6.0
"2026-05-04 14:06:58.584722","collector_002",21.7,31.8,1303.0,18.7,5.8,6.4,38.0,0.0,2.0,6.0
"2026-05-04 14:12:00.42567","collector_002",21.6,29.8,1495.0,18.7,5.8,6.4,38.0,0.0,2.0,6.0
"2026-05-04 14:17:03.374668","collector_002",21.5,29.8,1381.0,18.7,5.8,6.4,38.0,0.0,2.0,6.0
"2026-05-04 14:22:04.940686","collector_002",21.4,30.0,1311.0,18.8,5.8,6.4,38.0,0.0,2.0,6.0
"2026-05-04 14:27:06.475665","collector_002",21.6,30.7,1307.0,18.8,5.9,6.4,38.0,0.0,2.0,6.0
"2026-05-04 14:32:08.185705","collector_002",21.8,32.3,1384.0,18.8,5.9,6.4,38.0,0.0,2.0,6.0
"2026-05-04 14:37:10.10367","collector_002",22.0,31.2,1285.0,18.9,5.8,6.4,38.0,0.0,2.0,6.0
"2026-05-04 14:42:13.175665","collector_002",21.9,31.6,1352.0,18.9,5.9,6.4,38.0,0.0,2.0,6.0
"2026-05-04 14:47:14.742676","collector_002",22.2,32.2,1482.0,18.9,5.9,6.4,38.0,0.0,2.0,6.0
"2026-05-04 14:52:16.363672","collector_002",22.1,33.5,1285.0,19.0,5.9,6.4,38.0,0.0,2.0,6.0
"2026-05-04 14:57:18.021692","collector_002",22.0,34.3,1573.0,19.1,5.9,6.4,38.0,0.0,2.0,6.0
"2026-05-04 15:02:20.187666","collector_002",21.9,34.8,1332.0,19.1,5.9,6.4,38.0,0.0,2.0,6.0
"2026-05-04 15:07:24.23267","collector_002",22.1,34.9,1501.0,19.2,5.9,6.4,38.0,0.0,2.0,6.0
"2026-05-04 15:12:28.89568","collector_002",22.4,34.7,1544.0,19.2,5.9,6.4,38.0,0.0,2.0,6.0
"2026-05-04 15:17:31.128665","collector_002",22.4,34.6,1634.0,19.3,5.9,6.4,38.0,0.0,2.0,6.0
"2026-05-04 15:22:34.736653","collector_002",22.5,34.5,1364.0,19.3,5.9,6.4,38.0,0.0,2.0,6.0
"2026-05-04 15:27:36.482686","collector_002",22.4,37.8,1453.0,19.3,26.8,6.4,70.0,2.0,4.0,11.0
"2026-05-04 15:32:38.179727","collector_002",22.3,34.5,1587.0,16.6,18.8,6.3,74.0,2.0,5.0,12.0
"2026-05-04 15:37:39.998678","collector_002",22.4,35.4,1500.0,16.6,18.7,6.3,74.0,2.0,5.0,12.0
"2026-05-04 15:42:42.029653","collector_002",22.6,34.9,1412.0,16.7,18.7,6.3,74.0,2.0,5.0,12.0
"2026-05-04 15:47:44.198653","collector_002",22.7,35.6,1432.0,16.7,18.6,6.3,75.0,2.0,5.0,12.0
"2026-05-04 15:52:45.996678","collector_002",22.7,35.1,1238.0,16.9,18.6,6.3,76.0,2.0,5.0,12.0
"2026-05-04 15:57:47.670655","collector_002",22.6,34.9,1168.0,17.1,18.6,6.4,77.0,2.0,5.0,13.0
"2026-05-04 16:02:50.284659","collector_002",22.9,35.3,1171.0,17.2,18.5,6.4,77.0,2.0,5.0,13.0
"2026-05-04 16:07:51.614653","collector_002",22.9,34.7,1223.0,17.4,18.5,6.4,77.0,2.0,5.0,13.0
"2026-05-04 16:12:52.819657","collector_002",22.9,35.3,1444.0,17.6,18.5,6.4,78.0,3.0,5.0,13.0
"2026-05-04 16:17:54.164692","collector_002",23.0,36.4,1301.0,17.7,18.5,6.4,78.0,3.0,5.0,13.0
"2026-05-04 16:22:55.822655","collector_002",23.0,35.6,1173.0,17.9,18.5,6.5,78.0,3.0,5.0,13.0
"2026-05-04 16:27:57.450661","collector_002",23.0,36.0,1068.0,18.0,18.5,6.5,79.0,3.0,5.0,13.0
"2026-05-04 16:32:59.054657","collector_002",22.8,33.2,1048.0,18.2,18.5,6.5,79.0,3.0,5.0,13.0
"2026-05-04 16:38:00.636682","collector_002",22.8,34.4,1032.0,18.3,18.5,6.5,80.0,3.0,5.0,13.0
"2026-05-04 16:43:01.874664","collector_002",22.8,35.1,1019.0,18.4,18.4,6.5,80.0,3.0,5.0,13.0
"2026-05-04 16:48:02.997649","collector_002",22.8,34.5,1006.0,18.5,18.4,6.5,80.0,3.0,5.0,13.0
"2026-05-04 16:53:04.24065","collector_002",22.8,34.7,1000.0,18.6,18.4,6.5,80.0,3.0,5.0,13.0
"2026-05-04 16:58:05.72465","collector_002",22.9,36.3,1003.0,18.7,18.4,6.5,81.0,3.0,5.0,13.0
"2026-05-04 17:03:07.706651","collector_002",22.8,35.5,1006.0,18.8,18.4,6.5,81.0,3.0,5.0,13.0
"2026-05-04 17:08:09.422649","collector_002",22.7,34.0,1010.0,18.9,18.4,6.5,82.0,3.0,5.0,13.0
"2026-05-04 17:13:11.14771","collector_002",22.7,35.1,1027.0,18.9,18.4,6.5,82.0,3.0,5.0,13.0
"2026-05-04 17:18:12.444686","collector_002",22.8,35.7,1038.0,19.0,18.4,6.5,83.0,3.0,5.0,13.0
"2026-05-04 17:23:13.731651","collector_002",22.7,33.9,1053.0,19.1,18.4,6.5,83.0,3.0,5.0,13.0
"2026-05-04 17:28:15.586651","collector_002",22.7,35.3,1069.0,19.1,18.4,6.5,83.0,3.0,5.0,13.0
"2026-05-04 17:33:17.803649","collector_002",22.7,33.8,1078.0,19.2,18.4,6.5,84.0,3.0,5.0,14.0
"2026-05-04 17:38:19.259661","collector_002",22.7,33.2,1088.0,19.3,18.4,6.5,84.0,3.0,5.0,14.0
"2026-05-04 17:43:20.88165","collector_002",22.7,37.0,1093.0,19.3,18.4,6.5,85.0,3.0,6.0,14.0
"2026-05-04 17:48:22.576649","collector_002",22.7,35.0,1097.0,19.4,18.4,6.5,85.0,3.0,6.0,14.0
"2026-05-04 17:53:23.836649","collector_002",22.7,35.9,1098.0,19.4,18.4,6.5,86.0,3.0,6.0,14.0
"2026-05-04 17:58:25.266659","collector_002",22.7,38.3,1094.0,19.5,18.4,6.5,86.0,3.0,6.0,14.0
"2026-05-04 18:03:26.63365","collector_002",22.6,33.7,1085.0,19.5,18.4,6.5,86.0,3.0,6.0,14.0
"2026-05-04 18:08:27.92665","collector_002",22.6,36.4,1077.0,19.5,18.4,6.5,87.0,3.0,6.0,14.0
"2026-05-04 18:13:29.029682","collector_002",22.6,36.6,1056.0,19.6,18.4,6.5,87.0,3.0,6.0,14.0
"2026-05-04 18:18:30.198651","collector_002",22.6,35.1,1025.0,19.6,18.4,6.5,88.0,3.0,6.0,14.0
"2026-05-04 18:23:31.362928","collector_002",22.5,35.1,990.0,19.6,18.4,6.5,88.0,3.0,6.0,14.0
"2026-05-04 18:28:32.570944","collector_002",22.5,34.3,949.0,19.7,18.3,6.5,89.0,3.0,6.0,14.0
"2026-05-04 18:33:33.692924","collector_002",22.5,35.7,895.0,19.7,18.3,6.5,89.0,3.0,6.0,14.0
"2026-05-04 18:38:35.098445","collector_002",22.4,38.6,835.0,19.7,18.3,6.5,89.0,3.0,6.0,14.0
"2026-05-04 18:43:36.255926","collector_002",22.4,35.1,766.0,19.7,18.3,6.5,90.0,3.0,6.0,15.0
"2026-05-04 18:48:37.491959","collector_002",22.4,36.5,696.0,19.7,18.4,6.5,91.0,3.0,6.0,15.0
"2026-05-04 18:53:38.771922","collector_002",22.4,34.9,616.0,19.7,18.3,6.5,91.0,3.0,6.0,15.0
"2026-05-04 18:58:40.062439","collector_002",22.3,37.4,531.0,19.8,18.3,6.5,91.0,3.0,6.0,15.0
"2026-05-04 19:03:41.192932","collector_002",22.3,38.7,447.0,19.8,18.3,6.5,92.0,3.0,6.0,15.0
"2026-05-04 19:08:42.48692","collector_002",22.2,35.0,367.0,19.8,18.3,6.5,92.0,3.0,6.0,15.0
"2026-05-04 19:13:43.78692","collector_002",22.1,36.3,296.0,19.8,18.3,6.5,93.0,3.0,6.0,15.0
"2026-05-04 19:18:45.336922","collector_002",22.0,36.8,248.0,19.8,18.3,6.5,93.0,3.0,6.0,15.0
"2026-05-04 19:23:46.78095","collector_002",21.9,38.9,221.0,19.8,18.3,6.5,93.0,3.0,6.0,15.0
"2026-05-04 19:28:48.212921","collector_002",21.8,36.5,202.0,19.8,18.3,6.5,94.0,3.0,6.0,15.0
"2026-05-04 19:33:49.618921","collector_002",21.7,36.5,196.0,19.8,18.3,6.5,94.0,3.0,6.0,15.0
"2026-05-04 19:38:51.145975","collector_002",21.7,38.8,188.0,19.8,18.3,6.5,94.0,3.0,6.0,15.0
"2026-05-04 19:43:52.515963","collector_002",21.7,39.0,183.0,19.7,18.3,6.5,95.0,3.0,6.0,15.0
"2026-05-04 19:48:53.805924","collector_002",21.6,35.9,185.0,19.7,18.2,6.5,95.0,3.0,6.0,15.0
"2026-05-04 19:53:54.98992","collector_002",21.5,34.9,187.0,19.7,18.2,6.5,95.0,3.0,6.0,15.0
"2026-05-04 19:58:56.383926","collector_002",21.5,38.0,185.0,19.7,18.2,6.5,96.0,3.0,6.0,16.0
"2026-05-04 20:03:57.75992","collector_002",21.5,38.2,182.0,19.7,18.2,6.5,96.0,3.0,6.0,16.0
"2026-05-04 20:08:59.200946","collector_002",21.4,35.3,186.0,19.7,18.2,6.5,96.0,3.0,6.0,16.0
"2026-05-04 20:14:00.605273","collector_002",21.4,38.6,182.0,19.7,18.2,6.5,97.0,3.0,6.0,16.0
"2026-05-04 20:19:01.755954","collector_002",21.4,36.0,183.0,19.6,18.2,6.5,97.0,3.0,6.0,16.0
"2026-05-04 20:24:03.157956","collector_002",21.3,36.8,183.0,19.6,18.2,6.5,97.0,3.0,6.0,16.0
"2026-05-04 20:29:04.690944","collector_002",21.3,38.3,183.0,19.6,18.2,6.5,98.0,4.0,6.0,16.0
"2026-05-04 20:34:06.365928","collector_002",21.3,39.0,182.0,19.6,18.2,6.5,98.0,4.0,6.0,16.0
"2026-05-04 20:39:07.64694","collector_002",21.3,37.4,183.0,19.6,18.2,6.5,99.0,4.0,7.0,16.0
"2026-05-04 20:44:08.873921","collector_002",21.3,38.4,187.0,19.5,18.2,6.5,99.0,4.0,7.0,16.0
"2026-05-04 20:49:10.209943","collector_002",21.3,38.2,186.0,19.5,18.2,6.5,99.0,4.0,7.0,16.0
"2026-05-04 20:54:11.900926","collector_002",21.3,37.9,183.0,19.5,18.2,6.5,100.0,4.0,7.0,16.0
"2026-05-04 20:59:13.421921","collector_002",21.3,36.5,184.0,19.5,18.2,6.5,100.0,4.0,7.0,16.0
"2026-05-04 21:04:15.290952","collector_002",21.3,40.5,183.0,19.5,18.2,6.5,101.0,4.0,7.0,16.0
"2026-05-04 21:09:16.959922","collector_002",21.3,37.5,185.0,19.5,18.2,6.5,101.0,4.0,7.0,16.0
"2026-05-04 21:14:18.71494","collector_002",21.2,37.7,183.0,19.4,18.2,6.5,101.0,4.0,7.0,16.0
"2026-05-04 21:19:20.537971","collector_002",21.2,37.8,184.0,19.4,18.2,6.5,101.0,4.0,7.0,16.0
"2026-05-04 21:24:22.177733","collector_002",21.2,38.9,186.0,19.4,18.2,6.5,102.0,4.0,7.0,17.0
"2026-05-04 21:29:23.819722","collector_002",21.2,38.0,187.0,19.4,18.2,6.5,102.0,4.0,7.0,17.0
"2026-05-04 21:34:25.798778","collector_002",21.1,40.4,186.0,19.3,18.2,6.5,102.0,4.0,7.0,17.0
"2026-05-04 21:39:27.418752","collector_002",21.1,39.5,184.0,19.3,18.2,6.5,103.0,4.0,7.0,17.0
"2026-05-04 21:44:28.803232","collector_002",21.2,39.3,187.0,19.3,18.2,6.5,103.0,4.0,7.0,17.0
"2026-05-04 21:49:30.325725","collector_002",21.1,38.2,182.0,19.3,18.2,6.5,103.0,4.0,7.0,17.0
"2026-05-04 21:54:31.886747","collector_002",21.2,39.9,182.0,19.3,18.2,6.5,104.0,4.0,7.0,17.0
"2026-05-04 21:59:33.700754","collector_002",21.2,38.4,183.0,19.3,18.2,6.5,104.0,4.0,7.0,17.0
"2026-05-04 22:04:35.54324","collector_002",21.2,39.6,184.0,19.3,18.2,6.5,104.0,4.0,7.0,17.0
"2026-05-04 22:09:37.265721","collector_002",21.2,38.3,183.0,19.3,18.2,6.5,105.0,4.0,7.0,17.0
"2026-05-04 22:14:38.758753","collector_002",21.2,39.1,183.0,19.3,18.2,6.5,105.0,4.0,7.0,17.0
"2026-05-04 22:19:40.310727","collector_002",21.3,38.8,183.0,19.3,18.1,6.5,105.0,4.0,7.0,17.0
"2026-05-04 22:24:41.763727","collector_002",21.3,39.5,184.0,19.3,18.1,6.5,105.0,4.0,7.0,17.0
"2026-05-04 22:29:43.418725","collector_002",21.3,39.8,185.0,19.3,18.1,6.5,106.0,4.0,7.0,17.0
"2026-05-04 22:34:44.998722","collector_002",21.3,38.8,183.0,19.3,18.1,6.5,106.0,4.0,7.0,17.0
"2026-05-04 22:39:46.418741","collector_002",21.3,40.4,183.0,19.2,18.1,6.5,107.0,4.0,7.0,17.0
"2026-05-04 22:44:47.828723","collector_002",21.3,38.7,183.0,19.2,18.1,6.5,107.0,4.0,7.0,17.0
"2026-05-04 22:49:49.692733","collector_002",21.3,38.4,185.0,19.2,18.1,6.5,107.0,4.0,7.0,17.0
"2026-05-04 22:54:51.350733","collector_002",21.3,38.8,183.0,19.2,18.1,6.4,107.0,4.0,7.0,17.0
"2026-05-04 22:59:53.145725","collector_002",21.3,39.2,185.0,19.2,18.1,6.5,108.0,4.0,7.0,17.0
"2026-05-04 23:04:54.467725","collector_002",21.3,39.3,183.0,19.2,18.1,6.5,108.0,4.0,7.0,17.0
"2026-05-04 23:09:56.03723","collector_002",21.3,39.5,182.0,19.2,18.1,6.5,108.0,4.0,7.0,17.0
"2026-05-04 23:14:57.391795","collector_002",21.3,39.1,182.0,19.2,18.1,6.5,109.0,4.0,7.0,18.0
"2026-05-04 23:19:58.977723","collector_002",21.3,40.0,181.0,19.2,18.1,6.5,109.0,4.0,7.0,18.0
"2026-05-04 23:25:00.776722","collector_002",21.3,39.5,183.0,19.2,18.1,6.5,109.0,4.0,7.0,18.0
"2026-05-04 23:30:02.512755","collector_002",21.3,39.2,183.0,19.2,18.1,6.5,109.0,4.0,7.0,18.0
"2026-05-04 23:35:04.062715","collector_002",21.3,41.8,186.0,19.2,18.1,6.5,109.0,4.0,7.0,18.0
"2026-05-04 23:40:05.458722","collector_002",21.3,41.6,182.0,19.2,18.1,6.5,110.0,4.0,7.0,18.0
"2026-05-04 23:45:06.846785","collector_002",21.4,40.4,182.0,19.2,18.1,6.5,110.0,4.0,7.0,18.0
"2026-05-04 23:50:08.633722","collector_002",21.4,40.1,182.0,19.2,18.1,6.5,110.0,4.0,7.0,18.0
"2026-05-04 23:55:10.071721","collector_002",21.3,40.7,184.0,19.2,18.1,6.5,111.0,4.0,7.0,18.0
"2026-05-05 00:00:11.710723","collector_002",21.4,40.6,183.0,19.2,18.1,6.5,111.0,4.0,7.0,18.0
"2026-05-05 00:05:13.45176","collector_002",21.3,40.4,185.0,19.2,18.1,6.5,111.0,4.0,7.0,18.0
"2026-05-05 00:10:15.190722","collector_002",21.4,40.8,183.0,19.2,18.1,6.5,111.0,4.0,7.0,18.0
"2026-05-05 00:15:17.017751","collector_002",21.4,40.1,184.0,19.2,18.1,6.5,111.0,4.0,7.0,18.0
"2026-05-05 00:20:18.713753","collector_002",21.4,40.5,185.0,19.2,18.1,6.5,112.0,4.0,7.0,18.0
"2026-05-05 00:25:20.211999","collector_002",21.4,40.7,184.0,19.2,18.1,6.5,112.0,4.0,7.0,18.0
"2026-05-05 00:30:21.954003","collector_002",21.4,41.7,186.0,19.2,18.1,6.5,112.0,4.0,7.0,18.0
"2026-05-05 00:35:23.585003","collector_002",21.4,40.2,184.0,19.2,18.1,6.5,112.0,4.0,7.0,18.0
"2026-05-05 00:40:25.236074","collector_002",21.4,40.4,184.0,19.2,18.0,6.5,113.0,4.0,8.0,18.0
"2026-05-05 00:45:26.935017","collector_002",21.4,40.7,183.0,19.2,18.0,6.5,113.0,4.0,8.0,18.0
"2026-05-05 00:50:28.834988","collector_002",21.3,41.0,183.0,19.2,18.0,6.5,113.0,4.0,8.0,18.0
"2026-05-05 00:55:30.498989","collector_002",21.3,41.1,183.0,19.2,18.1,6.5,113.0,4.0,8.0,18.0
"2026-05-05 01:00:32.254993","collector_002",21.2,41.5,182.0,19.1,18.0,6.5,113.0,4.0,8.0,18.0
"2026-05-05 01:05:34.162997","collector_002",21.2,41.7,183.0,19.1,18.0,6.5,114.0,4.0,8.0,18.0
"2026-05-05 01:10:35.723995","collector_002",21.2,41.8,1.0,19.1,18.0,6.5,114.0,4.0,8.0,18.0
"2026-05-05 01:15:37.185989","collector_002",21.1,42.5,0.0,19.1,18.0,6.5,114.0,4.0,8.0,18.0
"2026-05-05 01:20:38.347989","collector_002",21.1,41.5,0.0,19.0,18.0,6.5,114.0,4.0,8.0,18.0
"2026-05-05 01:25:39.640987","collector_002",21.1,41.0,0.0,19.0,18.0,6.5,114.0,4.0,8.0,18.0
"2026-05-05 01:30:40.75503","collector_002",21.0,42.6,0.0,19.0,18.0,6.5,115.0,4.0,8.0,19.0
"2026-05-05 01:35:42.000999","collector_002",21.0,41.1,0.0,19.0,18.0,6.5,115.0,4.0,8.0,19.0
"2026-05-05 01:40:43.197988","collector_002",20.9,43.5,0.0,19.0,18.0,6.5,115.0,4.0,8.0,19.0
"2026-05-05 01:45:44.262988","collector_002",21.0,40.7,0.0,19.0,18.0,6.5,115.0,4.0,8.0,19.0
"2026-05-05 01:50:45.268988","collector_002",20.9,40.8,0.0,18.9,18.0,6.5,115.0,4.0,8.0,19.0
"2026-05-05 01:55:46.198988","collector_002",20.9,41.1,0.0,18.9,18.0,6.5,115.0,4.0,8.0,19.0
"2026-05-05 02:00:47.837991","collector_002",20.9,41.8,0.0,18.9,18.0,6.5,115.0,4.0,8.0,19.0
"2026-05-05 02:05:49.345989","collector_002",20.9,42.2,0.0,18.9,18.0,6.5,116.0,4.0,8.0,19.0
"2026-05-05 02:10:50.709984","collector_002",20.9,42.5,0.0,18.9,18.0,6.5,116.0,4.0,8.0,19.0
"2026-05-05 02:15:51.800001","collector_002",20.9,41.6,0.0,18.9,18.0,6.5,116.0,4.0,8.0,19.0
"2026-05-05 02:20:52.774983","collector_002",20.8,41.1,0.0,18.9,18.0,6.5,116.0,4.0,8.0,19.0
"2026-05-05 02:25:53.719989","collector_002",20.8,41.0,0.0,18.9,17.9,6.5,116.0,4.0,8.0,19.0
"2026-05-05 02:30:54.881979","collector_002",20.8,43.5,0.0,18.9,17.9,6.5,116.0,4.0,8.0,19.0
"2026-05-05 02:35:56.054991","collector_002",20.8,41.6,0.0,18.9,17.9,6.5,117.0,4.0,8.0,19.0
"2026-05-05 02:40:57.362995","collector_002",20.8,43.1,0.0,18.9,17.9,6.4,117.0,4.0,8.0,19.0
"2026-05-05 02:45:58.548989","collector_002",20.8,42.5,0.0,18.8,17.9,6.5,117.0,4.0,8.0,19.0
"2026-05-05 02:51:00.162018","collector_002",20.8,42.7,0.0,18.8,17.9,6.4,117.0,4.0,8.0,19.0
"2026-05-05 02:56:01.689999","collector_002",20.8,42.1,0.0,18.8,17.9,6.4,117.0,4.0,8.0,19.0
"2026-05-05 03:01:02.713995","collector_002",20.8,41.6,0.0,18.8,17.9,6.4,117.0,4.0,8.0,19.0
"2026-05-05 03:06:04.041002","collector_002",20.7,41.3,0.0,18.8,17.9,6.4,117.0,4.0,8.0,19.0
"2026-05-05 03:11:05.306988","collector_002",20.7,43.5,0.0,18.8,17.9,6.4,118.0,5.0,8.0,19.0
"2026-05-05 03:16:06.343004","collector_002",20.7,42.4,0.0,18.8,17.9,6.4,118.0,5.0,8.0,19.0
"2026-05-05 03:21:07.338028","collector_002",20.6,43.7,0.0,18.7,17.9,6.4,118.0,5.0,8.0,19.0
"2026-05-05 03:26:08.498702","collector_002",20.6,42.3,0.0,18.7,17.9,6.4,118.0,5.0,8.0,19.0
"2026-05-05 03:31:09.562726","collector_002",20.6,42.1,0.0,18.7,17.9,6.4,118.0,5.0,8.0,19.0
"2026-05-05 03:36:10.813806","collector_002",20.6,42.1,0.0,18.7,17.9,6.4,118.0,5.0,8.0,19.0
"2026-05-05 03:41:12.088707","collector_002",20.6,42.5,0.0,18.7,17.9,6.4,118.0,5.0,8.0,19.0
"2026-05-05 03:46:13.426707","collector_002",20.6,42.2,0.0,18.7,17.9,6.4,118.0,5.0,8.0,19.0
"2026-05-05 03:51:14.716705","collector_002",20.6,43.8,0.0,18.6,17.9,6.4,118.0,5.0,8.0,19.0
"2026-05-05 03:56:16.037702","collector_002",20.5,42.4,0.0,18.6,17.9,6.4,119.0,5.0,8.0,19.0
"2026-05-05 04:01:17.272701","collector_002",20.5,42.3,0.0,18.6,17.9,6.4,119.0,5.0,8.0,19.0
"2026-05-05 04:06:18.524697","collector_002",20.4,42.7,0.0,18.6,17.9,6.4,119.0,5.0,8.0,19.0
"2026-05-05 04:11:19.781697","collector_002",20.4,42.3,0.0,18.6,17.9,6.4,119.0,5.0,8.0,19.0
"2026-05-05 04:16:21.256701","collector_002",20.4,43.3,0.0,18.5,17.9,6.4,119.0,5.0,8.0,19.0
"2026-05-05 04:21:22.249697","collector_002",20.3,42.9,0.0,18.5,17.9,6.4,119.0,5.0,8.0,19.0
"2026-05-05 04:26:23.572701","collector_002",20.4,43.6,0.0,18.5,17.9,6.4,119.0,5.0,8.0,19.0
"2026-05-05 04:31:24.839702","collector_002",20.3,44.1,0.0,18.5,17.9,6.4,119.0,5.0,8.0,19.0
"2026-05-05 04:36:25.953739","collector_002",20.3,44.2,0.0,18.5,17.8,6.4,119.0,5.0,8.0,19.0
"2026-05-05 04:41:27.353711","collector_002",20.3,43.1,1.0,18.5,17.8,6.4,119.0,5.0,8.0,19.0
"2026-05-05 04:46:28.795737","collector_002",20.3,42.9,1.0,18.4,17.8,6.4,119.0,5.0,8.0,19.0
"2026-05-05 04:51:30.333709","collector_002",20.3,44.5,1.0,18.4,17.8,6.4,119.0,5.0,8.0,19.0
"2026-05-05 04:56:31.488705","collector_002",20.3,43.1,1.0,18.4,17.8,6.4,119.0,5.0,8.0,19.0
"2026-05-05 05:01:32.837709","collector_002",20.2,43.0,1.0,18.4,17.8,6.4,119.0,5.0,8.0,19.0
"2026-05-05 05:06:34.371725","collector_002",20.2,43.7,2.0,18.3,17.8,6.4,119.0,5.0,8.0,19.0
"2026-05-05 05:11:35.851717","collector_002",20.2,44.8,2.0,18.3,17.8,6.4,119.0,5.0,8.0,19.0
"2026-05-05 05:16:37.190701","collector_002",20.1,43.4,4.0,18.3,17.8,6.4,120.0,5.0,8.0,19.0
"2026-05-05 05:21:38.719703","collector_002",20.1,43.4,10.0,18.3,17.8,6.4,120.0,5.0,8.0,19.0
"2026-05-05 05:26:40.166711","collector_002",20.1,43.6,20.0,18.2,17.8,6.4,120.0,5.0,8.0,19.0
"2026-05-05 05:31:41.885702","collector_002",20.0,43.6,38.0,18.2,17.8,6.4,120.0,5.0,8.0,19.0
"2026-05-05 05:36:43.582725","collector_002",20.1,44.3,65.0,18.2,17.8,6.4,120.0,5.0,8.0,19.0
"2026-05-05 05:41:45.320717","collector_002",20.0,43.8,99.0,18.2,17.8,6.4,120.0,5.0,8.0,19.0
"2026-05-05 05:46:47.082715","collector_002",20.0,44.4,143.0,18.1,17.8,6.4,120.0,5.0,8.0,19.0
"2026-05-05 05:51:48.660702","collector_002",20.1,44.5,195.0,18.1,17.8,6.4,120.0,5.0,8.0,19.0
"2026-05-05 05:56:50.261703","collector_002",20.1,44.2,255.0,18.1,17.7,6.4,120.0,5.0,8.0,19.0
"2026-05-05 06:01:51.943711","collector_002",20.2,44.5,311.0,18.1,17.8,6.4,120.0,5.0,8.0,19.0
"2026-05-05 06:06:53.912731","collector_002",20.3,44.4,370.0,18.1,17.8,6.4,120.0,5.0,8.0,19.0
"2026-05-05 06:11:55.414702","collector_002",20.4,43.9,428.0,18.1,17.7,6.4,120.0,5.0,8.0,19.0
"2026-05-05 06:16:57.098723","collector_002",20.4,44.2,490.0,18.1,17.7,6.4,120.0,5.0,8.0,19.0
"2026-05-05 06:21:58.798646","collector_002",20.5,44.0,540.0,18.1,17.7,6.4,121.0,5.0,8.0,20.0
"2026-05-05 06:27:00.64465","collector_002",20.5,44.4,581.0,18.1,17.7,6.4,121.0,5.0,8.0,20.0
"2026-05-05 06:32:02.32668","collector_002",20.5,43.5,618.0,18.1,17.7,6.4,121.0,5.0,8.0,20.0
"2026-05-05 06:37:03.91765","collector_002",20.5,43.7,663.0,18.1,17.7,6.4,121.0,5.0,8.0,20.0
"2026-05-05 06:42:05.774645","collector_002",20.5,43.8,704.0,18.2,17.7,6.4,121.0,5.0,8.0,20.0
"2026-05-05 06:47:07.765644","collector_002",20.6,44.1,740.0,18.2,17.7,6.4,121.0,5.0,8.0,20.0
"2026-05-05 06:52:09.267646","collector_002",20.6,43.9,764.0,18.2,17.7,6.4,121.0,5.0,8.0,20.0
"2026-05-05 06:57:10.818719","collector_002",20.7,43.8,789.0,18.2,17.7,6.4,121.0,5.0,8.0,20.0
"2026-05-05 07:02:12.326144","collector_002",20.7,44.2,828.0,18.2,17.7,6.4,121.0,5.0,8.0,20.0
"2026-05-05 07:07:14.163644","collector_002",20.7,43.2,861.0,18.2,17.7,6.4,121.0,5.0,8.0,20.0
"2026-05-05 07:12:15.758645","collector_002",20.7,45.4,882.0,18.2,17.7,6.4,122.0,5.0,8.0,20.0
"2026-05-05 07:17:17.569645","collector_002",20.8,46.0,895.0,18.2,17.7,6.4,122.0,5.0,8.0,20.0
"2026-05-05 07:22:19.382652","collector_002",20.8,44.4,915.0,18.3,17.7,6.4,122.0,5.0,8.0,20.0
"2026-05-05 07:27:21.134656","collector_002",20.8,43.9,926.0,18.3,17.7,6.4,122.0,5.0,8.0,20.0
"2026-05-05 07:32:22.896645","collector_002",20.8,43.6,945.0,18.3,17.7,6.4,122.0,5.0,8.0,20.0
"2026-05-05 07:37:24.447704","collector_002",20.9,44.5,951.0,18.3,17.7,6.4,122.0,5.0,8.0,20.0
"2026-05-05 07:42:26.092656","collector_002",21.0,44.1,958.0,18.3,17.7,6.4,122.0,5.0,8.0,20.0
"2026-05-05 07:47:27.829648","collector_002",21.0,43.3,968.0,18.3,17.7,6.4,122.0,5.0,8.0,20.0
"2026-05-05 07:52:29.455656","collector_002",21.1,44.3,968.0,18.3,17.7,6.4,122.0,5.0,8.0,20.0
"2026-05-05 07:57:30.836669","collector_002",21.1,44.1,992.0,18.4,17.7,6.4,122.0,5.0,8.0,20.0
"2026-05-05 08:02:32.169645","collector_002",21.1,44.8,980.0,18.4,17.7,6.4,123.0,5.0,8.0,20.0
"2026-05-05 08:07:33.592677","collector_002",21.1,44.1,952.0,18.4,17.7,6.4,123.0,5.0,8.0,20.0
"2026-05-05 08:12:35.068646","collector_002",21.2,44.1,966.0,18.4,17.7,6.4,123.0,5.0,8.0,20.0
"2026-05-05 08:17:36.481664","collector_002",21.2,45.1,971.0,18.5,17.7,6.4,123.0,5.0,8.0,20.0
"2026-05-05 08:22:38.050645","collector_002",21.2,44.4,963.0,18.5,17.7,6.4,123.0,5.0,8.0,20.0
"2026-05-05 08:27:39.315662","collector_002",21.2,45.4,953.0,18.5,17.7,6.4,123.0,5.0,8.0,20.0
"2026-05-05 08:32:40.810645","collector_002",21.2,45.1,930.0,18.5,17.7,6.4,123.0,5.0,8.0,20.0
"2026-05-05 08:37:42.417644","collector_002",21.3,43.8,919.0,18.6,17.7,6.4,123.0,5.0,8.0,20.0
"2026-05-05 08:42:43.936713","collector_002",21.3,47.1,922.0,18.6,17.7,6.4,124.0,5.0,8.0,20.0
"2026-05-05 08:47:46.332692","collector_002",21.3,46.2,917.0,18.6,17.7,6.4,124.0,5.0,8.0,20.0
"2026-05-05 08:52:47.887658","collector_002",21.3,48.2,899.0,18.6,17.7,6.4,124.0,5.0,8.0,20.0
"2026-05-05 08:57:49.365683","collector_002",21.3,43.6,897.0,18.6,17.7,6.4,124.0,5.0,8.0,20.0
"2026-05-05 09:02:50.89065","collector_002",21.3,43.0,917.0,18.7,17.7,6.4,124.0,5.0,8.0,20.0
"2026-05-05 09:07:52.21964","collector_002",21.3,43.4,911.0,18.7,17.7,6.4,124.0,5.0,8.0,20.0
"2026-05-05 09:12:53.883662","collector_002",21.4,43.0,903.0,18.7,17.7,6.4,124.0,5.0,8.0,20.0
"2026-05-05 09:17:55.281644","collector_002",21.4,44.7,893.0,18.7,17.7,6.4,124.0,5.0,8.0,20.0
"2026-05-05 09:22:56.673546","collector_002",21.4,43.4,888.0,18.7,17.7,6.4,124.0,5.0,8.0,20.0
"2026-05-05 09:27:58.37754","collector_002",21.4,43.1,878.0,18.8,17.7,6.4,125.0,5.0,8.0,20.0
"2026-05-05 09:33:00.18955","collector_002",21.5,45.2,895.0,18.8,17.7,6.4,125.0,5.0,8.0,20.0
"2026-05-05 09:38:01.726556","collector_002",21.5,46.2,877.0,18.8,17.7,6.4,125.0,5.0,8.0,20.0
"2026-05-05 09:43:03.502545","collector_002",21.5,45.5,869.0,18.8,17.7,6.4,125.0,5.0,8.0,20.0
"2026-05-05 09:48:05.234555","collector_002",21.5,46.4,869.0,18.9,17.7,6.4,125.0,5.0,8.0,20.0
"2026-05-05 09:53:06.721562","collector_002",21.5,47.4,876.0,18.9,17.7,6.4,125.0,5.0,8.0,20.0
"2026-05-05 09:58:08.286545","collector_002",21.6,42.4,876.0,18.9,17.7,6.4,125.0,5.0,8.0,20.0
"2026-05-05 10:03:09.602644","collector_002",21.6,43.5,874.0,18.9,17.7,6.4,125.0,5.0,8.0,20.0
"2026-05-05 10:08:10.817554","collector_002",21.6,45.7,861.0,18.9,17.7,6.4,125.0,5.0,8.0,20.0
"2026-05-05 10:13:12.097546","collector_002",21.6,41.1,856.0,19.0,17.7,6.4,126.0,5.0,8.0,20.0
"2026-05-05 10:18:13.477545","collector_002",21.6,41.8,842.0,19.0,17.7,6.4,126.0,5.0,8.0,20.0
"2026-05-05 10:23:14.991587","collector_002",21.7,41.6,839.0,19.0,17.7,6.4,126.0,5.0,8.0,20.0
"2026-05-05 10:28:16.488544","collector_002",21.7,43.4,834.0,19.1,17.7,6.4,126.0,5.0,8.0,20.0
"2026-05-05 10:33:17.727607","collector_002",21.7,40.5,833.0,19.1,17.7,6.4,126.0,5.0,8.0,20.0
"2026-05-05 10:38:19.186548","collector_002",21.7,42.1,827.0,19.2,17.7,6.4,126.0,5.0,8.0,20.0
"2026-05-05 10:43:20.735545","collector_002",21.7,39.5,829.0,19.2,17.7,6.4,126.0,5.0,8.0,20.0
"2026-05-05 10:48:22.248605","collector_002",21.7,40.4,829.0,19.2,17.7,6.4,126.0,5.0,8.0,20.0
"2026-05-05 10:53:23.689565","collector_002",21.8,40.3,835.0,19.2,17.7,6.4,126.0,5.0,8.0,20.0
"2026-05-05 10:58:24.945568","collector_002",21.8,42.3,829.0,19.2,17.7,6.4,126.0,5.0,8.0,20.0
"2026-05-05 11:03:26.52858","collector_002",21.7,38.0,833.0,19.3,17.7,6.4,126.0,5.0,8.0,20.0
"2026-05-05 11:08:28.156545","collector_002",21.8,38.1,836.0,19.3,17.7,6.4,127.0,5.0,8.0,21.0
"2026-05-05 11:13:29.814593","collector_002",21.8,38.4,842.0,19.3,17.7,6.4,127.0,5.0,8.0,21.0
"2026-05-05 11:18:31.401567","collector_002",21.9,37.4,842.0,19.3,17.7,6.4,127.0,5.0,8.0,21.0
"2026-05-05 11:23:35.028585","collector_002",21.8,38.4,849.0,19.3,17.7,6.4,127.0,5.0,8.0,21.0
"2026-05-05 11:28:41.247558","collector_002",21.9,41.7,849.0,19.3,17.7,6.4,127.0,5.0,8.0,21.0
"2026-05-05 11:33:42.896575","collector_002",21.9,38.2,865.0,19.4,17.7,6.4,127.0,5.0,8.0,21.0
"2026-05-05 11:38:44.385581","collector_002",21.8,37.7,860.0,19.4,17.7,6.4,127.0,5.0,8.0,21.0
"2026-05-05 11:43:45.696564","collector_002",21.9,37.5,856.0,19.4,17.7,6.4,127.0,5.0,8.0,21.0
"2026-05-05 11:48:47.492581","collector_002",21.9,41.0,860.0,19.4,17.7,6.4,127.0,5.0,8.0,21.0
"2026-05-05 11:53:49.267546","collector_002",22.0,39.5,857.0,19.4,17.7,6.4,127.0,5.0,8.0,21.0
"2026-05-05 11:58:50.786552","collector_002",22.0,37.4,858.0,19.4,17.7,6.4,127.0,5.0,8.0,21.0
"2026-05-05 12:03:52.33862","collector_002",22.0,39.7,847.0,19.4,17.7,6.4,127.0,5.0,8.0,21.0
"2026-05-05 12:08:54.054562","collector_002",21.9,36.1,1022.0,19.5,17.7,6.4,127.0,5.0,8.0,21.0
"2026-05-05 12:13:55.515545","collector_002",22.0,36.0,1009.0,19.5,17.7,6.4,127.0,5.0,8.0,21.0
"2026-05-05 12:18:57.170546","collector_002",22.1,37.4,1017.0,19.5,17.7,6.4,127.0,5.0,8.0,21.0
"2026-05-05 12:23:58.491093","collector_002",22.2,35.5,1013.0,19.5,17.7,6.4,128.0,5.0,9.0,21.0
"2026-05-05 12:28:59.687616","collector_002",22.2,36.6,1014.0,19.5,17.7,6.4,128.0,5.0,9.0,21.0
"2026-05-05 12:34:01.018569","collector_002",22.2,35.8,1006.0,19.6,17.7,6.4,128.0,5.0,9.0,21.0
"2026-05-05 12:39:02.700583","collector_002",22.2,34.8,997.0,19.6,17.7,6.4,128.0,5.0,9.0,21.0
"2026-05-05 12:44:04.374565","collector_002",22.3,38.1,980.0,19.7,17.7,6.4,128.0,5.0,9.0,21.0
"2026-05-05 12:49:05.809571","collector_002",22.3,34.9,978.0,19.7,17.7,6.4,128.0,5.0,9.0,21.0
"2026-05-05 12:54:07.209564","collector_002",22.3,36.0,974.0,19.7,17.7,6.4,128.0,5.0,9.0,21.0
"2026-05-05 12:59:08.881602","collector_002",22.4,35.7,967.0,19.7,17.7,6.4,128.0,5.0,9.0,21.0
"2026-05-05 13:04:10.165087","collector_002",22.3,36.0,960.0,19.7,17.7,6.4,128.0,5.0,9.0,21.0
"2026-05-05 13:09:11.570564","collector_002",22.3,36.6,780.0,19.7,17.7,6.4,128.0,5.0,9.0,21.0
"2026-05-05 13:14:13.485579","collector_002",22.3,35.3,781.0,19.7,17.7,6.4,128.0,5.0,9.0,21.0
"2026-05-05 13:19:14.943565","collector_002",22.2,33.0,787.0,19.7,17.7,6.4,128.0,5.0,9.0,21.0
"2026-05-05 13:24:18.191565","collector_002",22.2,32.8,789.0,19.7,17.7,6.4,128.0,5.0,9.0,21.0
"2026-05-05 13:29:19.521571","collector_002",22.1,32.2,791.0,19.7,17.7,6.4,128.0,5.0,9.0,21.0
"2026-05-05 13:34:21.081575","collector_002",22.1,32.6,796.0,19.7,17.7,6.4,128.0,5.0,9.0,21.0
"2026-05-05 13:39:22.667579","collector_002",22.1,33.0,798.0,19.7,17.7,6.4,128.0,5.0,9.0,21.0
"2026-05-05 13:44:24.346596","collector_002",22.0,31.9,801.0,19.7,17.7,6.4,128.0,5.0,9.0,21.0
"2026-05-05 13:49:25.987565","collector_002",22.1,35.4,808.0,19.7,17.7,6.4,128.0,5.0,9.0,21.0
"2026-05-05 13:54:27.431557","collector_002",22.1,35.5,816.0,19.7,17.7,6.4,128.0,5.0,9.0,21.0
"2026-05-05 13:59:34.802571","collector_002",22.1,31.4,827.0,19.6,17.7,6.4,128.0,5.0,9.0,21.0
"2026-05-05 14:04:36.144563","collector_002",22.1,31.8,835.0,19.7,17.7,6.4,128.0,5.0,9.0,21.0
"2026-05-05 14:09:37.846565","collector_002",22.1,35.5,842.0,19.7,17.7,6.4,128.0,5.0,9.0,21.0
"2026-05-05 14:14:39.381579","collector_002",22.1,32.9,848.0,19.7,17.7,6.4,129.0,5.0,9.0,21.0
"2026-05-05 14:19:41.293564","collector_002",22.1,31.7,848.0,19.7,17.6,6.4,129.0,5.0,9.0,21.0
"2026-05-05 14:24:42.704649","collector_002",22.1,30.9,852.0,19.6,17.7,6.4,129.0,5.0,9.0,21.0
"2026-05-05 14:29:44.288563","collector_002",22.2,35.1,1045.0,19.7,17.6,6.4,129.0,5.0,9.0,21.0
"2026-05-05 14:34:45.556565","collector_002",22.2,36.2,1045.0,19.7,17.7,6.4,129.0,5.0,9.0,21.0
"2026-05-05 14:39:47.146565","collector_002",22.2,32.6,1046.0,19.7,17.6,6.4,129.0,5.0,9.0,21.0
"2026-05-05 14:44:48.478575","collector_002",22.3,34.4,1038.0,19.7,17.6,6.4,129.0,5.0,9.0,21.0
"2026-05-05 14:49:50.205567","collector_002",22.3,31.9,1044.0,19.7,17.6,6.4,129.0,5.0,9.0,21.0
"2026-05-05 14:54:51.98359","collector_002",22.3,32.0,1048.0,19.7,17.6,6.4,129.0,5.0,9.0,21.0
"2026-05-05 14:59:53.510597","collector_002",22.4,33.6,1047.0,19.7,17.7,6.4,129.0,5.0,9.0,21.0
"2026-05-05 15:04:55.071563","collector_002",22.4,31.6,1047.0,19.7,17.6,6.4,129.0,5.0,9.0,21.0
"2026-05-05 15:09:56.965564","collector_002",22.5,32.2,1047.0,19.8,17.6,6.4,129.0,5.0,9.0,21.0
"2026-05-05 15:14:58.595604","collector_002",22.5,31.9,1051.0,19.8,17.6,6.4,129.0,5.0,9.0,21.0
"2026-05-05 15:20:00.19659","collector_002",22.6,37.9,1048.0,19.8,17.7,6.4,129.0,5.0,9.0,21.0
"2026-05-05 15:25:01.744741","collector_002",22.6,32.2,1048.0,19.8,17.6,6.4,129.0,5.0,9.0,21.0
"2026-05-05 15:30:03.394701","collector_002",22.6,35.4,1043.0,19.9,17.6,6.4,129.0,5.0,9.0,21.0
"2026-05-05 15:35:05.079708","collector_002",22.7,32.4,1041.0,19.9,17.6,6.4,130.0,5.0,9.0,21.0
"2026-05-05 15:40:06.5287","collector_002",22.7,37.7,1035.0,19.9,17.6,6.5,129.0,5.0,9.0,21.0
"2026-05-05 15:45:07.861716","collector_002",22.6,33.5,1014.0,20.0,17.6,6.5,130.0,5.0,9.0,21.0
"2026-05-05 15:50:09.563706","collector_002",22.6,34.6,999.0,20.0,17.6,6.5,130.0,5.0,9.0,21.0
"2026-05-05 15:55:10.873714","collector_002",22.7,33.6,1000.0,20.0,17.6,6.5,130.0,5.0,9.0,21.0
"2026-05-05 16:00:12.335724","collector_002",22.7,32.7,995.0,20.0,17.6,6.5,130.0,5.0,9.0,21.0
"2026-05-05 16:05:14.456702","collector_002",22.7,36.2,996.0,20.0,17.6,6.5,130.0,5.0,9.0,21.0
"2026-05-05 16:10:15.78271","collector_002",22.7,34.9,993.0,20.0,17.6,6.5,130.0,5.0,9.0,21.0
"2026-05-05 16:15:17.272743","collector_002",22.7,37.3,981.0,20.1,17.6,6.5,130.0,5.0,9.0,21.0
"2026-05-05 16:20:18.592702","collector_002",22.7,33.0,970.0,20.1,17.6,6.5,130.0,5.0,9.0,21.0
"2026-05-05 16:25:20.059701","collector_002",22.8,36.2,960.0,20.1,17.6,6.5,130.0,5.0,9.0,21.0
"2026-05-05 16:30:21.418701","collector_002",22.7,33.2,957.0,20.1,17.6,6.5,130.0,5.0,9.0,21.0
"2026-05-05 16:35:22.949701","collector_002",22.8,36.0,954.0,20.1,17.6,6.5,130.0,5.0,9.0,21.0
"2026-05-05 16:40:24.372706","collector_002",22.8,39.1,950.0,20.1,17.6,6.5,130.0,5.0,9.0,21.0
"2026-05-05 16:45:25.572704","collector_002",22.8,37.6,947.0,20.1,17.6,6.4,130.0,5.0,9.0,21.0
"2026-05-05 16:50:27.296704","collector_002",22.7,32.8,943.0,20.2,17.6,6.4,130.0,5.0,9.0,21.0
"2026-05-05 16:55:28.833745","collector_002",22.8,36.5,952.0,20.2,17.6,6.4,130.0,5.0,9.0,21.0
"2026-05-05 17:00:30.45573","collector_002",22.8,36.2,961.0,20.2,17.6,6.4,130.0,5.0,9.0,21.0
"2026-05-05 17:05:32.038704","collector_002",22.7,32.3,965.0,20.2,17.6,6.4,130.0,5.0,9.0,21.0
"2026-05-05 17:10:33.5797","collector_002",22.7,36.8,977.0,20.2,17.6,6.4,130.0,5.0,9.0,21.0
"2026-05-05 17:15:35.29672","collector_002",22.7,32.0,987.0,20.2,17.6,6.4,130.0,5.0,9.0,21.0
"2026-05-05 17:20:37.122745","collector_002",22.7,34.2,1002.0,20.2,17.6,6.5,130.0,5.0,9.0,21.0
"2026-05-05 17:25:38.929716","collector_002",22.7,32.0,1018.0,20.3,17.6,6.5,130.0,5.0,9.0,21.0
"2026-05-05 17:30:40.469716","collector_002",22.7,36.6,1035.0,20.3,17.6,6.5,130.0,5.0,9.0,21.0
"2026-05-05 17:35:42.099706","collector_002",22.7,32.2,1058.0,20.3,17.6,6.5,130.0,5.0,9.0,21.0
"2026-05-05 17:40:43.669721","collector_002",22.7,31.2,1083.0,20.3,17.6,6.5,130.0,5.0,9.0,21.0
"2026-05-05 17:45:45.424701","collector_002",22.7,34.8,1108.0,20.3,17.6,6.5,130.0,5.0,9.0,21.0
"2026-05-05 17:50:47.229768","collector_002",22.7,33.6,1118.0,20.3,17.6,6.5,130.0,5.0,9.0,21.0
"2026-05-05 17:55:49.092724","collector_002",22.7,31.8,1134.0,20.2,17.6,6.5,130.0,5.0,9.0,21.0
"2026-05-05 18:00:50.869738","collector_002",22.7,33.1,1137.0,20.3,17.6,6.5,130.0,5.0,9.0,21.0
"2026-05-05 18:05:52.452724","collector_002",22.7,31.3,1136.0,20.3,17.6,6.5,130.0,5.0,9.0,21.0
"2026-05-05 18:10:53.836701","collector_002",22.7,31.3,1127.0,20.3,17.6,6.5,131.0,5.0,9.0,21.0
"2026-05-05 18:15:55.301701","collector_002",22.7,32.0,1104.0,20.3,17.5,6.5,131.0,5.0,9.0,21.0
"2026-05-05 18:20:56.751742","collector_002",22.6,30.4,1078.0,20.3,17.5,6.5,131.0,5.0,9.0,21.0
"2026-05-05 18:25:58.160417","collector_002",22.7,35.3,1045.0,20.3,17.5,6.5,131.0,5.0,9.0,21.0
"2026-05-05 18:30:59.862405","collector_002",22.6,34.0,1002.0,20.3,17.5,6.5,131.0,5.0,9.0,21.0
"2026-05-05 18:36:01.395394","collector_002",22.6,31.2,951.0,20.3,17.5,6.5,131.0,5.0,9.0,21.0
"2026-05-05 18:41:02.732393","collector_002",22.6,31.5,893.0,20.3,17.5,6.5,131.0,5.0,9.0,21.0
"2026-05-05 18:46:04.398389","collector_002",22.6,30.1,825.0,20.3,17.5,6.5,131.0,5.0,9.0,21.0
"2026-05-05 18:51:05.962395","collector_002",22.6,30.3,741.0,20.3,17.5,6.5,131.0,5.0,9.0,21.0
"2026-05-05 18:56:07.389393","collector_002",22.5,33.9,643.0,20.3,17.5,6.4,131.0,5.0,9.0,21.0
"2026-05-05 19:01:08.819394","collector_002",22.4,33.5,522.0,20.3,17.5,6.5,131.0,5.0,9.0,21.0
"2026-05-05 19:06:10.645393","collector_002",22.4,29.8,437.0,20.2,17.5,6.5,131.0,5.0,9.0,21.0
"2026-05-05 19:11:12.105399","collector_002",22.3,29.8,359.0,20.2,17.5,6.5,131.0,5.0,9.0,21.0
"2026-05-05 19:16:14.020411","collector_002",22.2,32.0,288.0,20.2,17.5,6.5,131.0,5.0,9.0,21.0
"2026-05-05 19:21:15.593394","collector_002",22.0,31.1,237.0,20.2,17.5,6.4,130.0,5.0,9.0,21.0
"2026-05-05 19:26:16.918479","collector_002",21.9,35.4,212.0,20.2,17.5,6.4,130.0,5.0,9.0,21.0
"2026-05-05 19:31:18.242397","collector_002",21.7,29.7,202.0,20.1,17.5,6.4,130.0,5.0,9.0,21.0
"2026-05-05 19:36:19.793899","collector_002",21.5,33.2,193.0,20.1,17.5,6.4,130.0,5.0,9.0,21.0
"2026-05-05 19:41:21.326455","collector_002",21.5,32.7,186.0,20.0,17.5,6.4,130.0,5.0,9.0,21.0
"2026-05-05 19:46:22.925393","collector_002",21.5,30.2,184.0,20.0,17.5,6.4,130.0,5.0,9.0,21.0
"2026-05-05 19:51:24.170393","collector_002",21.5,32.1,182.0,19.9,17.5,6.4,130.0,5.0,9.0,21.0
"2026-05-05 19:56:26.018455","collector_002",21.5,32.2,185.0,19.9,17.4,6.4,130.0,5.0,9.0,21.0
"2026-05-05 20:01:28.110394","collector_002",21.5,32.6,186.0,19.8,17.5,6.4,130.0,5.0,9.0,21.0
"2026-05-05 20:06:29.589394","collector_002",21.5,32.3,182.0,19.8,17.4,6.4,130.0,5.0,9.0,21.0
"2026-05-05 20:11:31.086395","collector_002",21.5,33.1,186.0,19.8,17.4,6.4,130.0,5.0,9.0,21.0
"2026-05-05 20:16:32.750438","collector_002",21.5,34.4,182.0,19.7,17.4,6.4,130.0,5.0,9.0,21.0
"2026-05-05 20:21:34.427409","collector_002",21.5,32.4,186.0,19.7,17.4,6.4,129.0,5.0,9.0,21.0
"2026-05-05 20:26:36.392433","collector_002",21.5,35.1,183.0,19.7,17.4,6.4,129.0,5.0,9.0,21.0
"2026-05-05 20:31:38.135405","collector_002",21.5,32.5,183.0,19.7,17.4,6.4,129.0,5.0,9.0,21.0
"2026-05-05 20:36:40.218394","collector_002",21.5,32.7,183.0,19.6,17.4,6.4,129.0,5.0,9.0,21.0
"2026-05-05 20:41:41.971906","collector_002",21.5,34.3,186.0,19.6,17.4,6.4,129.0,5.0,9.0,21.0
"2026-05-05 20:46:43.609401","collector_002",21.4,36.8,186.0,19.6,17.4,6.4,129.0,5.0,9.0,21.0
"2026-05-05 20:51:45.561387","collector_002",21.3,33.2,186.0,19.5,17.4,6.4,129.0,5.0,9.0,21.0
"2026-05-05 20:56:47.219407","collector_002",21.3,35.2,182.0,19.5,17.4,6.4,129.0,5.0,9.0,21.0
"2026-05-05 21:01:48.817395","collector_002",21.0,34.0,183.0,19.5,17.4,6.4,129.0,5.0,9.0,21.0
"2026-05-05 21:06:50.918394","collector_002",21.0,33.0,182.0,19.4,17.4,6.4,129.0,5.0,9.0,21.0
"2026-05-05 21:11:52.323394","collector_002",20.9,34.3,185.0,19.4,17.4,6.4,129.0,5.0,9.0,21.0
"2026-05-05 21:16:54.151445","collector_002",20.9,34.9,183.0,19.3,17.4,6.4,129.0,5.0,9.0,21.0
"2026-05-05 21:21:55.992634","collector_002",20.8,34.7,182.0,19.3,17.4,6.4,129.0,5.0,9.0,21.0
"2026-05-05 21:26:57.433634","collector_002",20.7,35.4,183.0,19.2,17.4,6.4,129.0,5.0,9.0,21.0
"2026-05-05 21:31:59.241661","collector_002",20.8,34.0,183.0,19.2,17.4,6.4,129.0,5.0,9.0,21.0
"2026-05-05 21:37:00.86964","collector_002",20.9,34.3,184.0,19.1,17.4,6.4,128.0,5.0,9.0,21.0
"2026-05-05 21:42:02.748633","collector_002",20.9,33.7,183.0,19.1,17.4,6.4,128.0,5.0,9.0,21.0
"2026-05-05 21:47:04.694652","collector_002",20.9,33.8,183.0,19.1,17.4,6.4,128.0,5.0,9.0,21.0
"2026-05-05 21:52:06.285714","collector_002",20.9,33.9,186.0,19.0,17.4,6.4,128.0,5.0,9.0,21.0
"2026-05-05 21:57:07.840633","collector_002",21.0,34.1,185.0,19.0,17.4,6.4,128.0,5.0,9.0,21.0
"2026-05-05 22:02:09.749638","collector_002",21.0,35.2,185.0,19.0,17.4,6.5,128.0,5.0,9.0,21.0
"2026-05-05 22:07:11.630661","collector_002",21.0,35.0,183.0,19.0,17.4,6.5,128.0,5.0,9.0,21.0
"2026-05-05 22:12:13.33365","collector_002",21.0,34.5,183.0,18.9,17.4,6.5,128.0,5.0,9.0,21.0
"2026-05-05 22:17:15.135656","collector_002",21.1,34.3,182.0,18.9,17.3,6.5,128.0,5.0,9.0,21.0
"2026-05-05 22:22:17.042671","collector_002",21.1,33.9,186.0,18.9,17.3,6.5,128.0,5.0,9.0,21.0
"2026-05-05 22:27:18.869669","collector_002",21.1,34.1,184.0,18.9,17.4,6.5,128.0,5.0,9.0,21.0
"2026-05-05 22:32:20.376628","collector_002",21.1,35.9,186.0,18.9,17.4,6.5,128.0,5.0,9.0,21.0
"2026-05-05 22:37:22.090659","collector_002",21.1,34.2,182.0,18.9,17.3,6.5,128.0,5.0,9.0,21.0
"2026-05-05 22:42:24.006644","collector_002",21.1,35.3,186.0,18.9,17.3,6.5,128.0,5.0,9.0,21.0
"2026-05-05 22:47:26.086665","collector_002",21.2,35.5,183.0,18.9,17.3,6.5,128.0,5.0,9.0,21.0
"2026-05-05 22:52:27.774648","collector_002",21.2,35.4,186.0,18.9,17.3,6.5,128.0,5.0,9.0,21.0
"2026-05-05 22:57:29.347657","collector_002",21.2,35.1,182.0,18.9,17.3,6.5,128.0,5.0,9.0,21.0
"2026-05-05 23:02:31.103674","collector_002",21.2,35.8,183.0,18.9,17.3,6.5,128.0,5.0,9.0,21.0
"2026-05-05 23:07:32.597633","collector_002",21.2,35.5,183.0,18.9,17.3,6.5,128.0,5.0,9.0,21.0
"2026-05-05 23:12:34.493142","collector_002",21.2,34.1,181.0,18.9,17.3,6.5,128.0,5.0,9.0,21.0
"2026-05-05 23:17:36.146634","collector_002",21.2,35.3,185.0,18.9,17.3,6.5,128.0,5.0,9.0,21.0
"2026-05-05 23:22:37.869634","collector_002",21.2,35.2,181.0,18.9,17.3,6.5,128.0,5.0,9.0,21.0
"2026-05-05 23:27:39.431638","collector_002",21.2,35.7,183.0,18.9,17.3,6.5,128.0,5.0,9.0,21.0
"2026-05-05 23:32:41.805633","collector_002",21.3,35.6,183.0,18.9,17.3,6.5,128.0,5.0,9.0,21.0
"2026-05-05 23:37:43.597633","collector_002",21.3,34.7,182.0,18.9,17.3,6.5,128.0,5.0,9.0,21.0
"2026-05-05 23:42:45.083647","collector_002",21.3,34.1,183.0,19.0,17.3,6.5,128.0,5.0,9.0,21.0
"2026-05-05 23:47:46.472632","collector_002",21.3,34.7,184.0,19.0,17.3,6.5,128.0,5.0,9.0,21.0
"2026-05-05 23:52:48.395641","collector_002",21.3,34.1,186.0,19.0,17.3,6.5,128.0,5.0,9.0,21.0
"2026-05-05 23:57:50.103633","collector_002",21.4,34.7,183.0,19.0,17.3,6.5,128.0,5.0,9.0,21.0
"2026-05-06 00:02:52.141662","collector_002",21.3,33.5,181.0,19.0,17.3,6.5,128.0,5.0,9.0,21.0
"2026-05-06 00:07:53.584658","collector_002",21.3,33.8,181.0,19.0,17.3,6.5,128.0,5.0,9.0,21.0
"2026-05-06 00:12:55.183656","collector_002",21.3,33.9,181.0,19.0,17.3,6.5,128.0,5.0,9.0,21.0
"2026-05-06 00:17:56.851634","collector_002",21.3,33.5,183.0,19.0,17.3,6.5,128.0,5.0,9.0,21.0
"2026-05-06 00:22:58.798286","collector_002",21.2,34.3,185.0,19.0,17.3,6.5,128.0,5.0,9.0,21.0
"2026-05-06 00:28:00.538285","collector_002",21.2,34.6,185.0,19.0,17.3,6.5,128.0,5.0,9.0,21.0
"2026-05-06 00:33:02.227318","collector_002",21.1,34.7,181.0,19.0,17.3,6.5,128.0,5.0,9.0,21.0
"2026-05-06 00:38:04.448285","collector_002",21.1,34.9,186.0,18.9,17.2,6.5,128.0,5.0,9.0,21.0
"2026-05-06 00:43:06.296286","collector_002",21.1,35.5,184.0,18.9,17.2,6.5,128.0,5.0,9.0,21.0
"2026-05-06 00:48:08.172291","collector_002",21.0,35.5,183.0,18.9,17.2,6.5,128.0,5.0,9.0,21.0
"2026-05-06 00:53:10.13037","collector_002",21.0,35.5,186.0,18.9,17.2,6.5,128.0,5.0,9.0,21.0
"2026-05-06 00:58:11.539287","collector_002",21.0,34.6,185.0,18.9,17.2,6.5,128.0,5.0,9.0,21.0
"2026-05-06 01:03:13.059286","collector_002",21.0,35.3,186.0,18.9,17.2,6.5,128.0,5.0,9.0,21.0
"2026-05-06 01:08:14.910286","collector_002",21.0,36.7,185.0,18.8,17.2,6.5,128.0,5.0,9.0,21.0
"2026-05-06 01:13:16.725297","collector_002",20.9,35.0,183.0,18.8,17.2,6.4,128.0,5.0,9.0,21.0
"2026-05-06 01:18:18.498281","collector_002",20.9,35.7,184.0,18.8,17.2,6.5,128.0,5.0,9.0,21.0
"2026-05-06 01:23:20.389291","collector_002",20.9,36.2,185.0,18.8,17.2,6.5,128.0,5.0,9.0,21.0
"2026-05-06 01:28:22.216354","collector_002",20.8,36.6,183.0,18.8,17.2,6.5,128.0,5.0,9.0,21.0
"2026-05-06 01:33:24.004287","collector_002",20.8,35.4,183.0,18.8,17.2,6.5,128.0,5.0,9.0,21.0
"2026-05-06 01:38:25.585286","collector_002",20.8,35.7,184.0,18.7,17.2,6.5,127.0,5.0,8.0,21.0
"2026-05-06 01:43:27.403819","collector_002",20.8,37.3,183.0,18.7,17.2,6.5,127.0,5.0,8.0,21.0
"2026-05-06 01:48:29.172791","collector_002",20.8,36.0,182.0,18.7,17.2,6.5,127.0,5.0,8.0,21.0
"2026-05-06 01:53:31.103301","collector_002",20.9,35.9,182.0,18.7,17.2,6.5,127.0,5.0,8.0,21.0
"2026-05-06 01:58:32.883293","collector_002",20.9,36.9,183.0,18.7,17.2,6.5,127.0,5.0,8.0,21.0
"2026-05-06 02:03:34.335816","collector_002",20.8,36.5,185.0,18.7,17.2,6.5,127.0,5.0,8.0,21.0
"2026-05-06 02:08:35.97632","collector_002",20.8,36.0,185.0,18.7,17.2,6.5,127.0,5.0,8.0,21.0
"2026-05-06 02:13:37.765305","collector_002",20.9,38.1,181.0,18.6,17.2,6.5,127.0,5.0,8.0,21.0
"2026-05-06 02:18:39.369286","collector_002",20.9,37.3,183.0,18.6,17.2,6.5,127.0,5.0,8.0,21.0
"2026-05-06 02:23:41.159289","collector_002",20.8,36.8,181.0,18.6,17.2,6.5,127.0,5.0,8.0,21.0
"2026-05-06 02:28:42.870287","collector_002",20.8,36.3,184.0,18.6,17.2,6.5,127.0,5.0,8.0,21.0
"2026-05-06 02:33:44.406297","collector_002",20.8,36.9,185.0,18.6,17.2,6.5,127.0,5.0,8.0,21.0
"2026-05-06 02:38:46.611299","collector_002",20.8,37.0,183.0,18.6,17.2,6.5,127.0,5.0,8.0,21.0
"2026-05-06 02:43:48.198301","collector_002",20.8,37.0,181.0,18.6,17.2,6.5,127.0,5.0,8.0,21.0
"2026-05-06 02:48:49.625301","collector_002",20.8,37.0,185.0,18.6,17.2,6.5,127.0,5.0,8.0,21.0
"2026-05-06 02:53:51.36832","collector_002",20.8,37.3,185.0,18.6,17.2,6.5,127.0,5.0,8.0,21.0
"2026-05-06 02:58:52.852315","collector_002",20.8,37.3,183.0,18.6,17.2,6.5,127.0,5.0,8.0,21.0
"2026-05-06 03:03:54.601291","collector_002",20.8,36.2,182.0,18.6,17.2,6.5,127.0,5.0,8.0,21.0
"2026-05-06 03:08:56.768293","collector_002",20.8,37.4,181.0,18.6,17.2,6.5,127.0,5.0,8.0,21.0
"2026-05-06 03:13:58.327295","collector_002",20.8,36.9,182.0,18.6,17.2,6.5,127.0,5.0,8.0,21.0
"2026-05-06 03:19:00.306324","collector_002",20.8,36.7,183.0,18.6,17.2,6.5,127.0,5.0,8.0,21.0
"2026-05-06 03:24:01.932482","collector_002",20.8,36.7,183.0,18.6,17.1,6.5,127.0,5.0,8.0,21.0
"2026-05-06 03:29:03.621481","collector_002",20.7,37.1,0.0,18.6,17.2,6.5,127.0,5.0,8.0,21.0
"2026-05-06 03:34:04.651481","collector_002",20.7,38.0,1.0,18.6,17.1,6.5,127.0,5.0,8.0,21.0
"2026-05-06 03:39:05.934482","collector_002",20.7,37.3,0.0,18.6,17.1,6.5,127.0,5.0,8.0,21.0
"2026-05-06 03:44:07.10448","collector_002",20.7,36.8,0.0,18.6,17.1,6.5,127.0,5.0,8.0,21.0
"2026-05-06 03:49:08.230481","collector_002",20.7,37.8,0.0,18.5,17.1,6.5,127.0,5.0,8.0,21.0
"2026-05-06 03:54:09.292521","collector_002",20.6,36.8,0.0,18.5,17.1,6.5,127.0,5.0,8.0,21.0
"2026-05-06 03:59:10.497481","collector_002",20.6,37.3,0.0,18.5,17.1,6.5,127.0,5.0,8.0,21.0
"2026-05-06 04:04:11.562481","collector_002",20.5,37.0,0.0,18.5,17.1,6.5,127.0,5.0,8.0,21.0
"2026-05-06 04:09:12.872481","collector_002",20.5,39.7,0.0,18.5,17.1,6.5,127.0,5.0,8.0,21.0
"2026-05-06 04:14:14.090498","collector_002",20.5,37.3,0.0,18.5,17.1,6.5,126.0,5.0,8.0,20.0
"2026-05-06 04:19:15.400488","collector_002",20.5,37.5,0.0,18.5,17.1,6.5,127.0,5.0,8.0,21.0
"2026-05-06 04:24:16.735481","collector_002",20.5,37.2,0.0,18.5,17.1,6.5,126.0,5.0,8.0,20.0
"2026-05-06 04:29:18.052529","collector_002",20.5,36.9,0.0,18.5,17.1,6.5,126.0,5.0,8.0,20.0
"2026-05-06 04:34:19.197502","collector_002",20.5,36.8,1.0,18.4,17.1,6.5,126.0,5.0,8.0,20.0
"2026-05-06 04:39:20.580481","collector_002",20.4,37.5,1.0,18.4,17.1,6.5,126.0,5.0,8.0,20.0
"2026-05-06 04:44:22.153486","collector_002",20.4,37.0,1.0,18.4,17.1,6.5,126.0,5.0,8.0,20.0
"2026-05-06 04:49:23.43855","collector_002",20.4,37.4,1.0,18.4,17.1,6.5,126.0,5.0,8.0,20.0
"2026-05-06 04:54:24.707481","collector_002",20.3,37.2,1.0,18.4,17.1,6.5,126.0,5.0,8.0,20.0
"2026-05-06 04:59:26.154492","collector_002",20.3,37.3,1.0,18.3,17.1,6.5,126.0,5.0,8.0,20.0
"2026-05-06 05:04:27.688492","collector_002",20.3,37.4,2.0,18.3,17.1,6.5,126.0,5.0,8.0,20.0
"2026-05-06 05:09:29.160511","collector_002",20.2,37.6,2.0,18.3,17.1,6.5,126.0,5.0,8.0,20.0
"2026-05-06 05:14:30.62148","collector_002",20.2,37.5,3.0,18.3,17.1,6.5,126.0,5.0,8.0,20.0
"2026-05-06 05:19:32.401481","collector_002",20.1,38.8,7.0,18.3,17.1,6.5,126.0,5.0,8.0,20.0
"2026-05-06 05:24:34.002488","collector_002",20.1,37.7,16.0,18.2,17.1,6.5,126.0,5.0,8.0,20.0
"2026-05-06 05:29:35.593481","collector_002",20.1,37.9,31.0,18.2,17.1,6.5,126.0,5.0,8.0,20.0
"2026-05-06 05:34:37.299476","collector_002",20.0,37.8,54.0,18.2,17.1,6.5,126.0,5.0,8.0,20.0
"2026-05-06 05:39:39.212494","collector_002",20.0,38.2,85.0,18.2,17.0,6.5,126.0,5.0,8.0,20.0
"2026-05-06 05:44:40.7725","collector_002",20.1,39.9,127.0,18.1,17.0,6.5,126.0,5.0,8.0,20.0
"2026-05-06 05:49:42.468519","collector_002",20.2,39.0,180.0,18.1,17.1,6.5,125.0,5.0,8.0,20.0
"2026-05-06 05:54:44.340498","collector_002",20.2,38.3,243.0,18.1,17.1,6.5,125.0,5.0,8.0,20.0
"2026-05-06 05:59:46.00248","collector_002",20.3,38.4,316.0,18.1,17.1,6.5,125.0,5.0,8.0,20.0
"2026-05-06 06:04:47.458486","collector_002",20.3,37.8,380.0,18.1,17.0,6.5,125.0,5.0,8.0,20.0
"2026-05-06 06:09:49.478513","collector_002",20.3,38.2,442.0,18.1,17.0,6.5,125.0,5.0,8.0,20.0
"2026-05-06 06:14:51.197497","collector_002",20.4,38.4,538.0,18.1,17.0,6.5,125.0,5.0,8.0,20.0
"2026-05-06 06:19:52.971511","collector_002",20.4,38.0,593.0,18.1,17.0,6.5,125.0,5.0,8.0,20.0
"2026-05-06 06:24:54.389405","collector_002",20.5,37.7,641.0,18.1,17.0,6.5,125.0,5.0,8.0,20.0
"2026-05-06 06:29:56.34043","collector_002",20.5,39.3,658.0,18.1,17.1,6.5,125.0,5.0,8.0,20.0
"2026-05-06 06:34:57.851387","collector_002",20.6,37.9,700.0,18.2,17.0,6.5,126.0,5.0,8.0,20.0
"2026-05-06 06:39:59.784389","collector_002",20.6,38.0,826.0,18.2,17.0,6.5,126.0,5.0,8.0,20.0
"2026-05-06 06:45:01.460393","collector_002",20.7,37.6,876.0,18.2,17.1,6.5,126.0,5.0,8.0,20.0
"2026-05-06 06:50:03.189402","collector_002",20.8,38.2,941.0,18.2,17.1,6.5,126.0,5.0,8.0,20.0
"2026-05-06 06:55:05.015414","collector_002",20.8,38.4,940.0,18.2,17.0,6.5,126.0,5.0,8.0,20.0
"2026-05-06 07:00:06.582391","collector_002",20.8,39.2,928.0,18.3,17.0,6.5,126.0,5.0,8.0,20.0
"2026-05-06 07:05:08.449386","collector_002",20.9,37.5,902.0,18.3,17.0,6.5,126.0,5.0,8.0,20.0
"2026-05-06 07:10:09.958393","collector_002",20.9,41.8,995.0,18.3,17.0,6.5,126.0,5.0,8.0,20.0
"2026-05-06 07:15:11.416418","collector_002",21.0,38.0,1052.0,18.3,17.0,6.5,126.0,5.0,8.0,20.0
"2026-05-06 07:20:13.156395","collector_002",21.1,39.4,1102.0,18.3,17.1,6.5,126.0,5.0,8.0,20.0
"2026-05-06 07:25:14.847386","collector_002",21.1,39.9,1201.0,18.3,17.1,6.5,126.0,5.0,8.0,20.0
"2026-05-06 07:30:16.699385","collector_002",21.1,37.9,1357.0,18.4,17.0,6.5,126.0,5.0,8.0,20.0
"2026-05-06 07:35:18.449381","collector_002",21.1,38.2,1198.0,18.4,17.0,6.5,126.0,5.0,8.0,20.0
"2026-05-06 07:40:20.248399","collector_002",21.1,40.7,1222.0,18.4,17.0,6.5,126.0,5.0,8.0,20.0
"2026-05-06 07:45:22.130391","collector_002",21.2,37.8,1353.0,18.5,17.1,6.5,126.0,5.0,8.0,20.0
"2026-05-06 07:50:23.844393","collector_002",21.2,37.7,1167.0,18.5,17.1,6.5,126.0,5.0,8.0,20.0
"2026-05-06 07:55:25.417391","collector_002",21.2,40.3,1208.0,18.5,17.0,6.5,126.0,5.0,8.0,20.0
"2026-05-06 08:00:27.166401","collector_002",21.3,38.9,1239.0,18.5,17.0,6.5,126.0,5.0,8.0,20.0
"2026-05-06 08:05:29.067424","collector_002",21.4,39.2,1607.0,18.6,17.0,6.5,126.0,5.0,8.0,20.0
"2026-05-06 08:10:30.894415","collector_002",21.5,42.8,1603.0,18.6,17.0,6.5,126.0,5.0,8.0,20.0
"2026-05-06 08:15:32.738387","collector_002",21.5,42.0,1277.0,18.6,17.1,6.5,126.0,5.0,8.0,20.0
"2026-05-06 08:20:34.704389","collector_002",21.5,37.3,1237.0,18.6,17.0,6.5,126.0,5.0,8.0,20.0
"2026-05-06 08:25:36.352393","collector_002",21.6,39.3,1233.0,18.7,17.1,6.5,127.0,5.0,8.0,21.0
"2026-05-06 08:30:37.975421","collector_002",21.6,40.7,1200.0,18.7,17.1,6.5,127.0,5.0,8.0,21.0
"2026-05-06 08:35:39.742428","collector_002",21.6,39.8,1223.0,18.8,17.1,6.5,127.0,5.0,8.0,21.0
"2026-05-06 08:40:41.479389","collector_002",21.6,37.3,1239.0,18.8,17.0,6.5,127.0,5.0,8.0,21.0
"2026-05-06 08:45:43.051391","collector_002",21.7,41.0,1241.0,18.8,17.0,6.5,127.0,5.0,8.0,21.0
"2026-05-06 08:50:44.473457","collector_002",21.7,39.0,1239.0,18.8,17.1,6.5,127.0,5.0,8.0,21.0
"2026-05-06 08:55:46.369391","collector_002",21.7,45.7,1257.0,18.9,17.1,6.5,127.0,5.0,8.0,21.0
"2026-05-06 09:00:48.045386","collector_002",21.8,41.2,1342.0,18.9,17.0,6.5,127.0,5.0,8.0,21.0
"2026-05-06 09:05:50.786385","collector_002",21.8,40.1,1246.0,18.9,17.0,6.5,127.0,5.0,8.0,21.0
"2026-05-06 09:10:52.400397","collector_002",21.9,40.3,1210.0,18.9,17.0,6.5,127.0,5.0,8.0,21.0
"2026-05-06 09:15:54.106395","collector_002",21.9,38.2,1225.0,19.0,17.1,6.5,127.0,5.0,8.0,21.0
"2026-05-06 09:20:55.421395","collector_002",21.9,39.0,1208.0,19.0,17.1,6.5,127.0,5.0,8.0,21.0
"2026-05-06 09:25:56.812977","collector_002",21.9,44.1,1205.0,19.1,17.1,6.5,127.0,5.0,8.0,21.0
"2026-05-06 09:30:58.413957","collector_002",22.0,40.9,1198.0,19.1,17.0,6.5,127.0,5.0,8.0,21.0
"2026-05-06 09:36:00.255491","collector_002",22.0,41.8,1189.0,19.1,17.1,6.5,127.0,5.0,8.0,21.0
"2026-05-06 09:41:01.679948","collector_002",22.0,42.7,1177.0,19.2,17.1,6.5,127.0,5.0,8.0,21.0
"2026-05-06 09:46:02.982965","collector_002",22.1,39.1,1184.0,19.2,17.1,6.5,127.0,5.0,8.0,21.0
"2026-05-06 09:51:04.594953","collector_002",22.1,41.9,1200.0,19.3,17.1,6.5,127.0,5.0,8.0,21.0
"2026-05-06 09:56:06.766966","collector_002",22.1,41.6,1416.0,19.3,17.1,6.5,127.0,5.0,8.0,21.0
"2026-05-06 10:01:08.760986","collector_002",22.2,40.5,1425.0,19.3,17.1,6.5,128.0,5.0,9.0,21.0
"2026-05-06 10:06:10.936948","collector_002",22.3,39.2,1379.0,19.3,17.1,6.5,128.0,5.0,9.0,21.0
"2026-05-06 10:11:12.66899","collector_002",22.3,42.6,1366.0,19.4,17.1,6.5,128.0,5.0,9.0,21.0
"2026-05-06 10:16:14.643947","collector_002",22.4,40.9,1343.0,19.4,17.1,6.5,128.0,5.0,9.0,21.0
"2026-05-06 10:21:16.746948","collector_002",22.5,45.4,1336.0,19.5,17.1,6.5,128.0,5.0,9.0,21.0
"2026-05-06 10:26:18.838955","collector_002",22.6,41.3,1338.0,19.5,17.1,6.5,128.0,5.0,9.0,21.0
"2026-05-06 10:31:20.591484","collector_002",22.6,43.6,1351.0,19.6,17.1,6.5,128.0,5.0,9.0,21.0
"2026-05-06 10:36:22.574471","collector_002",22.6,39.7,1364.0,19.6,17.1,6.5,128.0,5.0,9.0,21.0
"2026-05-06 10:41:24.614974","collector_002",22.8,38.9,1360.0,19.7,17.1,6.5,128.0,5.0,9.0,21.0
"2026-05-06 10:46:26.365946","collector_002",22.9,41.4,1370.0,19.7,17.1,6.5,128.0,5.0,9.0,21.0
"2026-05-06 10:51:28.556943","collector_002",22.9,38.8,1388.0,19.8,17.1,6.5,128.0,5.0,9.0,21.0
"2026-05-06 10:56:30.792955","collector_002",23.0,39.9,1404.0,19.8,17.1,6.5,129.0,5.0,9.0,21.0
"2026-05-06 11:01:32.573961","collector_002",23.1,39.0,1359.0,19.9,17.1,6.5,128.0,5.0,9.0,21.0
"2026-05-06 11:06:33.947948","collector_002",23.1,39.7,1381.0,20.0,17.1,6.5,129.0,5.0,9.0,21.0
"2026-05-06 11:11:35.561949","collector_002",23.2,43.1,1400.0,20.0,17.1,6.5,129.0,5.0,9.0,21.0
"2026-05-06 11:16:37.507948","collector_002",23.2,39.1,1361.0,20.1,17.1,6.5,129.0,5.0,9.0,21.0
"2026-05-06 11:21:38.691967","collector_002",23.3,39.8,1352.0,20.1,17.1,6.5,129.0,5.0,9.0,21.0
"2026-05-06 11:26:40.392943","collector_002",23.3,42.4,1328.0,20.2,17.1,6.5,129.0,5.0,9.0,21.0
"2026-05-06 11:31:41.943957","collector_002",23.4,42.9,1319.0,20.3,17.1,6.5,129.0,5.0,9.0,21.0
"2026-05-06 11:36:43.747956","collector_002",23.4,38.6,1322.0,20.3,17.1,6.5,129.0,5.0,9.0,21.0
"2026-05-06 11:41:45.558957","collector_002",23.4,43.9,1334.0,20.4,17.1,6.5,129.0,5.0,9.0,21.0
"2026-05-06 11:46:47.041984","collector_002",23.5,42.2,1343.0,20.4,17.1,6.5,129.0,5.0,9.0,21.0
"2026-05-06 11:51:52.640947","collector_002",23.5,39.3,1318.0,20.4,17.1,6.5,129.0,5.0,9.0,21.0
"2026-05-06 11:56:54.850977","collector_002",23.5,43.1,1309.0,20.5,17.1,6.5,129.0,5.0,9.0,21.0
"2026-05-06 12:01:57.531948","collector_002",23.6,39.1,1307.0,20.5,17.1,6.5,129.0,5.0,9.0,21.0
"2026-05-06 12:06:59.952951","collector_002",23.5,38.6,1293.0,20.5,17.1,6.5,130.0,5.0,9.0,21.0
"2026-05-06 12:12:02.600948","collector_002",23.5,38.6,1293.0,20.6,17.1,6.5,130.0,5.0,9.0,21.0
"2026-05-06 12:17:08.715053","collector_002",23.5,38.7,1291.0,20.6,17.1,6.5,130.0,5.0,9.0,21.0
"2026-05-06 12:22:11.568488","collector_002",23.6,39.0,1329.0,20.6,17.1,6.5,130.0,5.0,9.0,21.0
"2026-05-06 12:27:15.929499","collector_002",23.7,41.5,1324.0,20.7,17.1,6.5,130.0,5.0,9.0,21.0
"2026-05-06 12:32:20.231488","collector_002",23.7,40.8,1343.0,20.7,17.1,6.5,130.0,5.0,9.0,21.0
"2026-05-06 12:37:27.155992","collector_002",23.7,43.8,1408.0,20.7,17.1,6.5,130.0,5.0,9.0,21.0
"2026-05-06 12:42:56.369495","collector_002",23.8,41.5,1454.0,20.8,17.1,6.5,130.0,5.0,9.0,21.0
"2026-05-06 12:48:23.86652","collector_002",24.0,43.7,1625.0,20.8,17.1,6.5,130.0,5.0,9.0,21.0
"2026-05-06 12:53:29.130489","collector_002",24.0,43.8,1675.0,20.8,17.1,6.5,130.0,5.0,9.0,21.0
"2026-05-06 12:58:33.559501","collector_002",24.0,42.1,1500.0,20.9,17.1,6.5,130.0,5.0,9.0,21.0
"2026-05-06 13:03:41.041493","collector_002",24.0,39.9,1465.0,20.9,17.1,6.5,130.0,5.0,9.0,21.0
"2026-05-06 13:08:46.831488","collector_002",24.1,43.3,1537.0,20.9,17.1,6.5,130.0,5.0,9.0,21.0
"2026-05-06 13:13:56.683488","collector_002",24.1,40.1,1398.0,21.0,17.1,6.5,130.0,5.0,9.0,21.0
"2026-05-06 13:19:02.972488","collector_002",24.1,42.9,1530.0,21.0,17.1,6.5,130.0,5.0,9.0,21.0
"2026-05-06 13:24:09.398491","collector_002",24.1,40.4,1406.0,21.1,17.1,6.5,130.0,5.0,9.0,21.0
"2026-05-06 13:29:15.452511","collector_002",24.2,40.7,1383.0,21.1,17.1,6.5,130.0,5.0,9.0,21.0
"2026-05-06 13:34:29.716505","collector_002",24.2,42.7,1359.0,21.1,17.1,6.5,130.0,5.0,9.0,21.0
"2026-05-06 13:39:36.631514","collector_002",24.2,42.8,1294.0,21.1,17.1,6.5,130.0,5.0,9.0,21.0
"2026-05-06 13:44:41.840488","collector_002",24.2,40.0,1298.0,21.2,17.1,6.5,130.0,5.0,9.0,21.0
"2026-05-06 13:49:53.174489","collector_002",24.1,40.9,1293.0,21.2,17.1,6.5,131.0,5.0,9.0,21.0
"2026-05-06 13:55:00.021522","collector_002",24.2,38.8,1305.0,21.2,17.1,6.5,131.0,5.0,9.0,21.0
"2026-05-06 14:00:07.427489","collector_002",24.3,39.6,1363.0,21.3,17.1,6.5,131.0,5.0,9.0,21.0
"2026-05-06 14:05:15.155532","collector_002",24.2,38.5,1338.0,21.3,17.1,6.5,131.0,5.0,9.0,21.0
"2026-05-06 14:10:24.198558","collector_002",24.3,39.1,1636.0,21.3,17.1,6.5,131.0,5.0,9.0,21.0
"2026-05-06 14:15:31.666528","collector_002",24.3,38.2,1741.0,21.4,17.1,6.5,131.0,5.0,9.0,21.0
"2026-05-06 14:20:41.269497","collector_002",24.3,38.0,1603.0,21.4,17.1,6.5,131.0,5.0,9.0,21.0
"2026-05-06 14:25:49.734483","collector_002",24.4,39.4,1563.0,21.4,17.1,6.5,131.0,5.0,9.0,21.0
"2026-05-06 14:30:59.041511","collector_002",24.4,38.7,1572.0,21.4,17.1,6.5,131.0,5.0,9.0,21.0
"2026-05-06 14:36:04.666483","collector_002",24.3,38.1,1708.0,21.5,17.1,6.5,131.0,5.0,9.0,21.0
"2026-05-06 14:41:12.149495","collector_002",24.5,38.1,1582.0,21.5,17.1,6.5,131.0,5.0,9.0,21.0
"2026-05-06 14:46:19.381483","collector_002",24.5,38.1,1542.0,21.5,17.1,6.5,131.0,5.0,9.0,21.0
"2026-05-06 14:51:26.487516","collector_002",24.5,41.8,1403.0,21.6,17.1,6.5,131.0,5.0,9.0,21.0
"2026-05-06 14:56:33.221488","collector_002",24.7,41.2,1470.0,21.6,17.1,6.5,131.0,5.0,9.0,21.0
"2026-05-06 15:01:40.009493","collector_002",24.7,38.2,1357.0,21.6,17.1,6.5,131.0,5.0,9.0,21.0
"2026-05-06 15:06:46.142486","collector_002",24.7,39.8,1406.0,21.7,17.1,6.4,131.0,5.0,9.0,21.0
"2026-05-06 15:11:51.847489","collector_002",24.6,38.1,1432.0,21.7,17.1,6.5,131.0,5.0,9.0,21.0
"2026-05-06 15:16:58.692488","collector_002",24.7,37.8,1489.0,21.7,17.1,6.5,131.0,5.0,9.0,21.0
"2026-05-06 15:22:04.767887","collector_002",24.7,39.8,1350.0,21.7,17.1,6.5,131.0,5.0,9.0,21.0
"2026-05-06 15:27:10.529859","collector_002",24.7,40.6,1252.0,21.8,17.1,6.5,131.0,5.0,9.0,21.0
"2026-05-06 15:32:19.162849","collector_002",24.6,37.9,1277.0,21.8,17.1,6.5,131.0,5.0,9.0,21.0
"2026-05-06 15:37:25.146844","collector_002",24.6,38.1,1253.0,21.8,17.1,6.5,131.0,5.0,9.0,21.0
"2026-05-06 15:42:31.518867","collector_002",24.6,38.0,1251.0,21.8,17.1,6.5,131.0,5.0,9.0,21.0
"2026-05-06 15:47:38.829884","collector_002",24.5,39.6,1143.0,21.8,17.1,6.5,131.0,5.0,9.0,21.0
"2026-05-06 15:52:43.975844","collector_002",24.6,40.1,1256.0,21.8,17.1,6.5,131.0,5.0,9.0,21.0
"2026-05-06 15:57:50.578857","collector_002",24.6,41.9,1231.0,21.8,17.1,6.5,131.0,5.0,9.0,21.0
"2026-05-06 16:02:57.545849","collector_002",24.6,38.2,1215.0,21.8,17.1,6.5,131.0,5.0,9.0,21.0
"2026-05-06 16:08:05.681845","collector_002",24.6,38.2,1201.0,21.9,17.1,6.5,131.0,5.0,9.0,21.0
"2026-05-06 16:13:14.598844","collector_002",24.6,38.7,1189.0,21.9,17.1,6.5,131.0,5.0,9.0,21.0
"2026-05-06 16:18:22.242888","collector_002",24.6,40.4,1181.0,21.9,17.1,6.5,131.0,5.0,9.0,21.0
"2026-05-06 16:23:27.681878","collector_002",24.6,38.1,1170.0,21.9,17.1,6.5,131.0,5.0,9.0,21.0
"2026-05-06 16:28:33.029843","collector_002",24.6,41.5,1158.0,21.9,17.1,6.5,131.0,5.0,9.0,21.0
"2026-05-06 16:33:39.946872","collector_002",24.6,38.8,1154.0,21.9,17.1,6.5,131.0,5.0,9.0,21.0
"2026-05-06 16:38:46.825844","collector_002",24.7,38.5,1150.0,22.0,17.1,6.5,131.0,5.0,9.0,21.0
"2026-05-06 16:43:53.353844","collector_002",24.7,40.2,1148.0,22.0,17.1,6.5,131.0,5.0,9.0,21.0
"2026-05-06 16:49:00.747851","collector_002",24.7,38.0,1202.0,22.0,17.1,6.5,131.0,5.0,9.0,21.0
"2026-05-06 16:54:05.298844","collector_002",24.6,38.8,1216.0,22.0,17.1,6.5,131.0,5.0,9.0,21.0
"2026-05-06 16:59:10.935847","collector_002",24.4,39.4,1229.0,22.0,17.1,6.5,131.0,5.0,9.0,21.0
"2026-05-06 17:04:15.527845","collector_002",24.3,39.0,1233.0,22.0,17.1,6.5,131.0,5.0,9.0,21.0
"2026-05-06 17:09:20.602847","collector_002",24.3,37.7,1218.0,21.9,17.1,6.5,131.0,5.0,9.0,21.0
"2026-05-06 17:14:25.801878","collector_002",24.2,38.3,1256.0,21.9,17.1,6.5,131.0,5.0,9.0,21.0
"2026-05-06 17:19:31.698845","collector_002",24.0,37.3,1251.0,21.9,17.0,6.5,131.0,5.0,9.0,21.0
"2026-05-06 17:24:37.958889","collector_002",24.1,40.1,1256.0,21.9,17.0,6.5,131.0,5.0,9.0,21.0
"2026-05-06 17:29:48.746845","collector_002",24.0,39.0,1249.0,21.8,17.0,6.5,131.0,5.0,9.0,21.0
"2026-05-06 17:34:54.098844","collector_002",24.0,36.8,1240.0,21.8,17.0,6.5,131.0,5.0,9.0,21.0
"2026-05-06 17:39:59.115839","collector_002",24.0,38.9,1242.0,21.8,17.0,6.5,131.0,5.0,9.0,21.0
"2026-05-06 17:45:04.409863","collector_002",23.9,36.8,1244.0,21.8,17.0,6.5,131.0,5.0,9.0,21.0
"2026-05-06 17:50:10.782861","collector_002",24.0,39.8,1250.0,21.8,17.0,6.5,131.0,5.0,9.0,21.0
"2026-05-06 17:55:16.103844","collector_002",23.9,37.8,1247.0,21.8,17.0,6.5,130.0,5.0,9.0,21.0
"2026-05-06 18:00:29.271183","collector_002",23.9,36.8,1233.0,21.8,17.0,6.5,130.0,5.0,9.0,21.0
"2026-05-06 18:05:43.397873","collector_002",23.8,36.8,1224.0,21.7,17.0,6.5,130.0,5.0,9.0,21.0
"2026-05-06 18:10:56.760837","collector_002",23.8,39.0,1205.0,21.7,17.0,6.5,130.0,5.0,9.0,21.0
"2026-05-06 18:16:06.569864","collector_002",23.9,40.7,1178.0,21.7,17.0,6.5,130.0,5.0,9.0,21.0
"2026-05-06 18:21:14.242865","collector_002",23.9,39.7,1108.0,21.7,17.0,6.5,130.0,5.0,9.0,21.0
"2026-05-06 18:26:26.176342","collector_002",23.8,41.3,1034.0,21.7,17.0,6.5,130.0,5.0,9.0,21.0
"2026-05-06 18:31:38.963348","collector_002",23.8,37.5,958.0,21.7,17.0,6.5,130.0,5.0,9.0,21.0
"2026-05-06 18:36:45.471379","collector_002",23.6,40.7,703.0,21.7,17.0,6.5,130.0,5.0,9.0,21.0
"2026-05-06 18:41:59.221339","collector_002",23.6,38.8,595.0,21.6,17.0,6.4,130.0,5.0,9.0,21.0
"2026-05-06 18:47:12.036361","collector_002",23.5,37.4,464.0,21.6,17.0,6.4,130.0,5.0,9.0,21.0
"2026-05-06 18:52:36.251339","collector_002",23.4,37.7,378.0,21.6,17.0,6.5,130.0,5.0,9.0,21.0
"2026-05-06 18:57:42.24734","collector_002",23.4,39.3,289.0,21.6,17.0,6.5,130.0,5.0,9.0,21.0
"2026-05-06 19:02:48.641354","collector_002",23.3,42.1,205.0,21.6,17.0,6.5,130.0,5.0,9.0,21.0
"2026-05-06 19:07:59.297389","collector_002",23.2,43.6,122.0,21.6,17.0,6.5,130.0,5.0,9.0,21.0
"2026-05-06 19:13:13.77334","collector_002",23.1,39.2,82.0,21.5,17.0,6.5,130.0,5.0,9.0,21.0
"2026-05-06 19:18:23.385846","collector_002",23.0,38.7,54.0,21.5,17.0,6.5,130.0,5.0,9.0,21.0
"2026-05-06 19:23:40.067368","collector_002",22.9,40.6,33.0,21.5,17.0,6.5,130.0,5.0,9.0,21.0
"2026-05-06 19:28:51.837359","collector_002",22.9,40.4,20.0,21.4,17.0,6.5,130.0,5.0,9.0,21.0
"2026-05-06 19:33:59.511346","collector_002",22.6,39.4,11.0,21.4,17.0,6.5,129.0,5.0,9.0,21.0
"2026-05-06 19:39:03.605392","collector_002",22.5,40.9,6.0,21.4,17.0,6.5,129.0,5.0,9.0,21.0
"2026-05-06 19:44:06.193346","collector_002",22.6,43.2,3.0,21.3,16.9,6.5,129.0,5.0,9.0,21.0
"2026-05-06 19:49:07.823344","collector_002",22.5,42.0,2.0,21.3,16.9,6.5,129.0,5.0,9.0,21.0
"2026-05-06 19:54:09.291339","collector_002",22.4,39.9,2.0,21.2,16.9,6.4,129.0,5.0,9.0,21.0
"2026-05-06 19:59:10.93334","collector_002",22.4,39.7,2.0,21.2,16.8,6.5,129.0,5.0,9.0,21.0
"2026-05-06 20:04:12.326359","collector_002",22.4,39.5,2.0,21.1,16.8,6.5,129.0,5.0,9.0,21.0
"2026-05-06 20:09:13.816338","collector_002",22.3,39.5,179.0,21.1,16.8,6.5,129.0,5.0,9.0,21.0
"2026-05-06 20:14:16.044348","collector_002",22.5,40.5,180.0,21.1,16.8,6.5,129.0,5.0,9.0,21.0
"2026-05-06 20:19:18.144338","collector_002",22.5,40.1,178.0,21.1,16.8,6.5,129.0,5.0,9.0,21.0
"2026-05-06 20:24:20.243346","collector_002",22.6,40.8,182.0,21.0,16.8,6.5,129.0,5.0,9.0,21.0
"2026-05-06 20:29:22.247334","collector_002",22.5,40.8,181.0,21.0,16.8,6.5,128.0,5.0,9.0,21.0
"2026-05-06 20:34:24.486362","collector_002",22.4,40.1,178.0,21.0,16.8,6.5,128.0,5.0,9.0,21.0
"2026-05-06 20:39:27.005377","collector_002",22.5,40.3,178.0,20.9,16.7,6.5,128.0,5.0,9.0,21.0
"2026-05-06 20:44:29.354405","collector_002",22.5,40.8,182.0,20.9,16.7,6.5,128.0,5.0,9.0,21.0
"2026-05-06 20:49:31.289356","collector_002",22.5,40.8,178.0,20.9,16.7,6.5,128.0,5.0,9.0,21.0
"2026-05-06 20:54:33.32736","collector_002",22.5,40.3,176.0,20.9,16.7,6.5,128.0,5.0,9.0,21.0
"2026-05-06 20:59:35.787344","collector_002",22.5,40.2,182.0,20.8,16.7,6.5,128.0,5.0,9.0,21.0
"2026-05-06 21:04:37.852344","collector_002",22.5,40.7,179.0,20.8,16.7,6.5,128.0,5.0,9.0,21.0
"2026-05-06 21:09:39.709842","collector_002",22.4,40.6,178.0,20.8,16.7,6.5,128.0,5.0,9.0,21.0
"2026-05-06 21:14:41.672346","collector_002",22.4,41.5,177.0,20.7,16.5,6.5,128.0,5.0,9.0,21.0
"2026-05-06 21:19:44.183375","collector_002",22.6,42.1,178.0,20.7,16.5,6.5,128.0,5.0,9.0,21.0
"2026-05-06 21:24:46.620215","collector_002",22.6,40.9,178.0,20.7,16.5,6.5,128.0,5.0,9.0,21.0
"2026-05-06 21:29:48.667248","collector_002",22.6,41.2,181.0,20.7,16.7,6.5,128.0,5.0,9.0,21.0
"2026-05-06 21:34:51.779217","collector_002",22.6,41.4,181.0,20.7,16.7,6.5,128.0,5.0,9.0,21.0
"2026-05-06 21:39:53.854215","collector_002",22.7,43.2,178.0,20.7,16.5,6.5,128.0,5.0,9.0,21.0
"2026-05-06 21:44:56.243209","collector_002",22.7,42.1,181.0,20.7,16.7,6.5,128.0,5.0,9.0,21.0
"2026-05-06 21:49:59.188233","collector_002",22.7,41.6,180.0,20.7,16.7,6.5,128.0,5.0,9.0,21.0
"2026-05-06 21:55:01.962236","collector_002",22.7,41.8,180.0,20.7,16.7,6.5,128.0,5.0,9.0,21.0
"2026-05-06 22:00:04.205209","collector_002",22.7,42.2,179.0,20.7,16.5,6.5,128.0,5.0,9.0,21.0
"2026-05-06 22:05:06.38439","collector_002",22.7,42.8,178.0,20.7,16.7,6.5,128.0,5.0,9.0,21.0
"2026-05-06 22:10:08.790225","collector_002",22.7,41.3,183.0,20.7,16.7,6.5,128.0,5.0,9.0,21.0
"2026-05-06 22:15:10.743261","collector_002",22.7,41.5,182.0,20.7,16.7,6.5,128.0,5.0,9.0,21.0
"2026-05-06 22:20:12.567231","collector_002",22.7,41.9,180.0,20.7,16.7,6.5,128.0,5.0,9.0,21.0
"2026-05-06 22:25:14.713227","collector_002",22.7,42.4,180.0,20.8,16.7,6.5,128.0,5.0,9.0,21.0
"2026-05-06 22:30:16.634214","collector_002",22.7,41.4,181.0,20.7,16.5,6.5,128.0,5.0,9.0,21.0
"2026-05-06 22:35:18.896219","collector_002",22.7,42.0,183.0,20.7,16.5,6.5,128.0,5.0,9.0,21.0
"2026-05-06 22:40:21.169213","collector_002",22.6,42.6,180.0,20.7,16.5,6.5,128.0,5.0,9.0,21.0
"2026-05-06 22:45:23.36927","collector_002",22.6,42.2,178.0,20.7,16.5,6.5,128.0,5.0,9.0,21.0
"2026-05-06 22:50:25.390209","collector_002",22.6,43.2,183.0,20.7,16.5,6.5,128.0,5.0,9.0,21.0
"2026-05-06 22:55:27.848214","collector_002",22.6,42.1,183.0,20.7,16.5,6.5,127.0,5.0,8.0,21.0
"2026-05-06 23:00:29.823227","collector_002",22.6,42.4,179.0,20.7,16.5,6.5,127.0,5.0,8.0,21.0
"2026-05-06 23:05:31.774244","collector_002",22.6,41.2,183.0,20.7,16.5,6.5,127.0,5.0,8.0,21.0
"2026-05-06 23:10:33.556252","collector_002",22.5,42.2,178.0,20.7,16.5,6.5,127.0,5.0,8.0,21.0
"2026-05-06 23:15:35.246248","collector_002",22.5,41.5,181.0,20.7,16.5,6.5,127.0,5.0,8.0,21.0
"2026-05-06 23:20:37.056235","collector_002",22.5,41.0,182.0,20.7,16.5,6.5,127.0,5.0,8.0,21.0
"2026-05-06 23:25:39.416741","collector_002",22.5,41.1,178.0,20.7,16.4,6.5,127.0,5.0,8.0,21.0
"2026-05-06 23:30:41.459219","collector_002",22.5,42.4,182.0,20.6,16.4,6.5,127.0,5.0,8.0,21.0
"2026-05-06 23:35:43.230217","collector_002",22.5,41.5,181.0,20.6,16.4,6.5,127.0,5.0,8.0,21.0
"2026-05-06 23:40:44.666287","collector_002",22.5,41.7,182.0,20.6,16.4,6.5,127.0,5.0,8.0,21.0
"2026-05-06 23:45:46.096213","collector_002",22.4,42.1,181.0,20.6,16.5,6.5,127.0,5.0,8.0,21.0
"2026-05-06 23:50:47.930215","collector_002",22.3,41.1,179.0,20.6,16.4,6.5,127.0,5.0,8.0,21.0
"2026-05-06 23:55:49.376209","collector_002",22.4,42.0,182.0,20.6,16.4,6.5,127.0,5.0,8.0,21.0
"2026-05-07 00:00:51.760243","collector_002",22.3,41.0,180.0,20.5,16.4,6.4,127.0,5.0,8.0,21.0
"2026-05-07 00:05:53.423213","collector_002",22.3,41.6,182.0,20.5,16.4,6.5,127.0,5.0,8.0,21.0
"2026-05-07 00:10:55.524215","collector_002",22.2,41.9,182.0,20.5,16.3,6.5,127.0,5.0,8.0,21.0
"2026-05-07 00:15:57.294239","collector_002",22.3,41.5,179.0,20.5,16.4,6.5,127.0,5.0,8.0,21.0
"2026-05-07 00:20:59.095214","collector_002",22.3,42.2,181.0,20.4,16.4,6.5,127.0,5.0,8.0,21.0
"2026-05-07 00:26:00.574971","collector_002",22.3,42.6,183.0,20.4,16.3,6.5,127.0,5.0,8.0,21.0
"2026-05-07 00:31:02.324959","collector_002",22.3,42.1,178.0,20.4,16.3,6.5,126.0,5.0,8.0,20.0
"2026-05-07 00:36:04.229959","collector_002",22.3,41.3,180.0,20.4,16.3,6.5,126.0,5.0,8.0,20.0
"2026-05-07 00:41:06.032952","collector_002",22.3,42.4,179.0,20.4,16.3,6.5,126.0,5.0,8.0,20.0
"2026-05-07 00:46:07.552969","collector_002",22.3,43.0,182.0,20.4,16.4,6.5,126.0,5.0,8.0,20.0
"2026-05-07 00:51:09.195992","collector_002",22.3,42.2,181.0,20.4,16.3,6.5,126.0,5.0,8.0,20.0
"2026-05-07 00:56:10.761987","collector_002",22.2,43.8,181.0,20.4,16.3,6.5,126.0,5.0,8.0,20.0
"2026-05-07 01:01:12.553957","collector_002",22.2,45.3,182.0,20.4,16.3,6.5,126.0,5.0,8.0,20.0
"2026-05-07 01:06:14.351984","collector_002",22.1,41.8,0.0,20.4,16.3,6.5,126.0,5.0,8.0,20.0
"2026-05-07 01:11:15.677957","collector_002",22.1,42.5,0.0,20.4,16.1,6.5,126.0,5.0,8.0,20.0
"2026-05-07 01:16:16.973018","collector_002",22.1,43.9,0.0,20.3,16.3,6.5,126.0,5.0,8.0,20.0
"2026-05-07 01:21:18.376952","collector_002",22.0,43.0,0.0,20.3,16.3,6.5,126.0,5.0,8.0,20.0
"2026-05-07 01:26:19.574997","collector_002",22.0,41.9,0.0,20.3,16.3,6.5,126.0,5.0,8.0,20.0
"2026-05-07 01:31:20.878952","collector_002",22.0,42.6,0.0,20.3,16.3,6.5,126.0,5.0,8.0,20.0
"2026-05-07 01:36:22.144952","collector_002",21.8,41.2,0.0,20.3,16.1,6.5,126.0,5.0,8.0,20.0
"2026-05-07 01:41:23.402959","collector_002",21.9,42.1,0.0,20.2,16.1,6.5,126.0,5.0,8.0,20.0
"2026-05-07 01:46:24.681952","collector_002",21.9,41.3,0.0,20.2,16.1,6.5,125.0,5.0,8.0,20.0
"2026-05-07 01:51:25.908953","collector_002",21.8,42.9,0.0,20.2,16.1,6.5,125.0,5.0,8.0,20.0
"2026-05-07 01:56:27.114947","collector_002",21.8,41.0,0.0,20.2,16.1,6.5,125.0,5.0,8.0,20.0
"2026-05-07 02:01:28.620952","collector_002",21.7,41.2,0.0,20.1,16.1,6.5,125.0,5.0,8.0,20.0
"2026-05-07 02:06:29.760984","collector_002",21.8,42.3,0.0,20.1,16.1,6.5,125.0,5.0,8.0,20.0
"2026-05-07 02:11:31.088952","collector_002",21.8,41.4,0.0,20.1,16.1,6.5,125.0,5.0,8.0,20.0
"2026-05-07 02:16:32.369952","collector_002",21.7,42.5,0.0,20.1,16.1,6.5,125.0,5.0,8.0,20.0
"2026-05-07 02:21:33.863977","collector_002",21.7,42.0,0.0,20.0,16.1,6.5,125.0,5.0,8.0,20.0
"2026-05-07 02:26:35.353953","collector_002",21.7,41.6,0.0,20.0,16.1,6.5,125.0,5.0,8.0,20.0
"2026-05-07 02:31:36.427952","collector_002",21.7,41.6,0.0,20.0,16.1,6.5,125.0,5.0,8.0,20.0
"2026-05-07 02:36:37.639952","collector_002",21.7,42.1,0.0,20.0,16.1,6.5,125.0,5.0,8.0,20.0
"2026-05-07 02:41:38.796971","collector_002",21.7,41.9,0.0,20.0,16.1,6.5,125.0,5.0,8.0,20.0
"2026-05-07 02:46:39.874968","collector_002",21.7,41.8,0.0,20.0,16.1,6.5,125.0,5.0,8.0,20.0
"2026-05-07 02:51:41.264983","collector_002",21.7,41.9,0.0,20.0,16.1,6.5,125.0,5.0,8.0,20.0
"2026-05-07 02:56:42.620959","collector_002",21.7,41.9,0.0,20.0,16.0,6.5,125.0,5.0,8.0,20.0
"2026-05-07 03:01:43.702943","collector_002",21.7,42.1,0.0,19.9,16.1,6.5,125.0,5.0,8.0,20.0
"2026-05-07 03:06:44.772324","collector_002",21.7,41.5,0.0,19.9,16.1,6.5,125.0,5.0,8.0,20.0
"2026-05-07 03:11:45.955953","collector_002",21.6,41.6,0.0,19.9,16.1,6.5,125.0,5.0,8.0,20.0
"2026-05-07 03:16:47.100961","collector_002",21.6,43.1,0.0,19.9,16.1,6.5,125.0,5.0,8.0,20.0
"2026-05-07 03:21:48.414951","collector_002",21.6,42.1,0.0,19.9,16.0,6.5,125.0,5.0,8.0,20.0
"2026-05-07 03:26:49.769947","collector_002",21.6,42.2,0.0,19.9,16.1,6.5,124.0,5.0,8.0,20.0
"2026-05-07 03:31:50.810978","collector_002",21.6,41.6,0.0,19.8,16.0,6.5,124.0,5.0,8.0,20.0
"2026-05-07 03:36:51.941951","collector_002",21.5,42.3,0.0,19.8,16.0,6.5,124.0,5.0,8.0,20.0
"2026-05-07 03:41:53.407953","collector_002",21.5,41.5,0.0,19.8,16.0,6.5,124.0,5.0,8.0,20.0
"2026-05-07 03:46:54.678993","collector_002",21.5,41.9,0.0,19.8,16.0,6.5,124.0,5.0,8.0,20.0
"2026-05-07 03:51:56.092005","collector_002",21.5,41.8,0.0,19.8,16.0,6.5,124.0,5.0,8.0,20.0
"2026-05-07 03:56:57.333948","collector_002",21.5,41.8,0.0,19.7,15.9,6.5,124.0,5.0,8.0,20.0
"2026-05-07 04:01:58.623946","collector_002",21.5,42.7,0.0,19.7,16.0,6.5,124.0,5.0,8.0,20.0
"2026-05-07 04:06:59.832969","collector_002",21.4,42.4,0.0,19.7,15.9,6.5,124.0,5.0,8.0,20.0
"2026-05-07 04:12:01.210013","collector_002",21.4,42.2,0.0,19.7,16.0,6.5,124.0,5.0,8.0,20.0
"2026-05-07 04:17:02.755949","collector_002",21.4,41.9,0.0,19.7,15.9,6.5,124.0,5.0,8.0,20.0
"2026-05-07 04:22:03.880948","collector_002",21.4,42.4,0.0,19.7,15.9,6.5,124.0,5.0,8.0,20.0
"2026-05-07 04:27:05.038007","collector_002",21.4,41.8,0.0,19.7,15.9,6.5,124.0,5.0,8.0,20.0
"2026-05-07 04:32:06.302947","collector_002",21.3,42.1,0.0,19.7,15.9,6.5,124.0,5.0,8.0,20.0
"2026-05-07 04:37:07.504955","collector_002",21.3,41.8,1.0,19.6,15.9,6.5,124.0,5.0,8.0,20.0
"2026-05-07 04:42:08.979959","collector_002",21.3,42.2,1.0,19.6,15.9,6.5,124.0,5.0,8.0,20.0
"2026-05-07 04:47:10.302948","collector_002",21.3,42.1,1.0,19.6,15.9,6.5,123.0,5.0,8.0,20.0
"2026-05-07 04:52:11.676986","collector_002",21.3,42.0,1.0,19.6,15.9,6.5,123.0,5.0,8.0,20.0
"2026-05-07 04:57:12.901941","collector_002",21.3,42.0,1.0,19.5,15.9,6.5,123.0,5.0,8.0,20.0
"2026-05-07 05:02:14.281948","collector_002",21.3,42.2,1.0,19.5,15.9,6.5,123.0,5.0,8.0,20.0
"2026-05-07 05:07:16.056948","collector_002",21.2,42.2,2.0,19.5,15.9,6.5,123.0,5.0,8.0,20.0
"2026-05-07 05:12:17.670957","collector_002",21.2,42.6,3.0,19.5,15.9,6.5,123.0,5.0,8.0,20.0
"2026-05-07 05:17:19.031987","collector_002",21.2,44.6,5.0,19.5,15.7,6.5,123.0,5.0,8.0,20.0
"2026-05-07 05:22:20.872948","collector_002",21.2,43.2,11.0,19.4,15.7,6.5,123.0,5.0,8.0,20.0
"2026-05-07 05:27:22.583458","collector_002",21.2,42.6,18.0,19.4,15.7,6.5,123.0,5.0,8.0,20.0
"2026-05-07 05:32:24.578948","collector_002",21.2,42.8,31.0,19.4,15.7,6.5,123.0,5.0,8.0,20.0
"2026-05-07 05:37:26.431949","collector_002",21.1,42.1,52.0,19.4,15.7,6.5,123.0,5.0,8.0,20.0
"2026-05-07 05:42:28.248949","collector_002",21.1,42.5,85.0,19.4,15.7,6.4,123.0,5.0,8.0,20.0
"2026-05-07 05:47:29.854941","collector_002",21.2,42.6,136.0,19.4,15.7,6.5,123.0,5.0,8.0,20.0
"2026-05-07 05:52:32.187951","collector_002",21.3,43.1,187.0,19.4,15.7,6.5,122.0,5.0,8.0,20.0
"2026-05-07 05:57:34.162961","collector_002",21.3,42.4,247.0,19.3,15.7,6.5,123.0,5.0,8.0,20.0
"2026-05-07 06:02:35.897959","collector_002",21.4,41.8,318.0,19.4,15.7,6.5,123.0,5.0,8.0,20.0
"2026-05-07 06:07:37.386984","collector_002",21.4,42.5,379.0,19.3,15.7,6.5,122.0,5.0,8.0,20.0
"2026-05-07 06:12:39.199949","collector_002",21.4,42.1,415.0,19.4,15.7,6.5,122.0,5.0,8.0,20.0
"2026-05-07 06:17:40.937985","collector_002",21.4,41.9,441.0,19.4,15.7,6.5,122.0,5.0,8.0,20.0
"2026-05-07 06:22:42.494317","collector_002",21.5,42.2,507.0,19.4,15.7,6.5,122.0,5.0,8.0,20.0
"2026-05-07 06:27:44.557789","collector_002",21.5,41.7,568.0,19.4,15.7,6.5,122.0,5.0,8.0,20.0
"2026-05-07 06:32:46.356351","collector_002",21.6,42.1,664.0,19.4,15.7,6.5,122.0,5.0,8.0,20.0
"2026-05-07 06:37:48.22328","collector_002",21.6,43.2,758.0,19.4,15.7,6.5,122.0,5.0,8.0,20.0
"2026-05-07 06:42:49.929285","collector_002",21.7,42.1,807.0,19.4,15.7,6.5,122.0,5.0,8.0,20.0
"2026-05-07 06:47:51.511303","collector_002",21.7,41.5,897.0,19.4,15.7,6.5,122.0,5.0,8.0,20.0
"2026-05-07 06:52:53.437275","collector_002",21.8,44.5,932.0,19.4,15.7,6.5,122.0,5.0,8.0,20.0
"2026-05-07 06:57:55.164316","collector_002",21.8,43.0,1008.0,19.4,15.7,6.5,122.0,5.0,8.0,20.0
"2026-05-07 07:02:56.886289","collector_002",21.9,43.2,1125.0,19.4,15.7,6.5,122.0,5.0,8.0,20.0
"2026-05-07 07:07:58.65532","collector_002",21.8,42.0,1216.0,19.4,15.7,6.5,122.0,5.0,8.0,20.0
"2026-05-07 07:13:00.348309","collector_002",22.0,42.6,1393.0,19.5,15.7,6.5,122.0,5.0,8.0,20.0
"2026-05-07 07:18:02.116285","collector_002",22.1,42.2,1388.0,19.5,15.7,6.5,122.0,5.0,8.0,20.0
"2026-05-07 07:23:03.96728","collector_002",22.2,41.6,1316.0,19.5,15.7,6.5,122.0,5.0,8.0,20.0
"2026-05-07 07:28:05.87028","collector_002",22.2,42.0,1306.0,19.6,15.7,6.5,122.0,5.0,8.0,20.0
"2026-05-07 07:33:07.730304","collector_002",22.2,40.9,1332.0,19.6,15.7,6.5,123.0,5.0,8.0,20.0
"2026-05-07 07:38:09.773305","collector_002",22.3,45.0,1388.0,19.6,15.7,6.5,123.0,5.0,8.0,20.0
"2026-05-07 07:43:11.35328","collector_002",22.4,43.7,1508.0,19.7,15.7,6.5,123.0,5.0,8.0,20.0
"2026-05-07 07:48:12.70128","collector_002",22.5,44.0,1873.0,19.7,15.7,6.5,123.0,5.0,8.0,20.0
"2026-05-07 07:53:14.583295","collector_002",22.7,41.5,1912.0,19.7,15.7,6.5,123.0,5.0,8.0,20.0
"2026-05-07 07:58:16.187321","collector_002",22.7,40.3,1832.0,19.8,15.9,6.5,123.0,5.0,8.0,20.0
"2026-05-07 08:03:17.946279","collector_002",22.7,40.8,1829.0,19.8,15.9,6.5,123.0,5.0,8.0,20.0
"2026-05-07 08:08:19.414279","collector_002",22.8,40.4,1835.0,19.9,15.9,6.5,123.0,5.0,8.0,20.0
"2026-05-07 08:13:21.02428","collector_002",22.9,42.2,1926.0,19.9,15.9,6.5,123.0,5.0,8.0,20.0
"2026-05-07 08:18:22.661283","collector_002",22.9,43.3,1681.0,20.0,15.7,6.5,123.0,5.0,8.0,20.0
"2026-05-07 08:23:24.301279","collector_002",22.9,44.3,1597.0,20.0,15.9,6.5,123.0,5.0,8.0,20.0
"2026-05-07 08:28:25.746311","collector_002",22.8,41.4,1627.0,20.0,15.9,6.5,123.0,5.0,8.0,20.0
"2026-05-07 08:33:27.52628","collector_002",22.9,44.0,1497.0,20.1,15.9,6.5,123.0,5.0,8.0,20.0
"2026-05-07 08:38:29.203287","collector_002",22.9,40.9,1527.0,20.1,15.9,6.6,123.0,5.0,8.0,20.0
"2026-05-07 08:43:30.818307","collector_002",22.9,40.6,1464.0,20.1,15.9,6.6,123.0,5.0,8.0,20.0
"2026-05-07 08:48:32.678291","collector_002",22.9,42.5,1727.0,20.2,15.9,6.5,124.0,5.0,8.0,20.0
"2026-05-07 08:53:34.627298","collector_002",22.9,41.1,1571.0,20.2,15.9,6.5,124.0,5.0,8.0,20.0
"2026-05-07 08:58:36.201281","collector_002",23.1,39.7,2032.0,20.2,15.9,6.5,124.0,5.0,8.0,20.0
"2026-05-07 09:03:38.046287","collector_002",23.2,40.0,2241.0,20.3,15.9,6.5,124.0,5.0,8.0,20.0
"2026-05-07 09:08:39.88128","collector_002",23.2,39.3,2131.0,20.3,15.9,6.5,124.0,5.0,8.0,20.0
"2026-05-07 09:13:42.157304","collector_002",23.3,39.4,2150.0,20.4,15.9,6.5,124.0,5.0,8.0,20.0
"2026-05-07 09:18:44.113801","collector_002",23.3,39.6,2039.0,20.4,15.9,6.5,124.0,5.0,8.0,20.0
"2026-05-07 09:23:45.978044","collector_002",23.4,40.1,2173.0,20.4,15.9,6.5,124.0,5.0,8.0,20.0
"2026-05-07 09:28:47.648044","collector_002",23.6,39.6,2552.0,20.5,15.9,6.6,124.0,5.0,8.0,20.0
"2026-05-07 09:33:49.071039","collector_002",23.6,41.0,2535.0,20.5,15.9,6.6,124.0,5.0,8.0,20.0
"2026-05-07 09:38:50.687076","collector_002",23.5,43.7,2297.0,20.6,15.9,6.6,124.0,5.0,8.0,20.0
"2026-05-07 09:43:52.426039","collector_002",23.4,45.5,2063.0,20.6,15.9,6.6,124.0,5.0,8.0,20.0
"2026-05-07 09:48:54.16105","collector_002",23.5,41.5,2074.0,20.7,15.9,6.5,124.0,5.0,8.0,20.0
"2026-05-07 09:53:56.007039","collector_002",23.6,41.2,2058.0,20.7,15.9,6.5,124.0,5.0,8.0,20.0
"2026-05-07 09:58:57.514546","collector_002",23.8,42.6,2815.0,20.7,15.9,6.6,124.0,5.0,8.0,20.0
"2026-05-07 10:03:59.434044","collector_002",23.9,43.8,2627.0,20.7,15.9,6.6,124.0,5.0,8.0,20.0
"2026-05-07 10:09:01.17504","collector_002",24.0,40.0,2698.0,20.8,15.9,6.6,124.0,5.0,8.0,20.0
"2026-05-07 10:14:03.353079","collector_002",24.0,43.0,2425.0,20.8,15.9,6.5,124.0,5.0,8.0,20.0
"2026-05-07 10:19:05.045052","collector_002",24.0,41.4,2463.0,20.9,15.9,6.5,124.0,5.0,8.0,20.0
"2026-05-07 10:24:06.932058","collector_002",23.8,40.7,2063.0,20.9,16.0,6.6,124.0,5.0,8.0,20.0
"2026-05-07 10:29:08.413038","collector_002",24.0,41.5,2409.0,21.0,15.9,6.6,125.0,5.0,8.0,20.0
"2026-05-07 10:34:09.93006","collector_002",24.1,41.8,2762.0,21.0,15.9,6.6,125.0,5.0,8.0,20.0
"2026-05-07 10:39:11.647039","collector_002",24.1,41.2,2620.0,21.1,15.9,6.6,125.0,5.0,8.0,20.0
"2026-05-07 10:44:13.373096","collector_002",24.2,45.5,2338.0,21.1,15.9,6.6,125.0,5.0,8.0,20.0
"2026-05-07 10:49:15.308065","collector_002",24.3,43.3,2568.0,21.1,16.0,6.6,125.0,5.0,8.0,20.0
"2026-05-07 10:54:17.287038","collector_002",24.4,43.6,2734.0,21.2,16.0,6.6,125.0,5.0,8.0,20.0
"2026-05-07 10:59:19.221039","collector_002",24.5,41.1,2750.0,21.2,16.0,6.6,125.0,5.0,8.0,20.0
"2026-05-07 11:04:20.849039","collector_002",24.5,42.8,2881.0,21.3,16.0,6.6,125.0,5.0,8.0,20.0
"2026-05-07 11:09:22.849034","collector_002",24.6,44.1,2791.0,21.3,16.0,6.6,125.0,5.0,8.0,20.0
"2026-05-07 11:14:24.96104","collector_002",24.5,41.8,2763.0,21.4,16.0,6.6,125.0,5.0,8.0,20.0
"2026-05-07 11:19:27.088039","collector_002",24.6,44.4,2564.0,21.4,16.0,6.6,125.0,5.0,8.0,20.0
"2026-05-07 11:24:29.156087","collector_002",24.6,44.1,2569.0,21.4,16.0,6.6,125.0,5.0,8.0,20.0
"2026-05-07 11:29:31.517039","collector_002",24.6,43.2,2580.0,21.5,16.0,6.6,125.0,5.0,8.0,20.0
"2026-05-07 11:34:33.947044","collector_002",24.6,42.6,2420.0,21.5,16.0,6.6,125.0,5.0,8.0,20.0
"2026-05-07 11:39:35.905073","collector_002",24.7,44.8,2465.0,21.6,16.0,6.6,125.0,5.0,8.0,20.0
"2026-05-07 11:44:37.443065","collector_002",24.6,44.1,2190.0,21.6,16.0,6.5,125.0,5.0,8.0,20.0
"2026-05-07 11:49:39.190034","collector_002",24.3,44.1,1897.0,21.6,16.0,6.5,125.0,5.0,8.0,20.0
"2026-05-07 11:54:41.313077","collector_002",24.4,43.7,1988.0,21.7,16.0,6.5,125.0,5.0,8.0,20.0
"2026-05-07 11:59:43.985032","collector_002",24.5,44.4,2077.0,21.7,16.0,6.5,125.0,5.0,8.0,20.0
"2026-05-07 12:04:47.177067","collector_002",24.4,44.3,1907.0,21.7,16.0,6.5,125.0,5.0,8.0,20.0
"2026-05-07 12:09:49.807561","collector_002",24.7,45.7,2275.0,21.7,16.0,6.6,125.0,5.0,8.0,20.0
"2026-05-07 12:14:52.406061","collector_002",24.5,44.2,2701.0,21.8,16.0,6.6,125.0,5.0,8.0,20.0
"2026-05-07 12:19:55.281039","collector_002",24.7,44.4,2792.0,21.8,16.0,6.6,125.0,5.0,8.0,20.0
"2026-05-07 12:24:57.826947","collector_002",24.4,44.6,1731.0,21.8,16.0,6.5,125.0,5.0,8.0,20.0
"2026-05-07 12:29:59.816922","collector_002",24.2,45.0,1619.0,21.8,16.0,6.5,125.0,5.0,8.0,20.0
"2026-05-07 12:35:02.214916","collector_002",24.2,46.8,1487.0,21.8,15.9,6.5,125.0,5.0,8.0,20.0
"2026-05-07 12:40:04.109917","collector_002",24.0,45.2,1570.0,21.8,15.9,6.5,125.0,5.0,8.0,20.0
"2026-05-07 12:45:05.956917","collector_002",23.7,46.2,957.0,21.8,15.9,6.5,125.0,5.0,8.0,20.0
"2026-05-07 12:50:07.851947","collector_002",24.0,46.2,1847.0,21.8,15.9,6.5,125.0,5.0,8.0,20.0
"2026-05-07 12:55:10.661974","collector_002",24.1,45.8,2233.0,21.8,15.9,6.5,125.0,5.0,8.0,20.0
"2026-05-07 13:00:13.342956","collector_002",24.1,46.3,1951.0,21.8,15.9,6.5,125.0,5.0,8.0,20.0
"2026-05-07 13:05:15.869917","collector_002",24.1,47.1,1892.0,21.8,16.0,6.5,125.0,5.0,8.0,20.0
"2026-05-07 13:10:19.394917","collector_002",23.8,46.2,932.0,21.8,15.9,6.5,125.0,5.0,8.0,20.0
"2026-05-07 13:15:22.049136","collector_002",24.0,46.4,1937.0,21.8,15.7,6.5,125.0,5.0,8.0,20.0
"2026-05-07 13:20:24.891917","collector_002",24.1,47.3,1582.0,21.8,15.9,6.5,125.0,5.0,8.0,20.0
"2026-05-07 13:25:27.234336","collector_002",24.0,47.0,1679.0,21.8,15.9,6.5,125.0,5.0,8.0,20.0
"2026-05-07 13:30:30.363932","collector_002",23.8,49.0,1235.0,21.8,15.9,6.5,125.0,5.0,8.0,20.0
"2026-05-07 13:35:33.831934","collector_002",23.9,47.1,1403.0,21.8,15.9,6.5,125.0,5.0,8.0,20.0
"2026-05-07 13:40:36.99792","collector_002",23.9,47.9,1443.0,21.8,15.7,6.5,125.0,5.0,8.0,20.0
"2026-05-07 13:45:40.527922","collector_002",23.9,49.9,1587.0,21.8,15.7,6.5,125.0,5.0,8.0,20.0
"2026-05-07 13:50:44.197917","collector_002",23.7,48.1,1311.0,21.8,15.9,6.5,125.0,5.0,8.0,20.0
"2026-05-07 13:55:51.629917","collector_002",23.7,48.5,986.0,21.8,15.7,6.5,125.0,5.0,8.0,20.0
"2026-05-07 14:00:55.286938","collector_002",23.7,47.8,553.0,21.8,15.9,6.5,125.0,5.0,8.0,20.0
"2026-05-07 14:06:19.722952","collector_002",23.6,48.0,444.0,21.8,15.7,6.5,125.0,5.0,8.0,20.0
"2026-05-07 14:16:46.990926","collector_002",23.6,49.0,460.0,21.8,15.7,6.5,125.0,5.0,8.0,20.0
"2026-05-07 14:27:12.981915","collector_002",23.7,49.8,555.0,21.7,15.7,6.5,125.0,5.0,8.0,20.0
"2026-05-07 14:35:39.187917","collector_002",23.7,50.2,469.0,21.8,15.7,6.5,125.0,5.0,8.0,20.0
"2026-05-07 14:41:55.275918","collector_002",23.8,50.0,593.0,21.8,15.7,6.5,124.0,5.0,8.0,20.0
"2026-05-07 14:48:47.688918","collector_002",23.8,49.5,516.0,21.8,15.6,6.5,124.0,5.0,8.0,20.0
"2026-05-07 14:53:55.541917","collector_002",23.8,49.6,538.0,21.8,15.7,6.6,124.0,5.0,8.0,20.0
"2026-05-07 14:59:03.183957","collector_002",23.7,48.9,614.0,21.8,15.6,6.6,124.0,5.0,8.0,20.0
"2026-05-07 15:04:14.451917","collector_002",23.7,47.6,813.0,21.8,15.7,6.6,124.0,5.0,8.0,20.0
"2026-05-07 15:09:58.311918","collector_002",23.7,47.6,900.0,21.8,15.7,6.6,124.0,5.0,8.0,20.0
"2026-05-07 15:15:09.636912","collector_002",23.7,48.8,670.0,21.8,15.6,6.6,124.0,5.0,8.0,20.0
"2026-05-07 15:20:18.805917","collector_002",23.6,48.2,729.0,21.8,15.6,6.6,124.0,5.0,8.0,20.0
"2026-05-07 15:25:24.678828","collector_002",23.5,48.4,511.0,21.8,15.6,6.6,124.0,5.0,8.0,20.0
"2026-05-07 15:30:32.853327","collector_002",23.5,48.8,668.0,21.8,15.6,6.6,124.0,5.0,8.0,20.0
"2026-05-07 15:35:36.955346","collector_002",23.5,48.6,720.0,21.7,15.6,6.6,124.0,5.0,8.0,20.0
"2026-05-07 15:40:40.649305","collector_002",23.5,49.1,571.0,21.7,15.6,6.6,124.0,5.0,8.0,20.0
"2026-05-07 15:45:45.526311","collector_002",23.5,49.5,435.0,21.7,15.6,6.5,124.0,5.0,8.0,20.0
"2026-05-07 15:50:54.892322","collector_002",23.4,50.0,378.0,21.7,15.6,6.6,124.0,5.0,8.0,20.0
"2026-05-07 15:56:00.008307","collector_002",23.4,50.3,356.0,21.7,15.6,6.5,124.0,5.0,8.0,20.0
"2026-05-07 16:02:01.993667","collector_002",23.7,50.9,369.0,21.7,16.1,6.6,100.0,4.0,7.0,16.0
"2026-05-07 16:07:08.783138","collector_002",23.8,51.6,374.0,21.7,16.1,6.5,100.0,4.0,7.0,16.0
"2026-05-07 16:12:12.226154","collector_002",23.8,51.1,373.0,21.8,16.1,6.5,101.0,4.0,7.0,16.0
"2026-05-07 16:17:28.356147","collector_002",23.8,50.9,371.0,21.8,16.1,6.5,101.0,4.0,7.0,16.0
"2026-05-07 16:24:14.623139","collector_002",23.9,52.5,381.0,21.8,16.1,6.6,102.0,4.0,7.0,17.0
"2026-05-07 17:05:42.529227","collector_002",23.8,51.5,387.0,22.1,16.1,6.6,103.0,4.0,7.0,17.0
"2026-05-10 14:30:10.089611","collector_001",22.1,20.3,278.0,20.0,16.9,6.7,109.0,4.0,7.0,18.0
"2026-05-10 14:35:13.143628","collector_001",21.6,20.9,275.0,20.0,16.9,6.7,109.0,4.0,7.0,18.0
"2026-05-10 14:40:15.311631","collector_001",21.7,19.0,275.0,20.0,16.9,6.7,109.0,4.0,7.0,18.0
"2026-05-10 14:45:17.440599","collector_001",21.7,19.3,274.0,20.0,16.9,6.7,109.0,4.0,7.0,18.0
"2026-05-10 14:50:19.9046","collector_001",21.8,20.5,259.0,20.0,17.0,6.7,109.0,4.0,7.0,18.0
"2026-05-10 15:13:17.401772","collector_001",22.1,21.8,257.0,19.9,17.0,6.7,109.0,4.0,7.0,18.0
"2026-05-10 15:13:39.215763","collector_001",22.1,22.0,260.0,19.9,16.9,6.7,109.0,4.0,7.0,18.0
"2026-05-10 15:14:00.502764","collector_001",22.1,21.5,258.0,19.9,17.0,6.7,109.0,4.0,7.0,18.0
"2026-05-10 15:14:21.858779","collector_001",22.1,23.4,261.0,19.9,16.9,6.7,109.0,4.0,7.0,18.0
"2026-05-10 15:14:43.154766","collector_001",22.1,23.7,261.0,19.9,17.0,6.8,109.0,4.0,7.0,18.0
"2026-05-10 15:15:04.519777","collector_001",22.1,22.0,257.0,19.9,17.0,6.8,109.0,4.0,7.0,18.0
"2026-05-10 15:15:26.170765","collector_001",22.1,22.6,234.0,19.9,16.9,6.8,108.0,4.0,7.0,17.0
"2026-05-10 15:15:53.405731","collector_001",22.1,22.8,222.0,19.9,16.9,6.8,108.0,4.0,7.0,17.0
"2026-05-10 15:16:29.880067","collector_001",22.1,22.2,223.0,19.9,17.0,6.8,108.0,4.0,7.0,17.0
"2026-05-10 15:16:51.8481","collector_001",22.1,25.3,225.0,19.9,16.9,6.8,108.0,4.0,7.0,17.0
"2026-05-10 15:17:13.654057","collector_001",22.1,21.8,226.0,19.9,17.0,6.8,108.0,4.0,7.0,17.0
"2026-05-10 15:19:01.742272","collector_001",22.4,22.4,167.0,19.9,16.6,6.9,109.0,4.0,7.0,18.0
"2026-05-10 15:19:24.289269","collector_001",22.3,23.8,170.0,19.9,16.5,6.9,109.0,4.0,7.0,18.0
"2026-05-10 15:19:45.777261","collector_001",22.4,23.2,151.0,19.9,16.4,6.8,109.0,4.0,7.0,18.0
"2026-05-10 15:20:07.120263","collector_001",22.3,22.5,155.0,19.9,16.5,6.9,109.0,4.0,7.0,18.0
"2026-05-10 15:20:28.842263","collector_001",22.3,22.9,153.0,19.9,16.6,6.9,109.0,4.0,7.0,18.0
"2026-05-10 15:20:50.586268","collector_001",22.3,22.2,153.0,19.9,16.5,6.8,109.0,4.0,7.0,18.0
"2026-05-10 15:21:12.516266","collector_001",22.3,22.9,155.0,19.9,16.5,6.8,109.0,4.0,7.0,18.0
"2026-05-10 15:21:34.040262","collector_001",22.4,21.8,156.0,19.9,16.5,6.8,109.0,4.0,7.0,18.0
"2026-05-10 15:32:15.405964","collector_002",22.4,24.0,283.0,19.9,16.4,6.7,107.0,4.0,7.0,17.0
"2026-05-14 20:50:30.704506","collector_002",25.8,50.2,117.0,24.4,13.6,6.5,56.0,1.0,4.0,9.0
"2026-05-14 20:51:01.436839","collector_002",25.8,50.6,168.0,24.4,13.6,6.5,54.0,1.0,3.0,9.0
"2026-05-14 20:56:03.872846","collector_002",25.6,50.1,0.0,24.4,13.6,6.5,55.0,1.0,3.0,9.0
"2026-05-14 21:01:13.827841","collector_002",25.6,50.1,0.0,24.3,13.6,6.5,55.0,1.0,3.0,9.0
"2026-05-14 21:06:14.84584","collector_002",25.5,49.7,0.0,24.3,13.6,6.5,55.0,1.0,3.0,9.0
"2026-05-14 21:11:15.894841","collector_002",25.5,49.3,0.0,24.3,13.6,6.4,55.0,1.0,3.0,9.0
"2026-05-14 21:16:17.076841","collector_002",25.5,48.9,0.0,24.2,13.4,6.4,55.0,1.0,3.0,9.0
"2026-05-14 21:21:18.112852","collector_002",25.5,48.5,0.0,24.2,13.4,6.4,55.0,1.0,3.0,9.0
"2026-05-14 21:26:19.021845","collector_002",25.4,48.4,0.0,24.1,13.4,6.4,55.0,1.0,3.0,9.0
"2026-05-14 21:31:20.136883","collector_002",25.4,48.7,0.0,24.1,13.4,6.4,55.0,1.0,3.0,9.0
"2026-05-14 21:36:21.280845","collector_002",25.3,48.7,0.0,24.1,13.4,6.4,55.0,1.0,3.0,9.0
"2026-05-14 21:41:22.396853","collector_002",25.2,48.9,0.0,24.1,13.4,6.4,55.0,1.0,3.0,9.0
"2026-05-14 21:46:23.400855","collector_002",25.1,49.0,0.0,24.0,13.3,6.4,55.0,1.0,3.0,9.0
"2026-05-14 21:51:24.493844","collector_002",25.2,49.2,0.0,24.0,13.3,6.4,55.0,1.0,3.0,9.0
"2026-05-14 21:56:25.569843","collector_002",25.1,49.4,0.0,23.9,13.3,6.5,55.0,1.0,3.0,9.0
"2026-05-14 22:01:26.640849","collector_002",25.2,49.3,0.0,23.9,13.3,6.5,55.0,1.0,3.0,9.0
"2026-05-14 22:06:27.881848","collector_002",25.3,49.3,0.0,23.9,13.3,6.5,55.0,1.0,3.0,9.0
"2026-05-14 22:11:28.936842","collector_002",25.2,49.1,0.0,23.9,13.3,6.5,55.0,1.0,3.0,9.0
"2026-05-14 22:16:29.891841","collector_002",25.2,49.3,0.0,23.9,13.3,6.4,55.0,1.0,3.0,9.0
"2026-05-14 22:21:30.940871","collector_002",25.1,49.1,0.0,23.8,13.3,6.4,55.0,1.0,3.0,9.0
"2026-05-14 22:26:31.960845","collector_002",25.1,49.0,0.0,23.8,13.3,6.4,55.0,1.0,3.0,9.0
"2026-05-14 22:31:32.95484","collector_002",25.1,49.1,0.0,23.8,13.3,6.4,55.0,1.0,3.0,9.0
"2026-05-14 22:36:33.967842","collector_002",24.9,49.8,0.0,23.8,13.3,6.4,55.0,1.0,3.0,9.0
"2026-05-14 22:41:35.072845","collector_002",25.0,49.6,0.0,23.8,13.3,6.4,55.0,1.0,3.0,9.0
"2026-05-14 22:46:36.035866","collector_002",25.0,49.9,0.0,23.8,13.3,6.4,55.0,1.0,3.0,9.0
"2026-05-14 22:51:37.206841","collector_002",25.0,49.7,0.0,23.7,13.2,6.5,55.0,1.0,3.0,9.0
"2026-05-14 22:56:38.565843","collector_002",24.9,49.4,1.0,23.7,13.3,6.5,55.0,1.0,3.0,9.0
"2026-05-14 23:01:39.48184","collector_002",25.0,49.2,1.0,23.6,13.3,6.5,55.0,1.0,3.0,9.0
"2026-05-14 23:06:40.627845","collector_002",25.0,49.1,1.0,23.6,13.3,6.5,55.0,1.0,3.0,9.0
"2026-05-14 23:11:41.55184","collector_002",24.8,50.3,1.0,23.6,13.3,6.5,55.0,1.0,3.0,9.0
"2026-05-14 23:16:42.586841","collector_002",24.8,50.1,1.0,23.6,13.3,6.5,55.0,1.0,3.0,9.0
"2026-05-14 23:21:43.789844","collector_002",24.8,49.3,1.0,23.6,13.3,6.5,55.0,1.0,3.0,9.0
"2026-05-14 23:26:44.915895","collector_002",24.7,50.1,1.0,23.5,13.3,6.5,55.0,1.0,3.0,9.0
"2026-05-14 23:31:45.937874","collector_002",24.8,50.0,1.0,23.5,13.2,6.5,55.0,1.0,3.0,9.0
"2026-05-14 23:36:47.27985","collector_002",24.7,50.0,1.0,23.5,13.2,6.5,55.0,1.0,3.0,9.0
"2026-05-14 23:41:48.459841","collector_002",24.6,50.4,1.0,23.4,13.2,6.5,55.0,1.0,3.0,9.0
"2026-05-14 23:46:49.595843","collector_002",24.6,50.1,1.0,23.4,13.2,6.5,55.0,1.0,3.0,9.0
"2026-05-14 23:51:50.857653","collector_002",24.6,50.1,1.0,23.3,13.2,6.5,55.0,1.0,3.0,9.0
"2026-05-14 23:56:51.830661","collector_002",24.5,50.5,1.0,23.3,13.2,6.5,55.0,1.0,3.0,9.0
"2026-05-15 00:01:52.794659","collector_002",24.7,49.6,1.0,23.3,13.0,6.5,55.0,1.0,3.0,9.0
"2026-05-15 00:06:53.864652","collector_002",24.6,50.7,1.0,23.2,13.2,6.5,55.0,1.0,3.0,9.0
"2026-05-15 00:11:54.921658","collector_002",24.4,50.8,1.0,23.2,13.0,6.5,55.0,1.0,3.0,9.0
"2026-05-15 00:16:56.098657","collector_002",24.5,50.1,0.0,23.1,13.0,6.5,55.0,1.0,3.0,9.0
"2026-05-15 00:21:57.041658","collector_002",24.6,49.8,0.0,23.1,13.0,6.5,55.0,1.0,3.0,9.0
"2026-05-15 00:26:57.974647","collector_002",24.4,50.8,0.0,23.1,13.0,6.5,55.0,1.0,3.0,9.0
"2026-05-15 00:31:58.791677","collector_002",24.4,50.3,0.0,23.1,13.0,6.5,55.0,1.0,3.0,9.0
"2026-05-15 00:36:59.630652","collector_002",24.4,51.0,0.0,23.0,13.0,6.5,55.0,1.0,3.0,9.0
"2026-05-15 00:42:00.482651","collector_002",24.3,51.5,0.0,23.0,12.9,6.5,55.0,1.0,3.0,9.0
"2026-05-15 00:47:01.333648","collector_002",24.5,50.0,0.0,22.9,12.9,6.5,55.0,1.0,3.0,9.0
"2026-05-15 00:52:02.209652","collector_002",24.4,51.3,0.0,22.9,12.9,6.5,55.0,1.0,3.0,9.0
"2026-05-15 00:57:03.09865","collector_002",24.5,50.0,0.0,22.9,13.0,6.5,55.0,1.0,3.0,9.0
"2026-05-15 01:02:04.020647","collector_002",24.4,50.2,0.0,22.9,12.9,6.5,55.0,1.0,3.0,9.0
"2026-05-15 01:07:04.947653","collector_002",24.2,50.9,0.0,22.8,12.9,6.5,54.0,1.0,3.0,9.0
"2026-05-15 01:12:06.089652","collector_002",24.2,51.4,0.0,22.8,12.9,6.5,54.0,1.0,3.0,9.0
"2026-05-15 01:17:06.851677","collector_002",24.2,51.0,0.0,22.7,12.9,6.5,54.0,1.0,3.0,9.0
"2026-05-15 01:22:07.709651","collector_002",24.5,49.8,0.0,22.7,12.9,6.5,54.0,1.0,3.0,9.0
"2026-05-15 01:27:08.471656","collector_002",24.6,49.3,0.0,22.7,12.9,6.5,54.0,1.0,3.0,9.0
"2026-05-15 01:32:09.386649","collector_002",24.1,51.1,0.0,22.7,12.9,6.5,54.0,1.0,3.0,9.0
"2026-05-15 01:37:10.222658","collector_002",24.4,50.1,0.0,22.7,12.9,6.5,54.0,1.0,3.0,9.0
"2026-05-15 01:42:11.061649","collector_002",24.1,50.8,0.0,22.7,12.9,6.5,54.0,1.0,3.0,9.0
"2026-05-15 01:47:12.298651","collector_002",24.6,49.2,0.0,22.7,12.9,6.5,54.0,1.0,3.0,9.0
"2026-05-15 01:52:13.29866","collector_002",24.6,49.5,0.0,22.7,12.9,6.5,54.0,1.0,3.0,9.0
"2026-05-15 01:57:14.157651","collector_002",24.6,49.4,0.0,22.7,12.9,6.5,54.0,1.0,3.0,9.0
"2026-05-15 02:02:15.035657","collector_002",24.7,49.2,0.0,22.7,12.9,6.5,54.0,1.0,3.0,9.0
"2026-05-15 02:07:16.049651","collector_002",24.7,48.8,0.0,22.7,12.9,6.5,54.0,1.0,3.0,9.0
"2026-05-15 02:12:16.901652","collector_002",24.3,51.0,0.0,22.7,12.9,6.5,54.0,1.0,3.0,9.0
"2026-05-15 02:17:17.766658","collector_002",24.2,50.8,0.0,22.7,12.9,6.5,54.0,1.0,3.0,9.0
"2026-05-15 02:22:18.609654","collector_002",24.2,50.7,0.0,22.6,12.9,6.5,54.0,1.0,3.0,9.0
"2026-05-15 02:27:19.805647","collector_002",24.2,50.8,0.0,22.6,12.9,6.5,54.0,1.0,3.0,9.0
"2026-05-15 02:32:20.933712","collector_002",24.5,49.6,0.0,22.6,12.9,6.5,54.0,1.0,3.0,9.0
"2026-05-15 02:37:21.98065","collector_002",24.4,51.0,0.0,22.6,12.9,6.5,54.0,1.0,3.0,9.0
"2026-05-15 02:42:22.844651","collector_002",24.3,50.0,0.0,22.5,12.8,6.5,54.0,1.0,3.0,9.0
"2026-05-15 02:47:23.79265","collector_002",24.1,51.2,0.0,22.5,12.8,6.5,54.0,1.0,3.0,9.0
"2026-05-15 02:52:24.585036","collector_002",24.1,51.6,0.0,22.4,12.8,6.5,54.0,1.0,3.0,9.0
"2026-05-15 02:57:25.559035","collector_002",23.6,53.6,0.0,22.4,12.8,6.5,54.0,1.0,3.0,9.0
"2026-05-15 03:02:26.344042","collector_002",23.9,52.1,0.0,22.2,12.8,6.5,54.0,1.0,3.0,9.0
"2026-05-15 03:07:27.166029","collector_002",23.6,53.6,0.0,22.2,12.8,6.5,54.0,1.0,3.0,9.0
"2026-05-15 03:12:27.980029","collector_002",23.6,52.9,0.0,22.1,12.6,6.5,54.0,1.0,3.0,9.0
"2026-05-15 03:17:28.848037","collector_002",23.2,54.2,0.0,22.0,12.6,6.5,54.0,1.0,3.0,9.0
"2026-05-15 03:22:29.736031","collector_002",23.7,52.8,0.0,21.9,12.5,6.5,53.0,1.0,3.0,9.0
"2026-05-15 03:27:30.587038","collector_002",23.2,54.2,0.0,21.8,12.5,6.5,53.0,1.0,3.0,9.0
"2026-05-15 03:32:31.499028","collector_002",23.4,54.4,0.0,21.8,12.5,6.5,53.0,1.0,3.0,9.0
"2026-05-15 03:37:32.41703","collector_002",22.8,56.1,0.0,21.7,12.5,6.5,53.0,1.0,3.0,9.0
"2026-05-15 03:42:33.309052","collector_002",22.7,56.6,0.0,21.6,12.5,6.5,53.0,1.0,3.0,9.0
"2026-05-15 03:47:34.407027","collector_002",22.9,55.7,0.0,21.5,12.3,6.5,53.0,1.0,3.0,9.0
"2026-05-15 03:52:35.309035","collector_002",23.1,55.8,0.0,21.5,12.3,6.5,53.0,1.0,3.0,9.0
"2026-05-15 03:57:36.228031","collector_002",23.1,55.4,0.0,21.4,12.3,6.5,53.0,1.0,3.0,9.0
"2026-05-15 04:02:37.095035","collector_002",22.9,55.4,0.0,21.3,12.3,6.5,53.0,1.0,3.0,9.0
"2026-05-15 04:07:38.160028","collector_002",22.5,57.7,0.0,21.3,12.3,6.5,53.0,1.0,3.0,9.0
"2026-05-15 04:12:38.887028","collector_002",22.5,57.5,0.0,21.2,12.3,6.5,53.0,1.0,3.0,9.0
"2026-05-15 04:17:39.954036","collector_002",22.9,55.9,0.0,21.2,12.3,6.5,53.0,1.0,3.0,9.0
"2026-05-15 04:22:40.831028","collector_002",23.0,55.7,0.0,21.1,12.3,6.5,53.0,1.0,3.0,9.0
"2026-05-15 04:27:41.889028","collector_002",23.2,54.8,0.0,21.1,12.3,6.5,53.0,1.0,3.0,9.0
"2026-05-15 04:32:42.825027","collector_002",23.0,55.1,0.0,21.0,12.3,6.5,53.0,1.0,3.0,9.0
"2026-05-15 04:37:43.672028","collector_002",23.1,54.9,0.0,21.0,12.3,6.5,53.0,1.0,3.0,9.0
"2026-05-15 04:42:44.608048","collector_002",23.1,54.8,0.0,20.9,12.3,6.5,53.0,1.0,3.0,9.0
"2026-05-15 04:47:45.414027","collector_002",23.3,54.5,0.0,20.9,12.3,6.5,53.0,1.0,3.0,9.0
"2026-05-15 04:52:46.345028","collector_002",23.6,52.9,0.0,20.9,12.3,6.5,52.0,1.0,3.0,9.0
"2026-05-15 04:57:47.544031","collector_002",23.2,54.1,1.0,20.9,12.3,6.5,52.0,1.0,3.0,9.0
"2026-05-15 05:02:48.567025","collector_002",23.2,54.1,1.0,20.9,12.3,6.5,52.0,1.0,3.0,9.0
"2026-05-15 05:07:49.852028","collector_002",23.1,54.6,3.0,20.9,12.3,6.5,52.0,1.0,3.0,9.0
"2026-05-15 05:12:51.24903","collector_002",23.0,55.0,7.0,20.8,12.3,6.5,52.0,1.0,3.0,9.0
"2026-05-15 05:17:52.631028","collector_002",23.1,54.8,16.0,20.8,12.3,6.5,52.0,1.0,3.0,9.0
"2026-05-15 05:22:53.870028","collector_002",22.8,55.5,30.0,20.8,12.2,6.5,52.0,1.0,3.0,9.0
"2026-05-15 05:27:55.28703","collector_002",23.1,54.1,56.0,20.7,12.2,6.5,52.0,1.0,3.0,9.0
"2026-05-15 05:32:56.718069","collector_002",22.3,56.7,92.0,20.7,12.2,6.5,52.0,1.0,3.0,9.0
"2026-05-15 05:37:57.954039","collector_002",22.8,55.2,142.0,20.7,12.2,6.5,52.0,1.0,3.0,9.0
"2026-05-15 05:42:59.590027","collector_002",22.4,56.5,201.0,20.7,12.2,6.5,52.0,1.0,3.0,9.0
"2026-05-15 05:48:01.020031","collector_002",22.4,56.6,267.0,20.6,12.2,6.5,52.0,1.0,3.0,9.0
"2026-05-15 05:53:02.370059","collector_002",22.4,56.4,340.0,20.6,12.2,6.5,52.0,1.0,3.0,9.0
"2026-05-15 05:58:03.755086","collector_002",21.8,58.7,420.0,20.6,12.2,6.5,52.0,1.0,3.0,9.0
"2026-05-15 06:03:05.164061","collector_002",21.6,59.5,509.0,20.6,12.1,6.5,52.0,1.0,3.0,9.0
"2026-05-15 06:08:06.619068","collector_002",21.5,60.1,603.0,20.5,12.1,6.5,52.0,1.0,3.0,9.0
"2026-05-15 06:13:07.9101","collector_002",21.8,58.9,699.0,20.5,12.1,6.5,52.0,1.0,3.0,9.0
"2026-05-15 06:18:09.215057","collector_002",21.9,58.9,787.0,20.5,12.1,6.5,52.0,1.0,3.0,9.0
"2026-05-15 06:23:10.464057","collector_002",22.3,57.6,875.0,20.5,12.2,6.5,52.0,1.0,3.0,9.0
"2026-05-15 06:28:11.969071","collector_002",22.0,58.6,962.0,20.5,12.1,6.5,52.0,1.0,3.0,9.0
"2026-05-15 06:33:13.62706","collector_002",22.3,57.4,1043.0,20.5,12.1,6.5,52.0,1.0,3.0,9.0
"2026-05-15 06:38:14.79906","collector_002",22.3,58.2,1125.0,20.6,12.1,6.5,52.0,1.0,3.0,9.0
"2026-05-15 06:43:16.018061","collector_002",22.3,58.4,1174.0,20.6,12.2,6.5,52.0,1.0,3.0,9.0
"2026-05-15 06:48:17.367073","collector_002",22.3,58.9,1235.0,20.6,12.1,6.5,52.0,1.0,3.0,9.0
"2026-05-15 06:53:18.734066","collector_002",22.8,55.5,1294.0,20.6,12.2,6.5,52.0,1.0,3.0,9.0
"2026-05-15 06:58:20.18606","collector_002",22.6,55.7,1358.0,20.7,12.2,6.5,52.0,1.0,3.0,9.0
"2026-05-15 07:03:21.755059","collector_002",22.7,56.3,1411.0,20.7,12.2,6.5,52.0,1.0,3.0,9.0
"2026-05-15 07:08:23.36909","collector_002",23.0,55.8,1453.0,20.7,12.2,6.5,52.0,1.0,3.0,9.0
"2026-05-15 07:13:24.817059","collector_002",23.1,54.8,1478.0,20.8,12.2,6.5,52.0,1.0,3.0,9.0
"2026-05-15 07:18:26.296059","collector_002",23.8,52.0,1507.0,20.9,12.2,6.5,52.0,1.0,3.0,9.0
"2026-05-15 07:23:27.724072","collector_002",23.5,53.0,1537.0,21.0,12.3,6.5,52.0,1.0,3.0,9.0
"2026-05-15 07:28:29.347054","collector_002",23.6,53.1,1565.0,21.0,12.3,6.5,52.0,1.0,3.0,9.0
"2026-05-15 07:33:31.030086","collector_002",23.8,52.8,1582.0,21.1,12.3,6.5,52.0,1.0,3.0,9.0
"2026-05-15 07:38:32.564068","collector_002",23.9,52.9,1591.0,21.2,12.3,6.5,52.0,1.0,3.0,9.0
"2026-05-15 07:43:33.965059","collector_002",23.9,53.0,1613.0,21.3,12.3,6.5,52.0,1.0,3.0,9.0
"2026-05-15 07:48:35.567087","collector_002",24.3,51.6,1597.0,21.3,12.3,6.5,52.0,1.0,3.0,9.0
"2026-05-15 07:53:37.223062","collector_002",24.2,52.4,1629.0,21.4,12.3,6.5,53.0,1.0,3.0,9.0
"2026-05-15 07:58:38.838085","collector_002",24.1,53.1,1630.0,21.5,12.3,6.5,53.0,1.0,3.0,9.0
"2026-05-15 08:03:40.487057","collector_002",24.3,52.4,1623.0,21.6,12.3,6.5,53.0,1.0,3.0,9.0
"2026-05-15 08:08:42.07008","collector_002",24.6,51.5,1611.0,21.7,12.3,6.5,53.0,1.0,3.0,9.0
"2026-05-15 08:13:43.577055","collector_002",24.8,50.6,1609.0,21.8,12.5,6.5,53.0,1.0,3.0,9.0
"2026-05-15 08:18:45.289079","collector_002",24.5,51.9,1604.0,21.9,12.3,6.5,53.0,1.0,3.0,9.0
"2026-05-15 08:23:46.836084","collector_002",24.5,51.7,1593.0,21.9,12.5,6.5,53.0,1.0,3.0,9.0
"2026-05-15 08:28:48.420067","collector_002",24.7,51.1,1606.0,22.0,12.5,6.5,53.0,1.0,3.0,9.0
"2026-05-15 08:33:49.946081","collector_002",24.8,50.4,1602.0,22.1,12.5,6.5,53.0,1.0,3.0,9.0
"2026-05-15 08:38:51.414058","collector_002",25.0,49.6,1602.0,22.2,12.5,6.5,53.0,1.0,3.0,9.0
"2026-05-15 08:43:53.07307","collector_002",25.0,48.9,1584.0,22.2,12.6,6.5,53.0,1.0,3.0,9.0
"2026-05-15 08:48:54.533069","collector_002",25.1,49.0,1556.0,22.4,12.5,6.5,53.0,1.0,3.0,9.0
"2026-05-15 08:53:56.269647","collector_002",25.0,49.0,1547.0,22.4,12.6,6.5,53.0,1.0,3.0,9.0
"2026-05-15 08:58:57.391654","collector_002",25.3,48.3,1526.0,22.5,12.6,6.5,53.0,1.0,3.0,9.0
"2026-05-15 09:03:58.920646","collector_002",25.1,47.9,1515.0,22.6,12.6,6.5,54.0,1.0,3.0,9.0
"2026-05-15 09:09:00.215693","collector_002",25.2,48.3,1504.0,22.6,12.6,6.5,54.0,1.0,3.0,9.0
"2026-05-15 09:14:01.405652","collector_002",25.3,47.9,1471.0,22.7,12.6,6.5,54.0,1.0,3.0,9.0
"2026-05-15 09:19:02.541671","collector_002",25.3,47.8,1469.0,22.8,12.6,6.5,54.0,1.0,3.0,9.0
"2026-05-15 09:24:03.743666","collector_002",25.4,46.9,1460.0,22.8,12.6,6.5,54.0,1.0,3.0,9.0
"2026-05-15 09:29:04.940649","collector_002",25.4,47.5,1463.0,22.9,12.6,6.5,54.0,1.0,3.0,9.0
"2026-05-15 09:34:06.25669","collector_002",25.4,46.7,1458.0,22.9,12.6,6.5,54.0,1.0,3.0,9.0
"2026-05-15 09:39:07.673676","collector_002",25.5,46.8,1455.0,23.0,12.6,6.5,54.0,1.0,3.0,9.0
"2026-05-15 09:44:08.94169","collector_002",25.5,47.1,1451.0,23.1,12.8,6.5,54.0,1.0,3.0,9.0
"2026-05-15 09:49:10.36568","collector_002",25.5,46.9,1450.0,23.1,12.8,6.5,54.0,1.0,3.0,9.0
"2026-05-15 09:54:11.942649","collector_002",25.6,46.8,1443.0,23.2,12.8,6.5,54.0,1.0,3.0,9.0
"2026-05-15 09:59:13.436652","collector_002",25.5,46.7,1436.0,23.2,12.8,6.5,54.0,1.0,3.0,9.0
"2026-05-15 10:04:14.642658","collector_002",25.6,46.3,1424.0,23.3,12.8,6.5,54.0,1.0,3.0,9.0
"2026-05-15 10:09:16.021665","collector_002",25.6,46.4,1418.0,23.3,12.8,6.5,54.0,1.0,3.0,9.0
"2026-05-15 10:14:17.323648","collector_002",25.6,46.0,1404.0,23.3,12.8,6.6,54.0,1.0,3.0,9.0
"2026-05-15 10:19:19.079682","collector_002",25.6,46.1,1403.0,23.4,12.8,6.6,54.0,1.0,3.0,9.0
"2026-05-15 10:24:20.425648","collector_002",25.6,45.8,1402.0,23.4,12.8,6.6,54.0,1.0,3.0,9.0
"2026-05-15 10:29:21.991698","collector_002",25.6,45.8,1390.0,23.4,12.6,6.6,54.0,1.0,3.0,9.0
"2026-05-15 10:34:23.436656","collector_002",25.6,45.1,1382.0,23.5,12.6,6.6,54.0,1.0,3.0,9.0
"2026-05-15 10:39:25.077649","collector_002",25.6,45.2,1375.0,23.5,12.6,6.6,54.0,1.0,3.0,9.0
"2026-05-15 10:44:26.704656","collector_002",25.7,45.2,1366.0,23.5,12.6,6.6,54.0,1.0,3.0,9.0
"2026-05-15 10:49:28.31169","collector_002",25.7,45.0,1359.0,23.6,12.6,6.6,54.0,1.0,3.0,9.0
"2026-05-15 10:54:29.657656","collector_002",25.6,44.9,1353.0,23.6,12.6,6.6,54.0,1.0,3.0,9.0
"2026-05-15 10:59:31.168678","collector_002",25.6,44.8,1348.0,23.6,12.8,6.6,54.0,1.0,3.0,9.0
"2026-05-15 11:04:32.680659","collector_002",25.6,44.5,1343.0,23.6,12.6,6.6,54.0,1.0,3.0,9.0
"2026-05-15 11:09:34.231678","collector_002",25.7,44.3,1339.0,23.6,12.8,6.6,54.0,1.0,3.0,9.0
"2026-05-15 11:14:35.77065","collector_002",25.7,44.3,1337.0,23.7,12.6,6.6,54.0,1.0,3.0,9.0
"2026-05-15 11:19:37.175662","collector_002",25.7,44.0,1329.0,23.7,12.6,6.6,54.0,1.0,3.0,9.0
"2026-05-15 11:24:38.447672","collector_002",25.9,43.6,1319.0,23.7,12.6,6.6,54.0,1.0,3.0,9.0
"2026-05-15 11:29:39.718656","collector_002",25.7,43.9,1320.0,23.7,12.6,6.6,54.0,1.0,3.0,9.0
"2026-05-15 11:34:41.105649","collector_002",25.8,43.8,1330.0,23.8,12.6,6.6,54.0,1.0,3.0,9.0
"2026-05-15 11:39:42.526645","collector_002",25.8,43.3,1338.0,23.8,12.6,6.6,54.0,1.0,3.0,9.0
"2026-05-15 11:44:43.889692","collector_002",25.8,43.5,1342.0,23.8,12.6,6.6,54.0,1.0,3.0,9.0
"2026-05-15 11:49:45.09569","collector_002",25.8,43.2,1348.0,23.8,12.6,6.6,54.0,1.0,3.0,9.0
"2026-05-15 11:54:46.511444","collector_002",25.9,43.1,1354.0,23.8,12.6,6.6,54.0,1.0,3.0,9.0
"2026-05-15 11:59:48.046461","collector_002",25.9,43.0,1363.0,23.8,12.6,6.6,54.0,1.0,3.0,9.0
"2026-05-15 12:04:49.444462","collector_002",25.9,43.0,1365.0,23.8,12.6,6.6,54.0,1.0,3.0,9.0
"2026-05-15 12:09:50.784437","collector_002",25.9,42.9,1359.0,23.9,12.6,6.6,54.0,1.0,3.0,9.0
"2026-05-15 12:14:52.031434","collector_002",26.0,43.0,1363.0,23.9,12.5,6.6,54.0,1.0,3.0,9.0
"2026-05-15 12:19:53.278445","collector_002",25.9,42.8,1373.0,23.9,12.6,6.6,54.0,1.0,3.0,9.0
"2026-05-15 12:24:54.572476","collector_002",25.9,42.8,1389.0,23.9,12.5,6.6,54.0,1.0,3.0,9.0
"2026-05-15 12:29:55.78945","collector_002",25.9,43.2,1399.0,23.9,12.5,6.6,54.0,1.0,3.0,9.0
"2026-05-15 12:34:56.997433","collector_002",26.0,42.7,1417.0,23.9,12.6,6.6,54.0,1.0,3.0,9.0
"2026-05-15 12:39:58.545493","collector_002",26.0,42.6,1420.0,24.0,12.5,6.6,54.0,1.0,3.0,9.0
"2026-05-15 12:44:59.979436","collector_002",26.0,42.5,1430.0,24.0,12.5,6.6,54.0,1.0,3.0,9.0
"2026-05-15 12:50:01.684472","collector_002",26.1,42.6,1422.0,24.0,12.5,6.6,54.0,1.0,3.0,9.0
"2026-05-15 12:55:03.150449","collector_002",26.1,42.4,1418.0,24.1,12.6,6.6,54.0,1.0,3.0,9.0
"2026-05-15 13:00:04.604433","collector_002",26.1,42.4,1429.0,24.1,12.5,6.6,54.0,1.0,3.0,9.0
"2026-05-15 13:05:06.138457","collector_002",26.2,42.5,1430.0,24.1,12.5,6.6,54.0,1.0,3.0,9.0
"2026-05-15 13:10:07.569435","collector_002",26.3,42.1,1414.0,24.1,12.5,6.6,54.0,1.0,3.0,9.0
"2026-05-15 13:15:09.19544","collector_002",26.3,42.4,1406.0,24.1,12.5,6.6,54.0,1.0,3.0,9.0
"2026-05-15 13:20:10.795442","collector_002",26.3,42.0,1404.0,24.2,12.5,6.6,55.0,1.0,3.0,9.0
"2026-05-15 13:25:12.579434","collector_002",26.3,41.9,1419.0,24.2,12.5,6.6,55.0,1.0,3.0,9.0
"2026-05-15 13:30:14.011449","collector_002",26.3,41.9,1430.0,24.2,12.5,6.6,55.0,1.0,3.0,9.0
"2026-05-15 13:35:15.361459","collector_002",26.3,41.9,1452.0,24.3,12.6,6.6,55.0,1.0,3.0,9.0
"2026-05-15 13:40:16.612446","collector_002",26.4,41.9,1473.0,24.3,12.6,6.6,55.0,1.0,3.0,9.0
"2026-05-15 13:45:17.893451","collector_002",26.4,41.9,1471.0,24.3,12.5,6.6,55.0,1.0,3.0,9.0
"2026-05-15 13:50:19.302474","collector_002",26.5,41.8,1467.0,24.4,12.5,6.6,55.0,1.0,3.0,9.0
"2026-05-15 13:55:20.668456","collector_002",26.5,41.7,1467.0,24.4,12.6,6.6,55.0,1.0,3.0,9.0
"2026-05-15 14:00:22.006432","collector_002",26.5,41.7,1470.0,24.4,12.5,6.6,55.0,1.0,3.0,9.0
"2026-05-15 14:05:23.357435","collector_002",26.5,41.6,1461.0,24.5,12.5,6.6,55.0,1.0,3.0,9.0
"2026-05-15 14:10:24.58644","collector_002",26.4,41.7,1454.0,24.5,12.5,6.6,55.0,1.0,3.0,9.0
"2026-05-15 14:15:25.839443","collector_002",26.3,41.8,1450.0,24.5,12.5,6.6,55.0,1.0,3.0,9.0
"2026-05-15 14:20:27.181455","collector_002",26.4,41.8,1438.0,24.5,12.5,6.6,55.0,1.0,3.0,9.0
"2026-05-15 14:25:28.649446","collector_002",26.4,41.7,1433.0,24.5,12.5,6.6,55.0,1.0,3.0,9.0
"2026-05-15 14:30:29.872438","collector_002",26.4,41.6,1434.0,24.5,12.3,6.6,55.0,1.0,3.0,9.0
"2026-05-15 14:35:31.206448","collector_002",26.5,41.3,1447.0,24.5,12.5,6.6,55.0,1.0,3.0,9.0
"2026-05-15 14:40:32.661442","collector_002",26.5,41.2,1443.0,24.5,12.3,6.6,54.0,1.0,3.0,9.0
"2026-05-15 14:45:34.039448","collector_002",26.5,41.5,1448.0,24.6,12.5,6.6,54.0,1.0,3.0,9.0
"2026-05-15 14:50:35.588449","collector_002",26.4,41.1,1456.0,24.6,12.3,6.6,54.0,1.0,3.0,9.0
"2026-05-15 14:55:36.931849","collector_002",26.7,41.3,1433.0,24.6,12.3,6.6,54.0,1.0,3.0,9.0
"2026-05-15 15:00:38.40587","collector_002",27.0,41.9,1443.0,24.6,12.3,6.6,54.0,1.0,3.0,9.0
"2026-05-15 15:05:39.973851","collector_002",26.8,42.0,1458.0,24.8,12.3,6.6,55.0,1.0,3.0,9.0
"2026-05-15 15:10:41.807858","collector_002",27.0,42.2,1467.0,24.9,12.3,6.6,55.0,1.0,3.0,9.0
"2026-05-15 15:15:43.339854","collector_002",26.8,42.7,1481.0,25.0,12.5,6.6,55.0,1.0,3.0,9.0
"2026-05-15 15:20:44.833847","collector_002",26.8,43.1,1486.0,25.0,12.5,6.6,55.0,1.0,3.0,9.0
"2026-05-15 15:25:20.831666","collector_002",27.2,43.6,1555.0,25.1,12.6,6.5,53.0,1.0,3.0,9.0
"2026-05-15 15:26:54.496827","collector_002",27.3,43.4,1678.0,25.1,12.6,6.5,53.0,1.0,3.0,9.0
"2026-05-15 15:28:01.124939","collector_002",27.2,43.6,1677.0,25.2,12.6,6.5,53.0,1.0,3.0,9.0
"2026-05-15 15:33:03.091889","collector_002",27.4,43.5,1672.0,25.2,12.6,6.5,53.0,1.0,3.0,9.0
"2026-05-15 15:34:23.517866","collector_002",27.3,43.8,1668.0,25.3,12.6,6.5,53.0,1.0,3.0,9.0
"2026-05-15 15:36:10.870946","collector_002",27.2,44.3,1665.0,25.3,12.6,6.5,53.0,1.0,3.0,9.0
"2026-05-15 17:09:24.702213","collector_002",21.8,53.9,641.0,22.1,17.6,6.0,196.0,8.0,13.0,32.0
"2026-05-15 17:11:14.316239","collector_002",22.3,51.6,631.0,22.1,17.6,6.0,196.0,8.0,13.0,32.0
"2026-05-15 17:16:20.972239","collector_002",23.3,50.5,481.0,22.0,17.8,6.1,227.0,10.0,15.0,37.0
"2026-05-15 17:21:23.57224","collector_002",23.5,50.0,397.0,22.0,17.8,6.0,229.0,10.0,16.0,37.0
"2026-05-15 17:26:28.862248","collector_002",23.7,49.8,402.0,22.0,17.8,6.0,230.0,10.0,16.0,37.0
"2026-05-15 17:31:30.999254","collector_002",24.0,50.5,402.0,22.1,17.8,6.0,231.0,10.0,16.0,37.0
"2026-05-15 17:36:32.940237","collector_002",24.1,50.2,402.0,22.1,17.9,6.0,232.0,10.0,16.0,37.0
"2026-05-15 17:41:34.76128","collector_002",24.4,50.6,400.0,22.2,17.9,6.0,233.0,10.0,16.0,38.0
"2026-05-15 17:46:37.466237","collector_002",24.5,50.8,397.0,22.3,17.9,6.1,235.0,10.0,16.0,38.0
"2026-05-15 17:51:40.016268","collector_002",24.6,51.1,392.0,22.3,17.9,6.1,235.0,10.0,16.0,38.0
"2026-05-15 17:56:41.763238","collector_002",24.8,50.4,386.0,22.4,17.9,6.1,237.0,11.0,16.0,38.0
"2026-05-15 18:01:43.732238","collector_002",24.8,50.8,378.0,22.5,17.9,6.1,237.0,11.0,16.0,38.0
"2026-05-15 18:06:46.002245","collector_002",24.9,51.0,364.0,22.6,17.9,6.1,239.0,11.0,16.0,38.0
"2026-05-15 18:11:48.168251","collector_002",25.1,51.0,352.0,22.7,17.9,6.1,240.0,11.0,16.0,39.0
"2026-05-15 18:16:50.509238","collector_002",25.0,50.7,336.0,22.7,17.9,6.0,241.0,11.0,16.0,39.0
"2026-05-15 18:21:52.114239","collector_002",25.1,50.4,318.0,22.8,17.9,6.0,242.0,11.0,17.0,39.0
"2026-05-15 18:26:54.251304","collector_002",25.1,50.2,298.0,22.9,17.9,6.0,242.0,11.0,17.0,39.0
"2026-05-15 18:29:36.523659","collector_002",27.3,45.8,846.0,22.6,30.9,5.8,479.0,23.0,33.0,77.0
"2026-05-15 18:31:56.315234","collector_002",25.2,50.9,277.0,22.9,17.9,6.0,243.0,11.0,17.0,39.0
"2026-05-15 18:34:43.969684","collector_002",27.2,45.8,806.0,22.8,28.8,5.9,461.0,22.0,32.0,74.0
"2026-05-15 18:36:59.461263","collector_002",25.2,52.7,252.0,23.0,18.0,6.0,244.0,11.0,17.0,39.0
"2026-05-15 18:39:45.351674","collector_002",27.1,46.0,728.0,22.9,28.0,5.9,451.0,21.0,31.0,72.0
"2026-05-15 18:42:02.085266","collector_002",25.2,50.1,227.0,23.1,17.9,6.0,245.0,11.0,17.0,39.0
"2026-05-15 18:44:46.47966","collector_002",27.1,46.0,636.0,23.1,27.7,5.8,443.0,21.0,31.0,71.0
"2026-05-15 18:47:04.966249","collector_002",23.9,52.4,298.0,23.1,18.0,6.0,245.0,11.0,17.0,39.0
"2026-05-15 18:49:47.595662","collector_002",27.0,45.8,546.0,23.2,27.4,5.9,434.0,20.0,30.0,70.0
"2026-05-15 18:52:08.601239","collector_002",22.3,54.3,271.0,23.0,17.9,6.0,244.0,11.0,17.0,39.0
"2026-05-15 18:54:48.99268","collector_002",27.0,45.9,458.0,23.3,27.2,5.9,426.0,20.0,29.0,68.0
"2026-05-15 18:57:31.595235","collector_002",21.7,54.3,237.0,22.9,17.9,6.0,243.0,11.0,17.0,39.0
"2026-05-15 18:59:50.370693","collector_002",26.9,45.7,377.0,23.4,26.9,5.9,419.0,20.0,29.0,67.0
"2026-05-15 19:02:47.732271","collector_002",21.5,52.9,208.0,22.7,17.9,6.0,242.0,11.0,17.0,39.0
"2026-05-15 19:04:51.78166","collector_002",26.9,45.5,303.0,23.5,26.7,5.9,412.0,19.0,28.0,66.0
"2026-05-15 19:08:07.225252","collector_002",21.8,55.4,83.0,22.5,17.8,6.0,240.0,11.0,16.0,39.0
"2026-05-15 19:09:52.909663","collector_002",26.8,45.7,237.0,23.6,26.6,5.9,406.0,19.0,28.0,65.0
"2026-05-15 19:13:45.600236","collector_002",22.4,57.4,60.0,22.3,17.8,6.0,238.0,11.0,16.0,38.0
"2026-05-15 19:14:54.053661","collector_002",26.7,45.4,178.0,23.7,26.3,5.9,401.0,19.0,28.0,64.0
"2026-05-15 19:18:59.474237","collector_002",21.7,56.7,41.0,22.2,17.8,6.0,238.0,11.0,16.0,38.0
"2026-05-15 19:19:55.188658","collector_002",26.6,45.5,127.0,23.7,26.1,5.9,395.0,18.0,27.0,63.0
"2026-05-15 19:24:07.089247","collector_002",21.9,56.4,27.0,22.1,17.8,6.0,237.0,11.0,16.0,38.0
"2026-05-15 19:24:56.572661","collector_002",26.4,45.7,83.0,23.8,26.0,6.1,388.0,18.0,27.0,62.0
"2026-05-15 19:29:14.463241","collector_002",21.7,55.3,16.0,22.0,17.8,6.1,236.0,10.0,16.0,38.0
"2026-05-15 19:29:57.702659","collector_002",26.5,45.4,51.0,23.8,25.8,6.1,383.0,18.0,26.0,62.0
"2026-05-15 19:34:21.839237","collector_002",21.7,53.8,8.0,21.8,17.8,6.1,234.0,10.0,16.0,38.0
"2026-05-15 19:34:58.835658","collector_002",26.3,46.0,28.0,23.8,25.6,6.0,378.0,18.0,26.0,61.0
"2026-05-15 19:39:28.389247","collector_002",21.7,53.1,5.0,21.7,17.8,6.1,233.0,10.0,16.0,38.0
"2026-05-15 19:39:59.987659","collector_002",26.3,46.1,16.0,23.8,25.5,6.1,373.0,17.0,26.0,60.0
"2026-05-15 19:44:34.502242","collector_002",21.5,51.9,3.0,21.6,17.7,6.1,232.0,10.0,16.0,37.0
"2026-05-15 19:45:01.128658","collector_002",26.0,46.4,7.0,23.8,25.4,6.1,369.0,17.0,25.0,59.0
"2026-05-15 19:49:41.375258","collector_002",21.2,52.1,2.0,21.5,17.7,6.1,231.0,10.0,16.0,37.0
"2026-05-15 19:50:02.515694","collector_002",26.0,46.3,3.0,23.8,25.3,5.9,364.0,17.0,25.0,58.0
"2026-05-15 19:54:46.985237","collector_002",21.5,53.5,2.0,21.4,17.7,6.1,232.0,10.0,16.0,37.0
"2026-05-15 19:55:03.64466","collector_002",25.9,46.6,2.0,23.8,25.2,6.1,359.0,17.0,25.0,58.0
"2026-05-15 19:59:53.095263","collector_002",22.2,54.0,1.0,21.4,17.7,6.1,231.0,10.0,16.0,37.0
"2026-05-15 20:00:04.791689","collector_002",25.7,46.8,1.0,23.8,25.1,5.9,355.0,16.0,24.0,57.0
"2026-05-15 20:04:58.718253","collector_002",21.3,55.3,1.0,21.3,17.7,6.1,231.0,10.0,16.0,37.0
"2026-05-15 20:05:05.923657","collector_002",25.7,47.0,0.0,23.8,25.0,6.0,351.0,16.0,24.0,56.0
"2026-05-15 20:10:07.012661","collector_002",25.9,46.6,0.0,23.8,24.9,6.1,347.0,16.0,24.0,56.0
"2026-05-15 20:10:04.092236","collector_002",21.6,56.0,1.0,21.2,17.7,6.1,230.0,10.0,16.0,37.0
"2026-05-15 20:15:07.887667","collector_002",25.5,47.5,0.0,23.7,24.8,5.9,343.0,16.0,24.0,55.0
"2026-05-15 20:15:10.161155","collector_002",22.6,54.1,1.0,21.2,17.7,6.1,229.0,10.0,16.0,37.0
"2026-05-15 20:20:08.996656","collector_002",25.3,48.2,0.0,23.7,24.7,5.9,339.0,16.0,23.0,54.0
"2026-05-15 20:20:16.724154","collector_002",22.2,55.1,1.0,21.2,17.7,6.1,229.0,10.0,16.0,37.0
"2026-05-15 20:25:10.09766","collector_002",25.6,47.4,1.0,23.6,24.7,5.9,336.0,16.0,23.0,54.0
"2026-05-15 20:25:22.380184","collector_002",21.1,56.3,1.0,21.2,17.7,6.1,229.0,10.0,16.0,37.0
"2026-05-15 20:30:10.963659","collector_002",25.4,47.0,0.0,23.6,24.5,5.9,332.0,15.0,23.0,53.0
"2026-05-15 20:30:27.800156","collector_002",21.9,55.7,1.0,21.1,17.7,6.1,227.0,10.0,15.0,37.0
"2026-05-15 20:35:12.065693","collector_002",25.2,46.9,0.0,23.5,24.5,5.8,328.0,15.0,23.0,53.0
"2026-05-15 20:35:33.938155","collector_002",22.6,55.0,1.0,21.1,17.7,6.1,227.0,10.0,15.0,37.0
"2026-05-15 20:40:13.181661","collector_002",25.6,46.9,0.0,23.5,24.4,6.0,325.0,15.0,22.0,52.0
"2026-05-15 20:40:41.604155","collector_002",21.8,55.6,1.0,21.1,17.7,6.1,227.0,10.0,15.0,37.0
"2026-05-15 20:45:14.286662","collector_002",25.3,47.3,0.0,23.5,24.4,5.9,323.0,15.0,22.0,52.0
"2026-05-15 20:45:49.501162","collector_002",21.6,54.8,1.0,21.1,17.7,6.1,227.0,10.0,15.0,37.0
"2026-05-15 20:50:15.400666","collector_002",25.6,46.9,0.0,23.4,24.3,5.9,320.0,15.0,22.0,51.0
"2026-05-15 20:50:55.911163","collector_002",22.6,52.9,1.0,21.1,17.7,6.1,227.0,10.0,15.0,37.0
"2026-05-15 20:55:16.50266","collector_002",25.2,47.9,0.0,23.4,24.3,5.9,317.0,15.0,22.0,51.0
"2026-05-15 20:56:01.831164","collector_002",23.1,52.3,1.0,21.1,17.7,6.1,227.0,10.0,15.0,37.0
"2026-05-15 21:00:17.358661","collector_002",24.8,48.8,0.0,23.3,24.1,6.1,312.0,14.0,21.0,50.0
"2026-05-15 21:01:08.242169","collector_002",23.4,51.9,1.0,21.1,17.7,6.1,227.0,10.0,15.0,37.0
"2026-05-15 21:05:18.464661","collector_002",24.8,48.4,0.0,23.3,24.1,5.9,309.0,14.0,21.0,50.0
"2026-05-15 21:06:14.888156","collector_002",23.6,51.5,1.0,21.2,17.8,6.1,229.0,10.0,16.0,37.0
"2026-05-15 21:10:19.565677","collector_002",24.6,49.1,0.0,23.2,24.0,5.8,305.0,14.0,21.0,49.0
"2026-05-15 21:11:21.038157","collector_002",23.7,51.3,1.0,21.3,17.8,6.1,229.0,10.0,16.0,37.0
"2026-05-15 21:15:20.695658","collector_002",24.8,48.8,0.0,23.2,24.0,6.2,303.0,14.0,21.0,49.0
"2026-05-15 21:16:26.712154","collector_002",23.8,51.0,1.0,21.4,17.8,6.1,230.0,10.0,16.0,37.0
"2026-05-15 21:20:22.065659","collector_002",24.7,48.9,0.0,23.1,23.9,6.2,299.0,14.0,21.0,48.0
"2026-05-15 21:21:33.610189","collector_002",23.9,50.9,1.0,21.4,17.8,6.1,231.0,10.0,16.0,37.0
"2026-05-15 21:25:23.194659","collector_002",24.9,48.4,0.0,23.0,23.9,6.0,297.0,14.0,20.0,48.0
"2026-05-15 21:26:40.020154","collector_002",24.0,51.1,1.0,21.5,17.8,6.1,232.0,10.0,16.0,37.0
"2026-05-15 21:30:24.279246","collector_002",25.0,48.3,0.0,23.0,23.8,5.9,295.0,13.0,20.0,47.0
"2026-05-15 21:31:46.163156","collector_002",24.0,50.9,1.0,21.6,17.8,6.1,233.0,10.0,16.0,38.0
"2026-05-15 21:35:25.416225","collector_002",24.7,49.2,0.0,23.0,23.8,5.9,292.0,13.0,20.0,47.0
"2026-05-15 21:36:50.546155","collector_002",24.1,50.9,1.0,21.7,17.8,6.1,233.0,10.0,16.0,38.0
"2026-05-15 21:40:26.527256","collector_002",24.9,48.5,0.0,22.9,23.8,5.9,290.0,13.0,20.0,47.0
"2026-05-15 21:41:55.444166","collector_002",24.1,51.2,1.0,21.8,17.9,6.1,235.0,10.0,16.0,38.0
"2026-05-15 21:45:27.643222","collector_002",24.5,49.9,0.0,22.9,23.6,5.9,287.0,13.0,20.0,46.0
"2026-05-15 21:47:00.604163","collector_002",24.2,50.9,1.0,21.8,17.9,6.1,235.0,10.0,16.0,38.0
"2026-05-15 21:50:28.734221","collector_002",24.4,50.5,0.0,22.8,23.6,5.8,284.0,13.0,19.0,46.0
"2026-05-15 21:52:05.758157","collector_002",24.2,51.0,1.0,21.9,17.9,6.1,235.0,10.0,16.0,38.0
"2026-05-15 21:55:29.84023","collector_002",24.5,50.3,0.0,22.8,23.5,5.8,282.0,13.0,19.0,45.0
"2026-05-15 21:57:10.901165","collector_002",24.3,51.3,1.0,22.0,17.9,6.1,237.0,11.0,16.0,38.0
"2026-05-15 22:00:30.962223","collector_002",24.1,51.4,1.0,22.7,23.5,5.8,279.0,13.0,19.0,45.0
"2026-05-15 22:02:16.78716","collector_002",24.3,51.0,1.0,22.1,17.9,6.1,237.0,11.0,16.0,38.0
"2026-05-15 22:05:31.831224","collector_002",24.2,51.6,0.0,22.7,23.5,6.1,276.0,12.0,19.0,44.0
"2026-05-15 22:07:21.591178","collector_002",24.3,53.3,1.0,22.1,17.9,6.1,239.0,11.0,16.0,38.0
"2026-05-15 22:10:32.943224","collector_002",24.3,51.3,0.0,22.6,23.4,6.1,274.0,12.0,19.0,44.0
"2026-05-15 22:12:26.987155","collector_002",24.4,51.6,1.0,22.2,17.9,6.1,239.0,11.0,16.0,38.0
"2026-05-15 22:15:34.064224","collector_002",24.0,52.3,0.0,22.6,23.4,6.1,271.0,12.0,19.0,44.0
"2026-05-15 22:17:32.907162","collector_002",24.4,51.3,1.0,22.3,17.9,6.1,240.0,11.0,16.0,39.0
"2026-05-15 22:20:35.173223","collector_002",24.5,50.3,0.0,22.5,23.4,6.1,270.0,12.0,19.0,43.0
"2026-05-15 22:22:37.820165","collector_002",24.4,51.5,1.0,22.3,17.9,6.1,240.0,11.0,16.0,39.0
"2026-05-15 22:25:36.293223","collector_002",24.6,50.3,0.0,22.5,23.3,6.0,269.0,12.0,18.0,43.0
"2026-05-15 22:27:43.201158","collector_002",24.5,51.0,1.0,22.4,17.9,6.1,241.0,11.0,16.0,39.0
"2026-05-15 22:30:37.408225","collector_002",24.4,50.8,1.0,22.5,23.3,6.1,267.0,12.0,18.0,43.0
"2026-05-15 22:32:48.076159","collector_002",24.5,50.8,1.0,22.5,17.9,6.1,242.0,11.0,17.0,39.0
"2026-05-15 22:35:38.504223","collector_002",24.1,51.5,0.0,22.4,23.3,6.2,265.0,12.0,18.0,43.0
"2026-05-15 22:37:53.972157","collector_002",24.6,50.8,1.0,22.5,17.9,6.1,242.0,11.0,17.0,39.0
"2026-05-15 22:40:39.617224","collector_002",24.4,51.3,0.0,22.4,23.3,6.2,264.0,12.0,18.0,42.0
"2026-05-15 22:43:00.165154","collector_002",24.6,50.7,1.0,22.6,17.9,6.1,243.0,11.0,17.0,39.0
"2026-05-15 22:45:40.728225","collector_002",23.9,52.8,1.0,22.4,23.2,6.3,262.0,12.0,18.0,42.0
"2026-05-15 22:48:05.79717","collector_002",24.6,51.4,1.0,22.6,17.9,6.1,243.0,11.0,17.0,39.0
"2026-05-15 22:50:41.842224","collector_002",23.9,53.0,1.0,22.4,23.2,6.2,260.0,12.0,18.0,42.0
"2026-05-15 22:53:11.182157","collector_002",24.6,51.9,1.0,22.7,17.9,6.1,244.0,11.0,17.0,39.0
"2026-05-15 22:55:42.954223","collector_002",23.8,53.9,1.0,22.3,23.1,6.2,258.0,12.0,18.0,42.0
"2026-05-15 22:58:16.810163","collector_002",24.6,56.1,1.0,22.7,17.9,6.1,244.0,11.0,17.0,39.0
"2026-05-15 23:00:44.069224","collector_002",24.0,52.8,1.0,22.2,23.1,6.2,256.0,11.0,18.0,41.0
"2026-05-15 23:03:23.21516","collector_002",24.6,51.8,1.0,22.7,17.9,6.1,244.0,11.0,17.0,39.0
"2026-05-15 23:05:45.188222","collector_002",23.8,53.3,1.0,22.2,23.1,6.2,254.0,11.0,17.0,41.0
"2026-05-15 23:08:28.348156","collector_002",24.6,54.5,1.0,22.8,17.9,6.1,245.0,11.0,17.0,39.0
"2026-05-15 23:10:46.335225","collector_002",23.8,53.3,1.0,22.1,23.0,6.3,251.0,11.0,17.0,40.0
"2026-05-15 23:13:33.682971","collector_002",24.7,51.6,1.0,22.8,17.9,6.1,246.0,11.0,17.0,40.0
"2026-05-15 23:15:47.459222","collector_002",23.8,53.2,0.0,22.1,23.0,6.1,250.0,11.0,17.0,40.0
"2026-05-15 23:18:39.798987","collector_002",24.7,52.0,1.0,22.9,17.9,6.1,247.0,11.0,17.0,40.0
"2026-05-15 23:20:48.58522","collector_002",23.6,54.0,0.0,22.0,23.0,6.1,248.0,11.0,17.0,40.0
"2026-05-15 23:23:45.948996","collector_002",24.7,51.3,1.0,22.9,17.9,6.1,247.0,11.0,17.0,40.0
"2026-05-15 23:25:49.705223","collector_002",23.6,54.5,0.0,22.0,23.0,6.1,246.0,11.0,17.0,40.0
"2026-05-15 23:28:51.123978","collector_002",24.7,51.3,1.0,22.9,17.9,6.1,248.0,11.0,17.0,40.0
"2026-05-15 23:30:50.834222","collector_002",23.5,54.3,0.0,21.9,22.9,6.2,244.0,11.0,17.0,39.0
"2026-05-15 23:33:55.499971","collector_002",24.7,53.8,1.0,23.0,17.9,6.1,248.0,11.0,17.0,40.0
"2026-05-15 23:35:51.956222","collector_002",23.4,55.0,0.0,21.9,22.9,6.2,242.0,11.0,17.0,39.0
"2026-05-15 23:39:00.872972","collector_002",24.7,51.9,1.0,23.0,17.9,6.1,248.0,11.0,17.0,40.0
"2026-05-15 23:40:53.090223","collector_002",23.5,54.5,0.0,21.9,22.9,6.0,240.0,11.0,16.0,39.0
"2026-05-15 23:44:09.349983","collector_002",24.7,51.4,1.0,23.1,17.9,6.1,250.0,11.0,17.0,40.0
"2026-05-15 23:45:54.248237","collector_002",24.3,52.3,0.0,21.8,22.9,6.0,240.0,11.0,16.0,39.0
"2026-05-15 23:49:14.715974","collector_002",24.8,53.3,1.0,23.1,17.9,6.1,250.0,11.0,17.0,40.0
"2026-05-15 23:50:55.375224","collector_002",24.0,52.7,0.0,21.8,22.9,6.1,239.0,11.0,16.0,38.0
"2026-05-15 23:54:20.096974","collector_002",24.8,51.5,1.0,23.1,17.9,6.1,250.0,11.0,17.0,40.0
"2026-05-15 23:55:56.512222","collector_002",24.4,51.9,0.0,21.8,22.8,6.0,238.0,11.0,16.0,38.0
"2026-05-15 23:59:24.727974","collector_002",24.8,51.6,1.0,23.1,17.9,6.1,250.0,11.0,17.0,40.0
"2026-05-16 00:00:57.401729","collector_002",23.8,53.9,0.0,21.8,22.8,6.1,237.0,11.0,16.0,38.0
"2026-05-16 00:04:30.134972","collector_002",24.8,51.1,1.0,23.2,18.0,6.1,251.0,11.0,17.0,40.0
"2026-05-16 00:05:58.523223","collector_002",23.8,53.5,0.0,21.8,22.7,6.1,235.0,10.0,16.0,38.0
"2026-05-16 00:09:35.257973","collector_002",24.9,51.2,1.0,23.2,18.0,6.1,251.0,11.0,17.0,40.0
"2026-05-16 00:10:59.694223","collector_002",23.5,54.7,0.0,21.8,22.7,6.1,234.0,10.0,16.0,38.0
"2026-05-16 00:14:40.385975","collector_002",24.9,52.1,1.0,23.2,17.9,6.1,251.0,11.0,17.0,40.0
"2026-05-16 00:16:00.823224","collector_002",23.4,54.8,0.0,21.7,22.7,6.1,232.0,10.0,16.0,37.0
"2026-05-16 00:19:46.516976","collector_002",24.9,52.6,1.0,23.3,18.0,6.1,252.0,11.0,17.0,41.0
"2026-05-16 00:21:01.981221","collector_002",23.5,54.9,0.0,21.7,22.7,6.2,232.0,10.0,16.0,37.0
"2026-05-16 00:24:51.213989","collector_002",24.9,51.7,1.0,23.3,17.9,6.1,252.0,11.0,17.0,41.0
"2026-05-16 00:26:03.140224","collector_002",23.6,54.3,0.0,21.7,22.7,6.2,230.0,10.0,16.0,37.0
"2026-05-16 00:29:56.343971","collector_002",24.9,51.9,1.0,23.3,18.0,6.1,252.0,11.0,17.0,41.0
"2026-05-16 00:31:04.238203","collector_002",23.5,55.1,0.0,21.7,22.7,6.2,229.0,10.0,16.0,37.0
"2026-05-16 00:35:00.920972","collector_002",24.9,54.3,1.0,23.4,18.0,6.1,252.0,11.0,17.0,41.0
"2026-05-16 00:36:05.366202","collector_002",23.4,55.2,0.0,21.6,22.7,6.1,227.0,10.0,15.0,37.0
"2026-05-16 00:40:06.037976","collector_002",24.9,53.4,1.0,23.4,18.0,6.1,253.0,11.0,17.0,41.0
"2026-05-16 00:41:06.484209","collector_002",23.4,55.2,0.0,21.6,22.6,6.2,226.0,10.0,15.0,36.0
"2026-05-16 00:45:10.914005","collector_002",24.9,52.4,1.0,23.4,18.0,6.1,253.0,11.0,17.0,41.0
"2026-05-16 00:46:07.613201","collector_002",23.4,55.0,0.0,21.6,22.6,6.3,225.0,10.0,15.0,36.0
"2026-05-16 00:50:15.800982","collector_002",24.9,54.0,1.0,23.5,18.0,6.1,254.0,11.0,17.0,41.0
"2026-05-16 00:51:08.749228","collector_002",23.6,54.5,0.0,21.6,22.5,6.0,224.0,10.0,15.0,36.0
"2026-05-16 00:55:20.677007","collector_002",24.9,51.5,1.0,23.5,18.0,6.1,254.0,11.0,17.0,41.0
"2026-05-16 00:56:09.878202","collector_002",23.7,54.2,0.0,21.6,22.5,6.0,223.0,10.0,15.0,36.0
"2026-05-16 01:00:25.553975","collector_002",25.0,51.3,1.0,23.5,18.0,6.1,254.0,11.0,17.0,41.0
"2026-05-16 01:01:11.007202","collector_002",23.8,54.2,1.0,21.5,22.5,6.0,222.0,10.0,15.0,36.0
"2026-05-16 01:05:34.682977","collector_002",25.0,52.2,1.0,23.5,18.0,6.1,255.0,11.0,17.0,41.0
"2026-05-16 01:06:11.892205","collector_002",24.0,53.3,0.0,21.5,22.5,6.1,221.0,10.0,15.0,36.0
"2026-05-16 01:10:39.553004","collector_002",25.0,51.9,1.0,23.5,18.0,6.1,255.0,11.0,17.0,41.0
"2026-05-16 01:11:13.039203","collector_002",23.7,54.1,0.0,21.5,22.5,6.0,219.0,10.0,15.0,35.0
"2026-05-16 01:15:44.427974","collector_002",25.0,52.2,1.0,23.6,18.0,6.1,255.0,11.0,17.0,41.0
"2026-05-16 01:16:14.207205","collector_002",24.2,52.6,0.0,21.5,22.5,5.9,219.0,10.0,15.0,35.0
"2026-05-16 01:20:48.792973","collector_002",25.0,51.4,1.0,23.6,18.0,6.1,255.0,11.0,17.0,41.0
"2026-05-16 01:21:15.355203","collector_002",24.8,50.6,0.0,21.5,22.5,6.0,219.0,10.0,15.0,35.0
"2026-05-16 01:25:53.168975","collector_002",25.0,52.1,1.0,23.6,18.0,6.1,255.0,11.0,17.0,41.0
"2026-05-16 01:26:16.502202","collector_002",24.6,51.2,0.0,21.5,22.5,6.0,219.0,10.0,15.0,35.0
"2026-05-16 01:30:58.039975","collector_002",25.0,51.2,1.0,23.6,18.0,6.1,255.0,11.0,17.0,41.0
"2026-05-16 01:31:17.659202","collector_002",24.9,50.4,0.0,21.6,22.5,5.9,219.0,10.0,15.0,35.0
"2026-05-16 01:36:02.684994","collector_002",25.0,51.2,1.0,23.6,18.0,6.1,255.0,11.0,17.0,41.0
"2026-05-16 01:36:18.806204","collector_002",24.6,51.2,1.0,21.6,22.4,5.8,218.0,10.0,15.0,35.0
"2026-05-16 01:41:07.067983","collector_002",25.0,51.3,1.0,23.6,18.0,6.1,255.0,11.0,17.0,41.0
"2026-05-16 01:41:19.936213","collector_002",24.4,52.0,0.0,21.6,22.4,6.0,218.0,10.0,15.0,35.0
"2026-05-16 01:46:11.420974","collector_002",25.1,52.4,1.0,23.7,18.0,6.1,255.0,11.0,17.0,41.0
"2026-05-16 01:46:21.068205","collector_002",24.5,51.5,1.0,21.6,22.4,5.9,217.0,10.0,15.0,35.0
"2026-05-16 01:51:15.819974","collector_002",25.1,50.9,1.0,23.7,18.0,6.1,256.0,11.0,18.0,41.0
"2026-05-16 01:51:22.209202","collector_002",24.4,51.9,1.0,21.6,22.4,6.1,216.0,9.0,15.0,35.0
"2026-05-16 01:56:23.091213","collector_002",24.1,52.6,1.0,21.5,22.4,6.0,215.0,9.0,15.0,35.0
"2026-05-16 01:56:20.175982","collector_002",25.1,52.5,1.0,23.7,18.0,6.1,256.0,11.0,18.0,41.0
"2026-05-16 02:01:23.974203","collector_002",24.5,51.5,1.0,21.5,22.4,6.1,214.0,9.0,15.0,34.0
"2026-05-16 02:06:25.109205","collector_002",24.5,51.5,0.0,21.5,22.4,6.1,213.0,9.0,15.0,34.0
"2026-05-16 02:06:28.648973","collector_002",25.1,51.6,1.0,23.8,18.0,6.1,256.0,11.0,18.0,41.0
"2026-05-16 02:11:25.948203","collector_002",24.7,51.1,1.0,21.5,22.3,6.1,212.0,9.0,14.0,34.0
"2026-05-16 02:11:32.998671","collector_002",25.1,50.9,1.0,23.8,18.0,6.1,256.0,11.0,18.0,41.0
"2026-05-16 02:16:27.138203","collector_002",24.5,51.4,1.0,21.5,22.3,6.2,211.0,9.0,14.0,34.0
"2026-05-16 02:16:38.146662","collector_002",25.1,51.8,1.0,23.8,18.0,6.1,256.0,11.0,18.0,41.0
"2026-05-16 02:21:27.990202","collector_002",24.1,52.5,0.0,21.5,22.3,5.7,210.0,9.0,14.0,34.0
"2026-05-16 02:21:44.019669","collector_002",25.1,51.6,1.0,23.8,18.0,6.1,257.0,12.0,18.0,41.0
"2026-05-16 02:26:29.1002","collector_002",24.4,51.7,0.0,21.4,22.3,5.8,209.0,9.0,14.0,34.0
"2026-05-16 02:26:48.157673","collector_002",25.1,52.7,1.0,23.8,18.0,6.1,257.0,12.0,18.0,41.0
"2026-05-16 02:31:30.204221","collector_002",24.4,51.7,0.0,21.4,22.3,5.8,208.0,9.0,14.0,34.0
"2026-05-16 02:31:53.051664","collector_002",25.1,50.8,1.0,23.8,18.0,6.1,257.0,12.0,18.0,41.0
"2026-05-16 02:36:31.303202","collector_002",24.4,51.6,0.0,21.4,22.2,6.1,207.0,9.0,14.0,33.0
"2026-05-16 02:36:57.713665","collector_002",25.1,52.9,1.0,23.8,18.0,6.1,257.0,12.0,18.0,41.0
"2026-05-16 02:41:32.413266","collector_002",24.4,51.9,1.0,21.4,22.2,6.0,206.0,9.0,14.0,33.0
"2026-05-16 02:42:02.105665","collector_002",25.1,51.9,1.0,23.8,18.0,6.1,257.0,12.0,18.0,41.0
"2026-05-16 02:46:33.520204","collector_002",24.0,52.7,1.0,21.3,22.2,6.1,205.0,9.0,14.0,33.0
"2026-05-16 02:47:06.508663","collector_002",25.1,51.5,1.0,23.9,18.0,6.1,257.0,12.0,18.0,41.0
"2026-05-16 02:51:34.64421","collector_002",24.1,52.5,1.0,21.3,22.2,6.1,204.0,9.0,14.0,33.0
"2026-05-16 02:52:10.926689","collector_002",25.1,50.7,1.0,23.9,18.0,6.1,257.0,12.0,18.0,41.0
"2026-05-16 02:56:35.745204","collector_002",24.0,52.8,0.0,21.2,22.2,6.1,203.0,9.0,14.0,33.0
"2026-05-16 02:57:15.069661","collector_002",25.1,52.2,1.0,23.9,18.0,6.1,257.0,12.0,18.0,41.0
"2026-05-16 03:01:37.08421","collector_002",24.0,52.7,0.0,21.2,22.1,5.9,202.0,9.0,14.0,33.0
"2026-05-16 03:02:19.702662","collector_002",25.1,52.2,1.0,23.9,18.0,6.1,257.0,12.0,18.0,41.0
"2026-05-16 03:06:38.191203","collector_002",24.0,52.7,1.0,21.2,22.1,6.0,200.0,9.0,14.0,32.0
"2026-05-16 03:07:23.837665","collector_002",25.1,51.6,1.0,23.9,18.0,6.1,257.0,12.0,18.0,41.0
"2026-05-16 03:11:39.349204","collector_002",24.0,52.9,0.0,21.1,22.1,5.9,199.0,9.0,14.0,32.0
"2026-05-16 03:12:28.236661","collector_002",25.1,51.5,1.0,23.9,18.0,6.1,257.0,12.0,18.0,41.0
"2026-05-16 03:16:40.203214","collector_002",23.9,53.0,0.0,21.1,22.1,5.8,199.0,9.0,14.0,32.0
"2026-05-16 03:17:33.696665","collector_002",25.1,51.5,1.0,23.9,18.0,6.1,257.0,12.0,18.0,41.0
"2026-05-16 03:21:41.30324","collector_002",24.0,52.8,0.0,21.1,22.1,5.8,199.0,9.0,14.0,32.0
"2026-05-16 03:22:38.580661","collector_002",25.1,50.9,1.0,23.9,18.0,6.1,257.0,12.0,18.0,41.0
"2026-05-16 03:26:42.440216","collector_002",24.1,52.6,1.0,21.0,22.1,6.1,199.0,9.0,14.0,32.0
"2026-05-16 03:27:42.719664","collector_002",25.1,51.7,1.0,23.9,18.0,6.1,257.0,12.0,18.0,41.0
"2026-05-16 03:31:43.520576","collector_002",24.1,52.9,0.0,21.0,22.1,6.2,199.0,9.0,14.0,32.0
"2026-05-16 03:32:47.121663","collector_002",25.2,51.7,1.0,23.9,18.0,6.1,257.0,12.0,18.0,41.0
"2026-05-16 03:36:44.636543","collector_002",23.3,55.0,0.0,21.0,22.1,5.8,198.0,9.0,13.0,32.0
"2026-05-16 03:37:51.545666","collector_002",25.2,51.9,1.0,23.9,18.0,6.1,257.0,12.0,18.0,41.0
"2026-05-16 03:41:45.810541","collector_002",24.0,53.0,0.0,20.9,22.0,6.0,198.0,9.0,13.0,32.0
"2026-05-16 03:42:56.43669","collector_002",25.1,51.2,1.0,24.0,18.0,6.1,257.0,12.0,18.0,41.0
"2026-05-16 03:46:46.916539","collector_002",24.2,52.4,0.0,20.9,22.0,5.8,198.0,9.0,13.0,32.0
"2026-05-16 03:48:00.339664","collector_002",25.1,50.5,1.0,24.0,18.0,6.1,257.0,12.0,18.0,41.0
"2026-05-16 03:51:48.018543","collector_002",24.0,52.8,0.0,20.8,22.0,5.9,197.0,9.0,13.0,32.0
"2026-05-16 03:53:04.720696","collector_002",25.1,51.8,1.0,24.0,18.0,6.1,258.0,12.0,18.0,42.0
"2026-05-16 03:56:49.380546","collector_002",24.1,52.4,0.0,20.8,22.0,5.8,197.0,9.0,13.0,32.0
"2026-05-16 03:58:08.607697","collector_002",25.1,51.4,1.0,24.0,18.0,6.1,259.0,12.0,18.0,42.0
"2026-05-16 04:01:50.474539","collector_002",23.9,53.1,0.0,20.8,22.0,6.0,197.0,9.0,13.0,32.0
"2026-05-16 04:03:13.027667","collector_002",25.1,50.9,1.0,24.0,18.0,6.1,258.0,12.0,18.0,42.0
"2026-05-16 04:06:51.579545","collector_002",23.9,53.0,0.0,20.7,22.0,5.9,197.0,9.0,13.0,32.0
"2026-05-16 04:08:17.632669","collector_002",25.1,51.3,1.0,24.0,18.0,6.1,259.0,12.0,18.0,42.0
"2026-05-16 04:11:52.696541","collector_002",23.5,54.1,0.0,20.7,21.9,6.0,196.0,8.0,13.0,32.0
"2026-05-16 04:13:22.028672","collector_002",25.1,51.7,1.0,24.0,18.0,6.1,259.0,12.0,18.0,42.0
"2026-05-16 04:16:53.823545","collector_002",23.6,53.9,0.0,20.7,21.9,6.1,196.0,8.0,13.0,32.0
"2026-05-16 04:18:26.158664","collector_002",25.1,51.8,1.0,24.0,18.0,6.1,259.0,12.0,18.0,42.0
"2026-05-16 04:21:54.975541","collector_002",23.8,53.3,0.0,20.6,21.9,6.0,196.0,8.0,13.0,32.0
"2026-05-16 04:23:31.045697","collector_002",25.1,51.0,1.0,24.0,18.0,6.1,258.0,12.0,18.0,42.0
"2026-05-16 04:26:56.095539","collector_002",24.0,52.6,1.0,20.6,21.9,6.0,196.0,8.0,13.0,32.0
"2026-05-16 04:28:35.455662","collector_002",25.2,51.7,1.0,24.0,18.0,6.1,259.0,12.0,18.0,42.0
"2026-05-16 04:31:57.225538","collector_002",23.6,53.9,0.0,20.6,21.8,6.0,195.0,8.0,13.0,31.0
"2026-05-16 04:33:40.856661","collector_002",25.2,50.5,1.0,24.0,18.0,6.1,259.0,12.0,18.0,42.0
"2026-05-16 04:36:58.33554","collector_002",23.6,53.8,1.0,20.6,21.8,6.0,195.0,8.0,13.0,31.0
"2026-05-16 04:38:45.770678","collector_002",25.2,51.5,1.0,24.0,18.0,6.1,258.0,12.0,18.0,42.0
"2026-05-16 04:41:59.46454","collector_002",23.7,53.5,1.0,20.5,21.8,6.0,195.0,8.0,13.0,31.0
"2026-05-16 04:43:50.684671","collector_002",25.2,50.9,1.0,24.0,18.0,6.1,258.0,12.0,18.0,42.0
"2026-05-16 04:47:00.56254","collector_002",23.6,53.9,1.0,20.5,21.8,6.1,195.0,8.0,13.0,31.0
"2026-05-16 04:48:54.572664","collector_002",25.1,50.6,1.0,24.0,18.0,6.1,258.0,12.0,18.0,42.0
"2026-05-16 04:52:01.925541","collector_002",23.4,54.3,1.0,20.5,21.8,6.1,195.0,8.0,13.0,31.0
"2026-05-16 04:53:59.712673","collector_002",25.2,50.6,1.0,24.0,18.0,6.2,258.0,12.0,18.0,42.0
"2026-05-16 04:57:03.290548","collector_002",23.9,53.1,2.0,20.4,21.8,6.1,194.0,8.0,13.0,31.0
"2026-05-16 04:59:04.796672","collector_002",25.2,50.7,1.0,24.0,18.0,6.1,258.0,12.0,18.0,42.0
"2026-05-16 05:02:04.420542","collector_002",23.7,53.3,3.0,20.4,21.8,6.1,194.0,8.0,13.0,31.0
"2026-05-16 05:04:10.024664","collector_002",25.2,50.4,1.0,24.0,18.0,6.1,258.0,12.0,18.0,42.0
"2026-05-16 05:07:05.51754","collector_002",22.6,56.8,6.0,20.4,21.8,6.2,194.0,8.0,13.0,31.0
"2026-05-16 05:09:15.167693","collector_002",25.2,50.3,2.0,24.0,18.0,6.1,258.0,12.0,18.0,42.0
"2026-05-16 05:12:06.669542","collector_002",22.6,57.0,13.0,20.4,21.8,6.2,194.0,8.0,13.0,31.0
"2026-05-16 05:14:21.262017","collector_002",25.2,51.4,3.0,24.0,18.0,6.1,258.0,12.0,18.0,42.0
"2026-05-16 05:17:07.784541","collector_002",21.9,59.5,25.0,20.4,21.8,6.2,194.0,8.0,13.0,31.0
"2026-05-16 05:19:26.399026","collector_002",25.2,51.3,3.0,24.0,18.0,6.1,258.0,12.0,18.0,42.0
"2026-05-16 05:22:08.904547","collector_002",22.4,57.6,46.0,20.3,21.8,6.3,193.0,8.0,13.0,31.0
"2026-05-16 05:24:31.86102","collector_002",25.2,51.6,6.0,24.1,18.0,6.1,258.0,12.0,18.0,42.0
"2026-05-16 05:27:10.028542","collector_002",22.1,59.0,80.0,20.3,21.8,6.4,193.0,8.0,13.0,31.0
"2026-05-16 05:29:38.003031","collector_002",25.2,51.5,9.0,24.1,18.0,6.1,258.0,12.0,18.0,42.0
"2026-05-16 05:32:11.150551","collector_002",22.0,59.2,129.0,20.3,21.8,6.4,193.0,8.0,13.0,31.0
"2026-05-16 05:34:43.652018","collector_002",25.2,50.4,13.0,24.0,18.0,6.1,258.0,12.0,18.0,42.0
"2026-05-16 05:37:12.281541","collector_002",22.2,58.4,192.0,20.2,21.7,6.4,193.0,8.0,13.0,31.0
"2026-05-16 05:39:50.029061","collector_002",25.2,50.8,19.0,24.1,18.0,6.2,258.0,12.0,18.0,42.0
"2026-05-16 05:42:13.405565","collector_002",21.9,59.7,267.0,20.2,21.7,6.4,192.0,8.0,13.0,31.0
"2026-05-16 05:44:56.909018","collector_002",25.2,51.8,27.0,24.0,18.0,6.2,258.0,12.0,18.0,42.0
"2026-05-16 05:47:14.554542","collector_002",22.0,59.4,348.0,20.2,21.7,6.4,192.0,8.0,13.0,31.0
"2026-05-16 05:50:04.033026","collector_002",25.2,51.2,33.0,24.1,18.0,6.2,259.0,12.0,18.0,42.0
"2026-05-16 05:52:15.68054","collector_002",22.1,59.2,436.0,20.2,21.7,6.5,192.0,8.0,13.0,31.0
"2026-05-16 05:55:10.421019","collector_002",25.2,52.1,41.0,24.1,18.0,6.2,259.0,12.0,18.0,42.0
"2026-05-16 05:57:16.80354","collector_002",22.0,59.5,521.0,20.1,21.7,6.5,192.0,8.0,13.0,31.0
"2026-05-16 06:00:16.294024","collector_002",25.2,51.4,49.0,24.1,18.0,6.2,259.0,12.0,18.0,42.0
"2026-05-16 06:02:17.925553","collector_002",22.0,59.6,607.0,20.1,21.7,6.5,192.0,8.0,13.0,31.0
"2026-05-16 06:05:23.06402","collector_002",25.2,52.2,57.0,24.1,18.0,6.2,259.0,12.0,18.0,42.0
"2026-05-16 06:07:19.080538","collector_002",22.1,59.3,686.0,20.1,21.6,6.5,192.0,8.0,13.0,31.0
"2026-05-16 06:10:31.190019","collector_002",25.2,51.6,65.0,24.1,18.0,6.2,259.0,12.0,18.0,42.0
"2026-05-16 06:12:20.45254","collector_002",22.7,57.5,764.0,20.1,21.6,6.4,192.0,8.0,13.0,31.0
"2026-05-16 06:15:38.869019","collector_002",25.2,51.5,72.0,24.1,18.0,6.2,259.0,12.0,18.0,42.0
"2026-05-16 06:17:21.823539","collector_002",22.2,59.1,837.0,20.2,21.6,6.4,191.0,8.0,13.0,31.0
"2026-05-16 06:20:45.992019","collector_002",25.2,50.5,78.0,24.1,18.0,6.2,259.0,12.0,18.0,42.0
"2026-05-16 06:22:23.202542","collector_002",22.1,59.1,907.0,20.2,21.6,6.3,191.0,8.0,13.0,31.0
"2026-05-16 06:25:52.62302","collector_002",25.2,50.6,85.0,24.1,18.0,6.2,259.0,12.0,18.0,42.0
"2026-05-16 06:27:24.578542","collector_002",22.0,59.9,968.0,20.2,21.6,6.3,191.0,8.0,13.0,31.0
"2026-05-16 06:30:59.760021","collector_002",25.2,51.4,90.0,24.1,18.0,6.1,259.0,12.0,18.0,42.0
"2026-05-16 06:32:25.669237","collector_002",22.0,59.2,1022.0,20.2,21.6,6.3,191.0,8.0,13.0,31.0
"2026-05-16 06:36:06.617022","collector_002",25.2,52.2,95.0,24.1,18.0,6.2,259.0,12.0,18.0,42.0
"2026-05-16 06:37:27.048237","collector_002",22.7,57.4,1110.0,20.2,21.6,6.2,191.0,8.0,13.0,31.0
